รหัสการสั่งซื้อ,สถานะการสั่งซื้อ,เลขที่คำสั่งซื้อ,เวลาที่สั่งซื้อ,เวลาที่สั่งซื้อสำเร็จ,เวลาคลิก,ชื่อร้านค้า,ID ร้านค้า,ประเภทของร้านค้า,รหัสรายการสินค้า,ชื่อรายการสินค้า,เลขที่ โมเดล,ประเภทสินค้า,เลขที่โปรโมชั่น,L1 หมวดหมู่สากล,L2 หมวดหมู่สากล,L3 หมวดหมู่สากล,ราคา(฿),จำนวน,ประเภทข้อเสนอ,พาร์ทเนอร์ในแคมเปญ,มูลค่าซื้อ(฿),จำนวนเงินคืน(฿),อัตราคอมมิชชั่นช้อปปี้ของสินค้า,ค่าคอมมิชชั่นของช้อปปี้ต่อชิ้น(฿),อัตราคอมมิชชั่นร้านค้าของสินค้า,ค่าคอมมิชชั่นของแบรนด์์ต่อชิ้น(฿),คอมมิชชั่นสินค้าโดยรวม(฿),คอมมิชชั่นคำสั่งซื้อจาก Shopee(฿),คอมมิชชั่นคำสั่งซื้อจากผู้ขาย(฿),คอมมิชชั่นคำสั่งซื้อโดยรวม(฿),ชื่อ MCN ที่ผูกไว้,รหัสสัญญา MCN,อัตราค่าบริการ MCN,ค่าบริการ MCN(฿),อัตราค่าคอมมิชชั่นของพาร์ทเนอร์ตามข้อตกลง,ค่าคอมมิชชั่นสุทธิ(฿),สถานะสินค้า Affiliate,หมายเหตุสินค้า,ประเภทการแจกจ่าย,สถานะของผู้ซื้อ,Sub_id1,Sub_id2,Sub_id3,Sub_id4,Sub_id5,ช่องทาง
2509091ECR7Y9D,รอดำเนินการ,211049820205052,2025-09-08 23:57:00,,2025-09-08 20:25:37,rebuy.th,54592636,Preferred(CB),43704372679,"ซื้อซ้ํา ตู้ปลากลมโปร่งใส, ชามปลาใสพลาสติก, ของตกแต่งบ้าน แบบพกพาสร้างสรรค์แสงหรูหราสก์ท็อปชามตู้ปลาบ้าน",295371052012,Normal Product,0_365694634373245_1,สัตว์เลี้ยง,อุปกรณ์สำหรับสัตว์เลี้ยง,ตู้ปลาและอุปกรณ์เสริม,91.29268,1,คอมมิชชั่นจากร้านค้า,,74.29268,,1.75%,1.30012,7.00%,0,1.30012,2.76499,0,2.76499,,0,0.00%,0,100.00%,2.76499,รอดำเนินการ,สถานะของสินค้านี้คือ อยู่ระหว่างดำเนินการ คอมมิชชั่นจะถูกคำนวณเพื่อจ่ายหลังสถานะเป็นสำเร็จแล้วเท่านั้น,คำสั่งซื้อจากร้านค้าต่างกัน,ที่มีอยู่,2599adboostco,paris,mng,m01PetKit0520,,Facebook
2509091ECR7Y9D,รอดำเนินการ,211049820205052,2025-09-08 23:57:00,,2025-09-08 20:25:37,rebuy.th,54592636,Preferred(CB),43704372679,"ซื้อซ้ํา ตู้ปลากลมโปร่งใส, ชามปลาใสพลาสติก, ของตกแต่งบ้าน แบบพกพาสร้างสรรค์แสงหรูหราสก์ท็อปชามตู้ปลาบ้าน",295371052011,Normal Product,0_365694634373245_1,สัตว์เลี้ยง,อุปกรณ์สำหรับสัตว์เลี้ยง,ตู้ปลาและอุปกรณ์เสริม,52.85365,2,คอมมิชชั่นจากร้านค้า,,83.70731,,1.75%,1.46487,7.00%,0,1.46487,0,0,0,,0,0.00%,0,100.00%,0,รอดำเนินการ,สถานะของสินค้านี้คือ อยู่ระหว่างดำเนินการ คอมมิชชั่นจะถูกคำนวณเพื่อจ่ายหลังสถานะเป็นสำเร็จแล้วเท่านั้น,คำสั่งซื้อจากร้านค้าต่างกัน,ที่มีอยู่,2599adboostco,paris,mng,m01PetKit0520,,Facebook
2509091ECR7Y9B,สำเร็จ,211049820205052,2025-09-08 23:57:00,2025-09-11 11:07:21,2025-09-08 20:25:37,ร้านวสันต์ อุปกรณ์ปลาสวยงาม,258953801,Preferred(Non-CB),8234165760,ใยแก้ว ใยกรองน้ำตู้ปลา บ่อปลา ใยกรองละเอียด มี 3 ขนาดให้เลือก,25052302102,Normal Product,,สัตว์เลี้ยง,อุปกรณ์สำหรับสัตว์เลี้ยง,ตู้ปลาและอุปกรณ์เสริม,8,3,คอมมิชชั่นจากร้านค้า,,21,,1.75%,0.3675,2.00%,0,0.3675,0.91,0,0.91,,0,0.00%,0,100.00%,0.91,สำเร็จ,,คำสั่งซื้อจากร้านค้าต่างกัน,ที่มีอยู่,2599adboostco,paris,mng,m01PetKit0520,,Facebook
2509091ECR7Y9B,สำเร็จ,211049820205052,2025-09-08 23:57:00,2025-09-11 11:07:21,2025-09-08 20:25:37,ร้านวสันต์ อุปกรณ์ปลาสวยงาม,258953801,Preferred(Non-CB),8234165760,ใยแก้ว ใยกรองน้ำตู้ปลา บ่อปลา ใยกรองละเอียด มี 3 ขนาดให้เลือก,25052302101,Normal Product,,สัตว์เลี้ยง,อุปกรณ์สำหรับสัตว์เลี้ยง,ตู้ปลาและอุปกรณ์เสริม,19,2,คอมมิชชั่นจากร้านค้า,,31,,1.75%,0.5425,2.00%,0,0.5425,0,0,0,,0,0.00%,0,100.00%,0,สำเร็จ,,คำสั่งซื้อจากร้านค้าต่างกัน,ที่มีอยู่,2599adboostco,paris,mng,m01PetKit0520,,Facebook
2509091ECDT5NN,รอดำเนินการ,211049809261339,2025-09-08 23:56:50,,2025-09-08 18:47:30,japannsugoi,184454905,Preferred(Non-CB),4800506370,[พร้อมส่ง⚡️แท้] DHC Vitamin B-MIX 60วัน (120เม็ด) บำรุงร่างกาย ป้องกันเหน็บชา ลดสิว รอยแดง,32141164051,Normal Product,,กลุ่มผลิตภัณฑ์เพื่อสุขภาพ,อาหารเสริม,อาหารเสริมเพื่อสุขภาพ,149,1,คอมมิชชั่นจาก Shopee,,121,,1.50%,1.815,0.00%,0,1.815,6.435,0,6.435,,0,0.00%,0,100.00%,6.435,รอดำเนินการ,สถานะของสินค้านี้คือ อยู่ระหว่างดำเนินการ คอมมิชชั่นจะถูกคำนวณเพื่อจ่ายหลังสถานะเป็นสำเร็จแล้วเท่านั้น,คำสั่งซื้อจากร้านค้าต่างกัน,ที่มีอยู่,2599adboostco,paris,mng,m01FahRain0805,,Facebook
2509091ECDT5NN,รอดำเนินการ,211049809261339,2025-09-08 23:56:50,,2025-09-08 18:47:30,japannsugoi,184454905,Preferred(Non-CB),7400562429,[พร้อมส่ง⚡️แท้] DHC Zinc สังกะสี 60วัน (60เม็ด) ลดสิว รักษาสุขภาพผิว ช่วยซ่อมแซมส่วนที่สึกหรอของร่างกาย,72141231763,Normal Product,,กลุ่มผลิตภัณฑ์เพื่อสุขภาพ,อาหารเสริม,อาหารเสริมเพื่อสุขภาพ,199,1,คอมมิชชั่นจาก Shopee,,158,,1.50%,2.37,0.00%,0,2.37,0,0,0,,0,0.00%,0,100.00%,0,รอดำเนินการ,สถานะของสินค้านี้คือ อยู่ระหว่างดำเนินการ คอมมิชชั่นจะถูกคำนวณเพื่อจ่ายหลังสถานะเป็นสำเร็จแล้วเท่านั้น,คำสั่งซื้อจากร้านค้าต่างกัน,ที่มีอยู่,2599adboostco,paris,mng,m01FahRain0805,,Facebook
2509091ECDT5NN,รอดำเนินการ,211049809261339,2025-09-08 23:56:50,,2025-09-08 18:47:30,japannsugoi,184454905,Preferred(Non-CB),9554299145,[พร้อมส่ง⚡️แท้] DHC VITAMIN C 60วัน (120เม็ด) วิตามินซี มีส่วนช่วยให้ผิวขาวใส ป้องกันหวัด,110195066654,Normal Product,,กลุ่มผลิตภัณฑ์เพื่อสุขภาพ,อาหารเสริม,อาหารเสริมเพื่อสุขภาพ,189,1,คอมมิชชั่นจาก Shopee,,150,,1.50%,2.25,0.00%,0,2.25,0,0,0,,0,0.00%,0,100.00%,0,รอดำเนินการ,สถานะของสินค้านี้คือ อยู่ระหว่างดำเนินการ คอมมิชชั่นจะถูกคำนวณเพื่อจ่ายหลังสถานะเป็นสำเร็จแล้วเท่านั้น,คำสั่งซื้อจากร้านค้าต่างกัน,ที่มีอยู่,2599adboostco,paris,mng,m01FahRain0805,,Facebook
2509091EC39GBV,รอดำเนินการ,211049798236478,2025-09-08 23:56:39,,2025-09-08 23:42:47,Terry Official Store,973865329,Shopee Mall(Non-CB),28117547513,Terry Moisture Blend Retinoid  Lip Balm SPF 50 PA++++ เธอร์รี่ ลิปบาล์ม ลิปบำลุงผิวปาก,195554613084,Normal Product,,ผลิตภัณฑ์บำรุงและเสริมความงาม,ผลิตภัณฑ์บำรุงบริเวณใบหน้า,ผลิตภัณฑ์บำรุงริมฝีปาก,199,1,คอมมิชชั่นจากร้านค้า,,160,,1.75%,2.8,7.00%,0,2.8,2.8,0,2.8,,0,0.00%,0,100.00%,2.8,รอดำเนินการ,สถานะของสินค้านี้คือ อยู่ระหว่างดำเนินการ คอมมิชชั่นจะถูกคำนวณเพื่อจ่ายหลังสถานะเป็นสำเร็จแล้วเท่านั้น,คำสั่งซื้อจากร้านค้าต่างกัน,ที่มีอยู่,m39Piafloss1210,tunis,mng,,,Websites
2509091EC39GBU,รอดำเนินการ,211049798236478,2025-09-08 23:56:39,,2025-09-08 23:42:47,The Ordinary Thailand Official Store,1414523656,Shopee Mall(Non-CB),24839594077,The Ordinary Glycolic Acid 7% Exfoliating Toner - 240mL | โทนเนอร์ผลัดเซลล์ผิว ผิวเรียบเนียน สีผิวแลดูสม่ำเสมอ,185653677087,Normal Product,,ผลิตภัณฑ์บำรุงและเสริมความงาม,ผลิตภัณฑ์บำรุงบริเวณใบหน้า,โทนเนอร์,770,1,คอมมิชชั่นจากร้านค้า,,615,,1.75%,10.7625,10.00%,0,10.7625,10.7625,0,10.7625,,0,0.00%,0,100.00%,10.7625,รอดำเนินการ,สถานะของสินค้านี้คือ อยู่ระหว่างดำเนินการ คอมมิชชั่นจะถูกคำนวณเพื่อจ่ายหลังสถานะเป็นสำเร็จแล้วเท่านั้น,คำสั่งซื้อจากร้านค้าต่างกัน,ที่มีอยู่,m39Piafloss1210,tunis,mng,,,Websites
2509091EB5PE83,รอดำเนินการ,211049767202073,2025-09-08 23:56:07,,2025-09-08 23:52:51,remitglory.th,127666299,Preferred(CB),27085417487,Remitglory อุปกรณ์การฝึกอบรม Carrier อุปกรณ์เสริม Hordles ฟุตบอลเก็บ Hurdle พกพาฟุตบอล Agility ชุดผ้าคอนเทนเนอร์ Wrapper TH,243333514799,Normal Product,,กีฬาและกิจกรรมกลางแจ้ง,อุปกรณ์เสริมสำหรับเล่นกีฬาและกิจกรรมกลางแจ้ง,อุปกรณ์ฝึกซ้อมกีฬา,19,6,คอมมิชชั่นจาก Shopee,,102,,1.75%,1.785,0.00%,0,1.785,1.785,0,1.785,,0,0.00%,0,100.00%,1.785,รอดำเนินการ,สถานะของสินค้านี้คือ อยู่ระหว่างดำเนินการ คอมมิชชั่นจะถูกคำนวณเพื่อจ่ายหลังสถานะเป็นสำเร็จแล้วเท่านั้น,คำสั่งซื้อจากร้านค้าต่างกัน,ที่มีอยู่,2599adboostco,paris,mng,m01jjshop0803,,Facebook
2509091E1A3FYG,รอดำเนินการ,211049436279527,2025-09-08 23:50:37,,2025-09-08 07:13:00,dobee·Home,201690299,Preferred(Non-CB),23772771306,เก้าอี้สำนักงานหนัง เก้าอี้ทำงาน  Office Chair ห้องประชุม ขาเหล็ก พนักพิงหลัง,231770265440,Normal Product,,เครื่องใช้ในบ้าน,เฟอร์นิเจอร์,เก้าอี้,450,1,คอมมิชชั่นจากร้านค้า,,352,,1.50%,5.28,4.00%,0,5.28,5.28,0,5.28,,0,0.00%,0,100.00%,5.28,รอดำเนินการ,สถานะของสินค้านี้คือ อยู่ระหว่างดำเนินการ คอมมิชชั่นจะถูกคำนวณเพื่อจ่ายหลังสถานะเป็นสำเร็จแล้วเท่านั้น,คำสั่งซื้อจากร้านค้าต่างกัน,ที่มีอยู่,2599adboostco,paris,mng,m01BMavk0821,,Facebook
2509091DWSJEMK,สำเร็จ,211049318278754,2025-09-08 23:48:39,2025-09-09 23:36:30,2025-09-08 15:07:24,Sunglasses,1220264,Preferred(Non-CB),516969248,Bausch & Lomb SofLens 59 คอนแทคเลนส์รายเดือน ส่วนลด อ่านรายละเอียด,125824972780,Normal Product,,กลุ่มผลิตภัณฑ์เพื่อสุขภาพ,ของใช้ส่วนตัว,ผลิตภัณฑ์เกี่ยวกับดวงตา,169,1,คอมมิชชั่นจาก Shopee,,143,,1.50%,2.145,0.00%,0,2.145,2.145,0,2.145,,0,0.00%,0,100.00%,2.145,สำเร็จ,,คำสั่งซื้อจากร้านค้าต่างกัน,ที่มีอยู่,2599adboostco,paris,mng,m01FahRain0805,,Facebook
2509091DWKTG4E,รอดำเนินการ,211049312255194,2025-09-08 23:48:32,,2025-09-08 22:46:44,WATER*SHOP,238389288,Preferred(Non-CB),40303305895,【ซื้อ 1 แถม 2】มาสคาร่าคิ้ว 3 มิติเนื้อครีมกันน้ำกันเหงื่อ คิ้วดูมีมิติ ธรรมชาติ พร้อมแปรงปัดคิ้ว ผลิตภัณฑ์แต่งหน้า,275272996147,Normal Product,,ผลิตภัณฑ์บำรุงและเสริมความงาม,เครื่องสําอาง,เครื่องสําอางสำหรับดวงตา,48,2,คอมมิชชั่นจาก Shopee,,86,,1.75%,1.505,0.00%,0,1.505,2.2575,0,2.2575,,0,0.00%,0,100.00%,2.2575,รอดำเนินการ,สถานะของสินค้านี้คือ อยู่ระหว่างดำเนินการ คอมมิชชั่นจะถูกคำนวณเพื่อจ่ายหลังสถานะเป็นสำเร็จแล้วเท่านั้น,คำสั่งซื้อจากร้านค้าต่างกัน,ที่มีอยู่,2599adboostco,paris,mng,m01Tik0803,,Facebook
2509091DWKTG4E,รอดำเนินการ,211049312255194,2025-09-08 23:48:32,,2025-09-08 22:46:44,WATER*SHOP,238389288,Preferred(Non-CB),40303305895,【ซื้อ 1 แถม 2】มาสคาร่าคิ้ว 3 มิติเนื้อครีมกันน้ำกันเหงื่อ คิ้วดูมีมิติ ธรรมชาติ พร้อมแปรงปัดคิ้ว ผลิตภัณฑ์แต่งหน้า,275272996150,Normal Product,,ผลิตภัณฑ์บำรุงและเสริมความงาม,เครื่องสําอาง,เครื่องสําอางสำหรับดวงตา,48,1,คอมมิชชั่นจาก Shopee,,43,,1.75%,0.7525,0.00%,0,0.7525,0,0,0,,0,0.00%,0,100.00%,0,รอดำเนินการ,สถานะของสินค้านี้คือ อยู่ระหว่างดำเนินการ คอมมิชชั่นจะถูกคำนวณเพื่อจ่ายหลังสถานะเป็นสำเร็จแล้วเท่านั้น,คำสั่งซื้อจากร้านค้าต่างกัน,ที่มีอยู่,2599adboostco,paris,mng,m01Tik0803,,Facebook
2509091DUABU1D,สำเร็จ,211049235227935,2025-09-08 23:47:15,2025-09-10 23:25:40,2025-09-08 23:36:02,Great Great,381248679,Preferred(Non-CB),19024720249,ครีมอาบน้ำ SHOKUBUTSU โชกุบุสซึ  Benice บีไนซ์ ครีมอาบน้ำกระชับผิว ชนิดถุงเติม  Shower Cream,191431627047,Normal Product,,ผลิตภัณฑ์บำรุงและเสริมความงาม,สบู่อาบน้ำและผลิตภัณฑ์ดูแลผิวกาย,สบู่ชำระผิวกาย,56,1,คอมมิชชั่นจากร้านค้า,,47,,1.75%,0.8225,7.00%,0,0.8225,2.6775,0,2.6775,,0,0.00%,0,100.00%,2.6775,สำเร็จ,,คำสั่งซื้อจากร้านค้าต่างกัน,ที่มีอยู่,2599adboostco,paris,mng,m01BMavk0821,,Facebook
2509091DUABU1D,สำเร็จ,211049235227935,2025-09-08 23:47:15,2025-09-10 23:25:40,2025-09-08 23:36:02,Great Great,381248679,Preferred(Non-CB),24073844596,6 ซอง Bio Treatment Cream กรีนไบโอ แชมพู & ทรีทเมนต์ ครีม 8 สูตร Green bio Treatment Cream,89544135894,Normal Product,,ผลิตภัณฑ์บำรุงและเสริมความงาม,ผลิตภัณฑ์ดูแลผม,ทรีทเม้นท์บำรุงเส้นผม,47,1,คอมมิชชั่นจากร้านค้า,,41,,1.75%,0.7175,7.00%,0,0.7175,0,0,0,,0,0.00%,0,100.00%,0,สำเร็จ,,คำสั่งซื้อจากร้านค้าต่างกัน,ที่มีอยู่,2599adboostco,paris,mng,m01BMavk0821,,Facebook
2509091DUABU1D,สำเร็จ,211049235227935,2025-09-08 23:47:15,2025-09-10 23:25:40,2025-09-08 23:36:02,Great Great,381248679,Preferred(Non-CB),25707926228,ไลฟ์ ลด 100 Sunsilk แชมพูซันซิล แพ็คคู่ (แชมพู+แชมพู / แชมพู+ครีมนวด ) ขนาด 300-400 มล.,245205872898,Normal Product,,ผลิตภัณฑ์บำรุงและเสริมความงาม,ผลิตภัณฑ์ดูแลผม,แชมพู,78,1,คอมมิชชั่นจากร้านค้า,,65,,1.75%,1.1375,7.00%,0,1.1375,0,0,0,,0,0.00%,0,100.00%,0,สำเร็จ,,คำสั่งซื้อจากร้านค้าต่างกัน,ที่มีอยู่,2599adboostco,paris,mng,m01BMavk0821,,Facebook
2509091DMNR35H,รอดำเนินการ,211049012284192,2025-09-08 23:43:33,,2025-09-08 23:32:38,i.n.x.shop,114139645,Preferred(Non-CB),24267214430,หมวกกันน็อคใช้ได้ทั้งหญิงและชาย หมวกกันนอคเต็ม  ใส่สบาย ระบายอากาส,59750995869,Normal Product,,รถมอเตอร์ไซค์ อะไหล่และอุปกรณ์เสริมมอเตอร์ไซค์,หมวกกันน็อคและอุปกรณ์สวมใส่สำหรับขับขี่,,365,1,คอมมิชชั่นจากร้านค้า,,292,,1.75%,5.11,10.00%,0,5.11,5.11,0,5.11,,0,0.00%,0,100.00%,5.11,รอดำเนินการ,สถานะของสินค้านี้คือ อยู่ระหว่างดำเนินการ คอมมิชชั่นจะถูกคำนวณเพื่อจ่ายหลังสถานะเป็นสำเร็จแล้วเท่านั้น,คำสั่งซื้อจากร้านค้าต่างกัน,ที่มีอยู่,2599adboostco,paris,mng,m01KFdika0520,,Facebook
2509091DGJ3EWR,รอดำเนินการ,211048874243469,2025-09-08 23:41:15,,2025-09-08 18:05:39,ตาตีมือ Official Store,923900789,Shopee Mall(Non-CB),23471745783,ตาตีมือ กระทะเหล็กเผาแล้ว รุ่นใหม่ EASY-COOK กระทะเหล็กเผา 34cm ไร้สารเคลือบ อบไนไตรดิ้งพิเศษ แบรนด์คนไทย,197508261444,Normal Product,,เครื่องใช้ในบ้าน,เครื่องครัว,กระทะ,590,1,คอมมิชชั่นจากร้านค้า,,435,,1.50%,6.525,7.00%,0,6.525,6.525,0,6.525,,0,0.00%,0,100.00%,6.525,รอดำเนินการ,สถานะของสินค้านี้คือ อยู่ระหว่างดำเนินการ คอมมิชชั่นจะถูกคำนวณเพื่อจ่ายหลังสถานะเป็นสำเร็จแล้วเท่านั้น,คำสั่งซื้อจากร้านค้าต่างกัน,ที่มีอยู่,2599adboostco,paris,mng,m01PetKit0520,,Facebook
2509091DGG5WUR,สำเร็จ,211048872224703,2025-09-08 23:41:12,2025-09-10 14:56:18,2025-09-08 22:12:17,Crush888,1158841579,C2C(Non-CB),25209432033,Crush💘ชุดนอนเซ็กซี่ ชุดแม่บ้านคอสเพลย์ ชุเซ็กซี่maid ชุดนแนไม่ได้นอน ชุดยั่วผัว 🛒พร้อมส่งจากไทย😍🥳🥳(LSTZ),148502465439,Normal Product,,เสื้อผ้าผู้หญิง,ชุดนอน,อื่นๆ,89,1,คอมมิชชั่นจากร้านค้า,,84,,1.50%,1.26,5.00%,0,1.26,1.26,0,1.26,,0,0.00%,0,100.00%,1.26,สำเร็จ,,คำสั่งซื้อจากร้านค้าต่างกัน,ที่มีอยู่,2599adboostco,paris,mng,m01jjshop0803,,Facebook
2509091DGG5WUQ,สำเร็จ,211048872224702,2025-09-08 23:41:12,2025-09-10 14:56:04,2025-09-08 22:12:17,SatinSleepwear,1211817595,C2C(Non-CB),24930342923,SatinSleepwear🤍🖤ถุงน่องตาข่ายลูกไม้เซ็กซี่ ถุงน่องสีดำสูง☁️☁️ราคาถูก ส่งจากไทยแลนด์ H8874,251289750310,Normal Product,,เสื้อผ้าผู้หญิง,ถุงเท้า และถุงน่อง,ถุงน่อง,29,1,คอมมิชชั่นจากร้านค้า,,29,,1.50%,0.435,7.00%,0,0.435,0.435,0,0.435,,0,0.00%,0,100.00%,0.435,สำเร็จ,,คำสั่งซื้อจากร้านค้าต่างกัน,ที่มีอยู่,2599adboostco,paris,mng,m01jjshop0803,,Facebook
2509091DDHT4H1,ยกเลิก,211048773271952,2025-09-08 23:39:34,--,2025-09-08 23:35:42,IP One Official Store,45222406,Shopee Mall(Non-CB),29733032547,ไฮยีน ผลิตภัณฑ์ปรับผ้านุ่ม สูตรมาตรฐาน 20 ลิตร จำนวน 1 แกลลอน,188413253487,Normal Product,,เครื่องใช้ในบ้าน,อุปกรณ์ซักรีดและผลิตภัณฑ์ดูแลบ้าน,ผลิตภัณฑ์ซักรีด,450,0,คอมมิชชั่นจากร้านค้า,,0,324,1.50%,0,7.00%,0,0,0,0,0,,0,0.00%,0,100.00%,0,ยกเลิก,คำสั่งซื้อไม่ถูกต้อง.,คำสั่งซื้อจากร้านค้าต่างกัน,ที่มีอยู่,2599adboostco,paris,mng,m01FahRain0805,,Facebook
2509091DDEWYV2,รอดำเนินการ,211048770256172,2025-09-08 23:39:31,,2025-09-08 21:33:47,Lotuss_official,144046792,Shopee Mall(Non-CB),22777858052,[ทั้งหมด 6 ถุง] บรีส เอกเซล น้ำยาซักผ้า สูตรเข้มข้น ขนาด 1300 มล./1350 มล. BREEZE EXCEL CONCENTRATED LIQUID DETERGENT,247066068952,Normal Product,,เครื่องใช้ในบ้าน,อุปกรณ์ซักรีดและผลิตภัณฑ์ดูแลบ้าน,ผลิตภัณฑ์ซักรีด,552,1,คอมมิชชั่นจากร้านค้า,,277,,1.50%,4.155,10.00%,0,4.155,4.155,0,4.155,,0,0.00%,0,100.00%,4.155,รอดำเนินการ,สถานะของสินค้านี้คือ อยู่ระหว่างดำเนินการ คอมมิชชั่นจะถูกคำนวณเพื่อจ่ายหลังสถานะเป็นสำเร็จแล้วเท่านั้น,คำสั่งซื้อจากร้านค้าต่างกัน,ที่มีอยู่,2599adboostco,paris,mng,m56Fazzi0830,,Facebook
2509091DDEXVGN,สำเร็จ,211048770287571,2025-09-08 23:39:30,2025-09-10 17:12:43,2025-09-08 23:37:48,happiness_mall,357933541,C2C(Non-CB),13615515649,สายนาฬิกาข้อมืออัจฉริยะ สายนาฬิกาสมาร์ทวอทช์ สำหรับ Xiaomi Mi Watch Lite,77368123611,Normal Product,,มือถือและอุปกรณ์เสริม,อุปกรณ์เสริม,อุปกรณ์เสริมอุปกรณ์สวมใส่,27,1,คอมมิชชั่นจากร้านค้า,,27,,1.50%,0.405,7.00%,0,0.405,0.795,0,0.795,,0,0.00%,0,100.00%,0.795,สำเร็จ,,คำสั่งซื้อจากร้านค้าต่างกัน,ที่มีอยู่,2599adboostco,paris,mng,m01FahRain0805,,Others
2509091DDEXVGN,สำเร็จ,211048770287571,2025-09-08 23:39:30,2025-09-10 17:12:43,2025-09-08 23:37:48,happiness_mall,357933541,C2C(Non-CB),13615515649,สายนาฬิกาข้อมืออัจฉริยะ สายนาฬิกาสมาร์ทวอทช์ สำหรับ Xiaomi Mi Watch Lite,77368123616,Normal Product,,มือถือและอุปกรณ์เสริม,อุปกรณ์เสริม,อุปกรณ์เสริมอุปกรณ์สวมใส่,26,1,คอมมิชชั่นจากร้านค้า,,26,,1.50%,0.39,7.00%,0,0.39,0,0,0,,0,0.00%,0,100.00%,0,สำเร็จ,,คำสั่งซื้อจากร้านค้าต่างกัน,ที่มีอยู่,2599adboostco,paris,mng,m01FahRain0805,,Others
2509091DBD2R0W,รอดำเนินการ,211048701203207,2025-09-08 23:38:21,,2025-09-08 23:36:16,ATC Michelin Accessories TH,786242394,Shopee Mall(Non-CB),25880374522,MICHELIN ใบปัดน้ำฝนโครงเหล็ก แพ็คเดี่ยว U-HOOK RainForce Wiper Blade (single pack 1 ชิ้น),240818851737,Normal Product,,รถยนต์ อะไหล่และอุปกรณ์เสริมรถยนต์,ชิ้นส่วนอะไหล่รถยนต์,ที่ปัดน้ำฝน และตัวชะล้าง,182,1,คอมมิชชั่นจากร้านค้า,,126,,1.75%,2.205,7.00%,8.82,11.025,3.9375,15.75,19.6875,,0,0.00%,0,100.00%,19.6875,รอดำเนินการ,สถานะของสินค้านี้คือ อยู่ระหว่างดำเนินการ คอมมิชชั่นจะถูกคำนวณเพื่อจ่ายหลังสถานะเป็นสำเร็จแล้วเท่านั้น,สั่งซื้อในร้านค้าเดียวกัน,ที่มีอยู่,2599adboostco,paris,mng,m01FahRain0805,,Facebook
2509091DBD2R0W,รอดำเนินการ,211048701203207,2025-09-08 23:38:21,,2025-09-08 23:36:16,ATC Michelin Accessories TH,786242394,Shopee Mall(Non-CB),25880374522,MICHELIN ใบปัดน้ำฝนโครงเหล็ก แพ็คเดี่ยว U-HOOK RainForce Wiper Blade (single pack 1 ชิ้น),240818851747,Normal Product,,รถยนต์ อะไหล่และอุปกรณ์เสริมรถยนต์,ชิ้นส่วนอะไหล่รถยนต์,ที่ปัดน้ำฝน และตัวชะล้าง,140,1,คอมมิชชั่นจากร้านค้า,,99,,1.75%,1.7325,7.00%,6.93,8.6625,0,0,0,,0,0.00%,0,100.00%,0,รอดำเนินการ,สถานะของสินค้านี้คือ อยู่ระหว่างดำเนินการ คอมมิชชั่นจะถูกคำนวณเพื่อจ่ายหลังสถานะเป็นสำเร็จแล้วเท่านั้น,สั่งซื้อในร้านค้าเดียวกัน,ที่มีอยู่,2599adboostco,paris,mng,m01FahRain0805,,Facebook
2509091D6EUS30,รอดำเนินการ,211048535297994,2025-09-08 23:35:35,,2025-09-08 06:18:36,iFashion Case,288260638,Preferred(Non-CB),44158440288,เคสโทรศัพท์ For iPhone 13 11 16 pro max Case iPhone 11 15 pro max 14 12 13 pro max Magnetic ตัวยึดเลนส์แบบมองไม่เห็น,224351230823,Normal Product,0_362888846328089_1,มือถือและอุปกรณ์เสริม,อุปกรณ์เสริม,เคสมือถือและแท็บเล็ต,32.96969,1,คอมมิชชั่นจากร้านค้า,,32.96969,,1.50%,0.49454,15.00%,0,0.49454,0.95999,0,0.95999,,0,0.00%,0,100.00%,0.95999,รอดำเนินการ,สถานะของสินค้านี้คือ อยู่ระหว่างดำเนินการ คอมมิชชั่นจะถูกคำนวณเพื่อจ่ายหลังสถานะเป็นสำเร็จแล้วเท่านั้น,คำสั่งซื้อจากร้านค้าต่างกัน,ที่มีอยู่,2599adboostco,paris,mng,m01KFdika0520,,Facebook
2509091D6EUS30,รอดำเนินการ,211048535297994,2025-09-08 23:35:35,,2025-09-08 06:18:36,iFashion Case,288260638,Preferred(Non-CB),44158440288,เคสโทรศัพท์ For iPhone 13 11 16 pro max Case iPhone 11 15 pro max 14 12 13 pro max Magnetic ตัวยึดเลนส์แบบมองไม่เห็น,224351230855,Normal Product,0_362888846328089_1,มือถือและอุปกรณ์เสริม,อุปกรณ์เสริม,เคสมือถือและแท็บเล็ต,31.0303,1,คอมมิชชั่นจากร้านค้า,,31.0303,,1.50%,0.46545,15.00%,0,0.46545,0,0,0,,0,0.00%,0,100.00%,0,รอดำเนินการ,สถานะของสินค้านี้คือ อยู่ระหว่างดำเนินการ คอมมิชชั่นจะถูกคำนวณเพื่อจ่ายหลังสถานะเป็นสำเร็จแล้วเท่านั้น,คำสั่งซื้อจากร้านค้าต่างกัน,ที่มีอยู่,2599adboostco,paris,mng,m01KFdika0520,,Facebook
2509091D693Y91,รอดำเนินการ,211048529274317,2025-09-08 23:35:29,,2025-09-08 13:19:48,รองเท้า.th,126792025,Preferred(CB),18479240547,Tikp รองเท้าแตะลําลอง ระบายอากาศ กันลื่น แฟชั่นสําหรับผู้ชาย ไซซ์ 39-45 0427,177627023547,Normal Product,,รองเท้าผู้ชาย,รองเท้าแตะ,รองเท้าแตะแบบสวม,255,1,คอมมิชชั่นจากร้านค้า,,226,,1.75%,3.955,12.00%,27.12,31.075,3.955,27.12,31.075,,0,0.00%,0,100.00%,31.075,รอดำเนินการ,สถานะของสินค้านี้คือ อยู่ระหว่างดำเนินการ คอมมิชชั่นจะถูกคำนวณเพื่อจ่ายหลังสถานะเป็นสำเร็จแล้วเท่านั้น,สั่งซื้อในร้านค้าเดียวกัน,ที่มีอยู่,2599adboostco,paris,mng,m01Tik0803,,Facebook
2509091D658TBS,รอดำเนินการ,211048525246803,2025-09-08 23:35:25,,2025-09-08 15:54:13,techItem,298961723,Preferred(Non-CB),5761405704,✅ไส้กรอง PP✅ ตรงรุ่นสำหรับ Sediment Filter (Water Filter) ขนาด 11 CM,71949956427,Normal Product,,เครื่องใช้ไฟฟ้าภายในบ้าน,เครื่องใช้ไฟฟ้าในครัว,เครื่องกรองน้ำ ตู้กดน้ำ,45,5,คอมมิชชั่นจากร้านค้า,,180,,1.50%,2.7,4.00%,0,2.7,2.7,0,2.7,,0,0.00%,0,100.00%,2.7,รอดำเนินการ,สถานะของสินค้านี้คือ อยู่ระหว่างดำเนินการ คอมมิชชั่นจะถูกคำนวณเพื่อจ่ายหลังสถานะเป็นสำเร็จแล้วเท่านั้น,คำสั่งซื้อจากร้านค้าต่างกัน,ที่มีอยู่,2599adboostco,paris,mng,m01kaofangMeow0303,,Facebook
2509091D4W6HCX,รอดำเนินการ,211048483227782,2025-09-08 23:34:43,,2025-09-08 06:16:35,KashiwaOutlet0.th,1387117323,Shopee Mall(CB),24889448082,KASHIWA รุ่น KW-112 เตาแก๊สปิคนิค เตาแก๊สพกพา เตาปิคนิค เตาแก๊ส มีตัวล็อกกระป๋องแก๊สเพื่อความปลอดภัย รับประกันศูนย์,237151078933,Normal Product,,เครื่องใช้ไฟฟ้าภายในบ้าน,เครื่องใช้ไฟฟ้าในครัว,"เตาฝัง, เตาแก็ส",294,1,คอมมิชชั่นจากร้านค้า,,211,,1.50%,3.165,4.00%,0,3.165,3.165,0,3.165,,0,0.00%,0,100.00%,3.165,รอดำเนินการ,สถานะของสินค้านี้คือ อยู่ระหว่างดำเนินการ คอมมิชชั่นจะถูกคำนวณเพื่อจ่ายหลังสถานะเป็นสำเร็จแล้วเท่านั้น,คำสั่งซื้อจากร้านค้าต่างกัน,ที่มีอยู่,2599adboostco,paris,mng,m56Fazzi0830,,Facebook
2509091D4U9WJG,รอดำเนินการ,211048481233760,2025-09-08 23:34:41,,2025-09-08 23:32:16,JJshop 888,347700833,Preferred(Non-CB),20273829574,"JJ shop 💜พร้อมส่ง ชุดบอดี้สูทลายลูกไม้เก๋ๆแต่งสายไขว้ข้างแอบเซ็กซี่ ""SS-5"" -H",137411523387,Normal Product,,เสื้อผ้าผู้หญิง,เสื้อ,บอดี้สูท,115,1,คอมมิชชั่นจากร้านค้า,,103,,1.50%,1.545,4.00%,4.12,5.665,1.545,4.12,5.665,,0,0.00%,0,100.00%,5.665,รอดำเนินการ,สถานะของสินค้านี้คือ อยู่ระหว่างดำเนินการ คอมมิชชั่นจะถูกคำนวณเพื่อจ่ายหลังสถานะเป็นสำเร็จแล้วเท่านั้น,สั่งซื้อในร้านค้าเดียวกัน,ที่มีอยู่,2599adboostco,paris,mng,m01jjshop0803,,Facebook
2509091D3XP85R,รอดำเนินการ,211048451234752,2025-09-08 23:34:12,,2025-09-08 19:41:06,KPK888,296212293,C2C(Non-CB),7462939121,กางเกงขายาว กางเกงทำงาน4XL 5XL 6XL 7XL 8xl  9xl เอว28-48 ไซส์ใหญ่ ผ้ายืดเกาหลี กางเกงสาวอวบ สินค้าพร้อมส่ง.,61826287348,Normal Product,,เสื้อผ้าผู้หญิง,กางเกง,กางเกงขายาว,110,1,คอมมิชชั่นจาก Shopee,,93,,1.50%,1.395,0.00%,0,1.395,1.395,0,1.395,,0,0.00%,0,100.00%,1.395,รอดำเนินการ,สถานะของสินค้านี้คือ อยู่ระหว่างดำเนินการ คอมมิชชั่นจะถูกคำนวณเพื่อจ่ายหลังสถานะเป็นสำเร็จแล้วเท่านั้น,คำสั่งซื้อจากร้านค้าต่างกัน,ที่มีอยู่,2599adboostco,paris,mng,m01Tik0803,,Facebook
2509091D15Y550,รอดำเนินการ,211048358203074,2025-09-08 23:32:38,,2025-09-08 23:15:43,Plantnery Official,261911756,Shopee Mall(Non-CB),11512002829,Plantnery Aloe Vera Soothing Gel 280 ml เจลว่านหางจระเข้ อโล เวล่า ซูทติ้งเจล สกัดจากว่านหางจระเข้,35981661931,Normal Product,,ผลิตภัณฑ์บำรุงและเสริมความงาม,ผลิตภัณฑ์บำรุงบริเวณใบหน้า,มอยส์เจอร์ไรเซอร์บำรุงผิวหน้า,79,1,คอมมิชชั่นจากร้านค้า,,79,,1.75%,1.3825,7.00%,0,1.3825,1.3825,0,1.3825,,0,0.00%,0,100.00%,1.3825,รอดำเนินการ,สถานะของสินค้านี้คือ อยู่ระหว่างดำเนินการ คอมมิชชั่นจะถูกคำนวณเพื่อจ่ายหลังสถานะเป็นสำเร็จแล้วเท่านั้น,คำสั่งซื้อจากร้านค้าต่างกัน,ที่มีอยู่,2599adboostco,paris,mng,m01YPf0821,,Facebook
2509091CWA2ARP,รอดำเนินการ,211048228282232,2025-09-08 23:30:29,,2025-09-08 23:27:10,Mcwalk Sandals specialty store,1237390719,C2C(Non-CB),29584717541,MCWALK|รองเท้าแตะ|EVA|กันลื่นสูง|สำหรับห้องแล็บ|แห้งเร็ว|ปลอดภัย,224159623902,Normal Product,,รองเท้าผู้ชาย,รองเท้าแตะ,รองเท้าแตะแบบสวม,345,1,คอมมิชชั่นจากร้านค้า,,310,,1.75%,5.425,16.00%,0,5.425,5.425,0,5.425,,0,0.00%,0,100.00%,5.425,รอดำเนินการ,สถานะของสินค้านี้คือ อยู่ระหว่างดำเนินการ คอมมิชชั่นจะถูกคำนวณเพื่อจ่ายหลังสถานะเป็นสำเร็จแล้วเท่านั้น,คำสั่งซื้อจากร้านค้าต่างกัน,ที่มีอยู่,2599adboostco,paris,mng,m01Tik0803,,Facebook
2509091CVEBMN3,รอดำเนินการ,211048199227866,2025-09-08 23:29:59,,2025-09-08 14:30:59,Gold Fish Toys Shop,1487252801,Preferred(Non-CB),42600313876,🚚จัดส่ง 8 ชั่วโมง🚚ถุงมือทาครีม ทาโลชั่น ใช้ซ้ำได้ ใช้ทาแทนมือเพื่อให้ผิวได้เรียบเนียน สม่ำเสมอมากยิ่งขึ้น ไม่เลอะมือ,290263436503,Normal Product,,ผลิตภัณฑ์บำรุงและเสริมความงาม,เครื่องมือแต่งหน้า,อุปกรณ์แต่งหน้า,36,1,คอมมิชชั่นจากร้านค้า,,35,,1.75%,0.6125,7.00%,0,0.6125,0.6125,0,0.6125,,0,0.00%,0,100.00%,0.6125,รอดำเนินการ,สถานะของสินค้านี้คือ อยู่ระหว่างดำเนินการ คอมมิชชั่นจะถูกคำนวณเพื่อจ่ายหลังสถานะเป็นสำเร็จแล้วเท่านั้น,คำสั่งซื้อจากร้านค้าต่างกัน,ที่มีอยู่,2599adboostco,paris,mng,m01BMavk0821,,Facebook
2509091CT6UDSE,สำเร็จ,211048124242933,2025-09-08 23:28:45,2025-09-11 12:51:56,2025-09-08 16:36:43,Camping Squad Mr.X,1083218536,C2C(CB),24669774534,Shah Festival บอร์ดเตาแมงมุม IGT 0.5 ยูนิต พร้อมที่พักแขน อุปกรณ์เสริมโต๊ะ,245504418909,Normal Product,,กีฬาและกิจกรรมกลางแจ้ง,อุปกรณ์เล่นกีฬาและกิจกรรมกลางแจ้ง,อุปกรณ์ตั้งแคมป์และเดินป่า,639,1,คอมมิชชั่นจากร้านค้า,,488,,1.75%,8.54,4.00%,0,8.54,8.54,0,8.54,,0,0.00%,0,100.00%,8.54,สำเร็จ,,คำสั่งซื้อจากร้านค้าต่างกัน,ที่มีอยู่,2599adboostco,paris,mng,m02Rooftop0706,,Facebook
2509091CR278BG,รอดำเนินการ,211048052284887,2025-09-08 23:27:33,,2025-09-08 20:09:11,owire Official store,296293942,Shopee Mall(Non-CB),42501107235,บลูทูธรถยนต์ เสียบช่อง Wireless Bluetooth Receiver 5.3 USB สำหรับฟังเพลงบนรถยนต์,248425878028,Normal Product,,รถยนต์ อะไหล่และอุปกรณ์เสริมรถยนต์,อุปกรณ์เสริมภายในรถยนต์,หัวชาร์จ USB และบลูทูธในรถยนต์,103,1,คอมมิชชั่นจากร้านค้า,,87,,1.75%,1.5225,7.00%,0,1.5225,1.5225,0,1.5225,,0,0.00%,0,100.00%,1.5225,รอดำเนินการ,สถานะของสินค้านี้คือ อยู่ระหว่างดำเนินการ คอมมิชชั่นจะถูกคำนวณเพื่อจ่ายหลังสถานะเป็นสำเร็จแล้วเท่านั้น,คำสั่งซื้อจากร้านค้าต่างกัน,ที่มีอยู่,2599adboostco,paris,mng,m02Rooftop0706,,Facebook
2509091CPW0BXE,รอดำเนินการ,211048013256616,2025-09-08 23:26:54,,2025-09-08 23:21:45,ของรักของข้า,645582259,Preferred(Non-CB),27830536038,แกนล้อสนามเรียบ.forza 350 . Xmax 300.(ราคาต่อ 1 อัน),296330403270,Normal Product,,รถมอเตอร์ไซค์ อะไหล่และอุปกรณ์เสริมมอเตอร์ไซค์,ชิ้นส่วนอะไหล่มอเตอร์ไซค์,ล้อมอเตอร์ไซค์และอุปกรณ์เสริม,269,1,คอมมิชชั่นจากร้านค้า,,242,,1.75%,4.235,7.00%,0,4.235,4.235,0,4.235,,0,0.00%,0,100.00%,4.235,รอดำเนินการ,สถานะของสินค้านี้คือ อยู่ระหว่างดำเนินการ คอมมิชชั่นจะถูกคำนวณเพื่อจ่ายหลังสถานะเป็นสำเร็จแล้วเท่านั้น,คำสั่งซื้อจากร้านค้าต่างกัน,ที่มีอยู่,2599adboostco,paris,mng,m01KFdika0520,,Facebook
2509091CK0YBC8,รอดำเนินการ,211047883205421,2025-09-08 23:24:43,,2025-09-08 23:11:12,Shopee Choice Thailand,1200824394,Preferred(Non-CB),28176101349,หมวกกันน็อค Space Crown รุ่น VISION หมวกกันน็อคเต็มใบ สีดำด้าน ไซส์ M,233798576246,Normal Product,,รถมอเตอร์ไซค์ อะไหล่และอุปกรณ์เสริมมอเตอร์ไซค์,หมวกกันน็อคและอุปกรณ์สวมใส่สำหรับขับขี่,,268,1,คอมมิชชั่นจาก Shopee,,214,,1.75%,3.745,0.00%,0,3.745,3.745,0,3.745,,0,0.00%,0,100.00%,3.745,รอดำเนินการ,สถานะของสินค้านี้คือ อยู่ระหว่างดำเนินการ คอมมิชชั่นจะถูกคำนวณเพื่อจ่ายหลังสถานะเป็นสำเร็จแล้วเท่านั้น,คำสั่งซื้อจากร้านค้าต่างกัน,ที่มีอยู่,2599adboostco,paris,mng,m01BMavk0821,,Facebook
2509091CHP4D6U,รอดำเนินการ,211047838279232,2025-09-08 23:23:59,,2025-09-08 22:37:00,หมูสามตัว หนังสือเด็ก,12079213,Preferred(Non-CB),5815065426,5000 คำศัพท์ -- เล่มยีราฟ // ใช้กับปากกาพูดได้ได้ (ราคาไม่รวมปากกา),32146826852,Normal Product,,หนังสือและนิตยสาร,หนังสือ,หนังสือภาษาและพจนานุกรม,212,1,คอมมิชชั่นจาก Shopee,,169,,1.50%,2.535,0.00%,0,2.535,2.535,0,2.535,,0,0.00%,0,100.00%,2.535,รอดำเนินการ,สถานะของสินค้านี้คือ อยู่ระหว่างดำเนินการ คอมมิชชั่นจะถูกคำนวณเพื่อจ่ายหลังสถานะเป็นสำเร็จแล้วเท่านั้น,คำสั่งซื้อจากร้านค้าต่างกัน,ที่มีอยู่,2599adboostco,paris,mng,m56Fazzi0830,,Facebook
2509091CDW0JJN,สำเร็จ,211047711277288,2025-09-08 23:21:52,2025-09-09 16:09:58,2025-09-08 22:55:01,Watsons Official Store,31092295,Shopee Mall(Non-CB),29610808993,CeraVe เซราวี เอสเอ สมูทติ้ง คลีนเซอร์ 473 มล. แพ็คคู่,157457030823,Normal Product,,ผลิตภัณฑ์บำรุงและเสริมความงาม,ผลิตภัณฑ์บำรุงบริเวณใบหน้า,ผลิตภัณฑ์ทำความสะอาดใบหน้า,1245,1,คอมมิชชั่นจาก Shopee,,1008,,1.75%,17.64,0.00%,0,17.64,17.64,0,17.64,,0,0.00%,0,100.00%,17.64,สำเร็จ,,คำสั่งซื้อจากร้านค้าต่างกัน,ที่มีอยู่,2599adboostco,paris,mng,m56Fazzi0830,,Facebook
2509091CDMDYBD,รอดำเนินการ,211047702272680,2025-09-08 23:21:42,,2025-09-08 20:47:28,thousand_one.th,1327169458,C2C(CB),27477405112,Tuya WiFi PIR Motion Sensor สมาร์ทโฮม Human Body เครื่องตรวจจับอินฟราเรดความปลอดภัย Smart Life Works,188246634049,Normal Product,0_350240729661870_1,เครื่องใช้ไฟฟ้าภายในบ้าน,แผงวงจรและ อะไหล่,สัญญานเตือนภัยบ้าน,177.66666,3,คอมมิชชั่นจาก Shopee,,387,,1.50%,5.805,0.00%,0,5.805,5.805,0,5.805,,0,0.00%,0,100.00%,5.805,รอดำเนินการ,สถานะของสินค้านี้คือ อยู่ระหว่างดำเนินการ คอมมิชชั่นจะถูกคำนวณเพื่อจ่ายหลังสถานะเป็นสำเร็จแล้วเท่านั้น,คำสั่งซื้อจากร้านค้าต่างกัน,ที่มีอยู่,2599adboostco,paris,mng,m02Rooftop0706,,Facebook
2509091CAUNVFY,สำเร็จ,211047609212862,2025-09-08 23:20:09,2025-09-10 21:04:27,2025-09-08 22:00:02,KS Beauty Online,53817250,Preferred(Non-CB),8035996414,สมุนไพรว่าน 5 0 0  แบบกล่อง มี30เม็ด,34581657654,Normal Product,,กลุ่มผลิตภัณฑ์เพื่อสุขภาพ,เครื่องมือและอุปกรณ์ในการดูแลสุขภาพ,ยาแผนโบราณ,70,6,คอมมิชชั่นจาก Shopee,,420,,1.50%,6.3,0.00%,0,6.3,6.3,0,6.3,,0,0.00%,0,100.00%,6.3,สำเร็จ,,คำสั่งซื้อจากร้านค้าต่างกัน,ที่มีอยู่,2599adboostco,paris,mng,m56ProwaVDO0905,,Facebook
2509091C8P2GSS,รอดำเนินการ,211047536228336,2025-09-08 23:18:56,,2025-09-08 15:52:38,BILLYBIKESHOP,319649157,C2C(Non-CB),24976008763,(อ่านรายละเอียดก่อนกดสั่งสินค้า) ใส่ได้เฉพาะรุ่นของทางร้าน!! ชิวหมวกกันน็อคทั้งแบบใสและแบบปรอท สวยๆ อะไหล่หมวก AXK,222719434468,Normal Product,,รถมอเตอร์ไซค์ อะไหล่และอุปกรณ์เสริมมอเตอร์ไซค์,หมวกกันน็อคและอุปกรณ์สวมใส่สำหรับขับขี่,,69,1,คอมมิชชั่นจากร้านค้า,,69,,1.75%,1.2075,4.00%,0,1.2075,1.2075,0,1.2075,,0,0.00%,0,100.00%,1.2075,รอดำเนินการ,สถานะของสินค้านี้คือ อยู่ระหว่างดำเนินการ คอมมิชชั่นจะถูกคำนวณเพื่อจ่ายหลังสถานะเป็นสำเร็จแล้วเท่านั้น,คำสั่งซื้อจากร้านค้าต่างกัน,ที่มีอยู่,2599adboostco,paris,mng,m01KFdika0520,,Facebook
2509091C70NAP1,สำเร็จ,211047480223882,2025-09-08 23:18:00,2025-09-10 10:39:05,2025-09-08 22:52:25,QQPET STORE,1114298457,C2C(Non-CB),27910403251,QQPET เสื่อทรงกลมสำหรับสัตว์เลี้ยง สองสไตล์ สามขนาด หนาและอุ่น,226742250489,Normal Product,,สัตว์เลี้ยง,อุปกรณ์สำหรับสัตว์เลี้ยง,เฟอร์นิเจอร์สัตว์เลี้ยง,65,1,คอมมิชชั่นจากร้านค้า,,65,,1.75%,1.1375,7.00%,0,1.1375,1.1375,0,1.1375,,0,0.00%,0,100.00%,1.1375,สำเร็จ,,คำสั่งซื้อจากร้านค้าต่างกัน,ที่มีอยู่,2599adboostco,paris,mng,m01kaofangMeow0303,,Facebook
2509091C5HX6PR,รอดำเนินการ,211047431229833,2025-09-08 23:17:11,,2025-09-08 18:51:58,NanoMed Official Store,32464744,Shopee Mall(Non-CB),449123825,NanoMed เจลประคบเย็น-ร้อน เข้าเวฟได้โดยตรง แช่ฟรีสไม่แข็งเป็นก้อน แถมถุงผ้า+ซองเก็บ ลดปวดลดบวม 3ไซซ์,95277637470,Normal Product,,กลุ่มผลิตภัณฑ์เพื่อสุขภาพ,เครื่องมือและอุปกรณ์ในการดูแลสุขภาพ,อุปกรณ์ปฐมพยาบาล,114,2,คอมมิชชั่นจากร้านค้า,,205,,1.50%,3.075,7.00%,0,3.075,3.075,0,3.075,,0,0.00%,0,100.00%,3.075,รอดำเนินการ,สถานะของสินค้านี้คือ อยู่ระหว่างดำเนินการ คอมมิชชั่นจะถูกคำนวณเพื่อจ่ายหลังสถานะเป็นสำเร็จแล้วเท่านั้น,คำสั่งซื้อจากร้านค้าต่างกัน,ที่มีอยู่,2599adboostco,paris,mng,m02Rooftop0623,,Facebook
2509091C3VGQGQ,สำเร็จ,211047375218261,2025-09-08 23:16:15,2025-09-10 17:14:00,2025-09-08 07:16:38,QMiss 88,191552132,Preferred(Non-CB),24861552594,📌พร้อมส่ง📌 ชุดกีฬาสไตล์ลำลองสำหรับเด็ก แขนสั้น ระบายอากาศได้ดี 🎊🎊,222494751911,Normal Product,,กีฬาและกิจกรรมกลางแจ้ง,เสื้อผ้ากีฬา,ชุดกีฬาเด็ก,56,1,คอมมิชชั่นจาก Shopee,,56,,1.75%,0.98,0.00%,0,0.98,2.94,0,2.94,,0,0.00%,0,100.00%,2.94,สำเร็จ,,คำสั่งซื้อจากร้านค้าต่างกัน,ที่มีอยู่,2599adboostco,paris,mng,m56Fazzi0830,,Facebook
2509091C3VGQGQ,สำเร็จ,211047375218261,2025-09-08 23:16:15,2025-09-10 17:14:00,2025-09-08 07:16:38,QMiss 88,191552132,Preferred(Non-CB),24861552594,📌พร้อมส่ง📌 ชุดกีฬาสไตล์ลำลองสำหรับเด็ก แขนสั้น ระบายอากาศได้ดี 🎊🎊,222494751895,Normal Product,,กีฬาและกิจกรรมกลางแจ้ง,เสื้อผ้ากีฬา,ชุดกีฬาเด็ก,56,1,คอมมิชชั่นจาก Shopee,,56,,1.75%,0.98,0.00%,0,0.98,0,0,0,,0,0.00%,0,100.00%,0,สำเร็จ,,คำสั่งซื้อจากร้านค้าต่างกัน,ที่มีอยู่,2599adboostco,paris,mng,m56Fazzi0830,,Facebook
2509091C3VGQGQ,สำเร็จ,211047375218261,2025-09-08 23:16:15,2025-09-10 17:14:00,2025-09-08 07:16:38,QMiss 88,191552132,Preferred(Non-CB),24861552594,📌พร้อมส่ง📌 ชุดกีฬาสไตล์ลำลองสำหรับเด็ก แขนสั้น ระบายอากาศได้ดี 🎊🎊,222494751899,Normal Product,,กีฬาและกิจกรรมกลางแจ้ง,เสื้อผ้ากีฬา,ชุดกีฬาเด็ก,56,1,คอมมิชชั่นจาก Shopee,,56,,1.75%,0.98,0.00%,0,0.98,0,0,0,,0,0.00%,0,100.00%,0,สำเร็จ,,คำสั่งซื้อจากร้านค้าต่างกัน,ที่มีอยู่,2599adboostco,paris,mng,m56Fazzi0830,,Facebook
2509091C1EAQEX,รอดำเนินการ,211047293227731,2025-09-08 23:14:54,,2025-09-08 23:08:19,mallinmall.th,173876508,Shopee Mall(CB),40406246268,Monja 9 สี/กล่องเล็บ UV gel เจล ภาพวาดเจล Quick Dry No-wipe สี Gradient เปลี่ยน เล็บออกแบบตกแต่ง,260522901111,Normal Product,,ผลิตภัณฑ์บำรุงและเสริมความงาม,ผลิตภัณฑ์ดูแลมือเท้าและเล็บ,ผลิตภัณฑ์ดูแลเล็บ,106,1,คอมมิชชั่นจากร้านค้า,,85,,1.75%,1.4875,7.00%,0,1.4875,1.4875,0,1.4875,,0,0.00%,0,100.00%,1.4875,รอดำเนินการ,สถานะของสินค้านี้คือ อยู่ระหว่างดำเนินการ คอมมิชชั่นจะถูกคำนวณเพื่อจ่ายหลังสถานะเป็นสำเร็จแล้วเท่านั้น,คำสั่งซื้อจากร้านค้าต่างกัน,ที่มีอยู่,2599adboostco,paris,mng,m01KFdika0520,,Facebook
2509091C0QFD8U,รอดำเนินการ,211047269262726,2025-09-08 23:14:30,,2025-09-08 21:39:40,MTech Electronics,31592992,Preferred(Non-CB),5055841302,ลูกบิดเตาแก๊ส ใช้ได้กับทุกรุ่น สินค้ามีพร้อมส่งทุกวัน,200775864017,Normal Product,,เครื่องใช้ไฟฟ้าภายในบ้าน,เครื่องใช้ไฟฟ้าในครัว,"เตาฝัง, เตาแก็ส",60,1,คอมมิชชั่นจากร้านค้า,,60,,1.50%,0.9,8.00%,0,0.9,0.9,0,0.9,,0,0.00%,0,100.00%,0.9,รอดำเนินการ,สถานะของสินค้านี้คือ อยู่ระหว่างดำเนินการ คอมมิชชั่นจะถูกคำนวณเพื่อจ่ายหลังสถานะเป็นสำเร็จแล้วเท่านั้น,คำสั่งซื้อจากร้านค้าต่างกัน,ที่มีอยู่,2599adboostco,paris,mng,m56Fazzi0830,,Facebook
2509091BVC6W93,รอดำเนินการ,211047123239433,2025-09-08 23:12:03,,2025-09-08 22:49:06,Pinocci Network Store,120936268,Preferred(CB),21220590980,ที่ชาร์จ USB QC3.0 PD Type C พร้อมซ็อกเก็ตสวิตช์ สําหรับรถยนต์ เรือ รถจักรยานยนต์ รถบรรทุก รถบัส SUV 12V 24V,145098899761,Normal Product,,รถยนต์ อะไหล่และอุปกรณ์เสริมรถยนต์,อุปกรณ์เสริมภายในรถยนต์,หัวชาร์จ USB และบลูทูธในรถยนต์,232,1,คอมมิชชั่นจากร้านค้า,,181,,1.75%,3.1675,5.00%,0,3.1675,3.1675,0,3.1675,,0,0.00%,0,100.00%,3.1675,รอดำเนินการ,สถานะของสินค้านี้คือ อยู่ระหว่างดำเนินการ คอมมิชชั่นจะถูกคำนวณเพื่อจ่ายหลังสถานะเป็นสำเร็จแล้วเท่านั้น,คำสั่งซื้อจากร้านค้าต่างกัน,ที่มีอยู่,2599adboostco,paris,mng,m56ProwaVDO0905,,Facebook
2509091BQ8630W,รอดำเนินการ,211046951231274,2025-09-08 23:09:11,,2025-09-08 19:24:11,อู่มีชัย 1968,28286130,Preferred(Non-CB),19476579409,ชุดหุ้มเบาะรถยนต์แบบสวมทับเบาะเดิม รุ่นเดอะคราวน์,108017185696,Normal Product,,รถยนต์ อะไหล่และอุปกรณ์เสริมรถยนต์,อุปกรณ์เสริมภายในรถยนต์,เบาะหุ้มและอุปกรณ์,1700,1,คอมมิชชั่นจากร้านค้า,,1360,,1.75%,23.8,10.00%,0,23.8,23.8,0,23.8,,0,0.00%,0,100.00%,23.8,รอดำเนินการ,สถานะของสินค้านี้คือ อยู่ระหว่างดำเนินการ คอมมิชชั่นจะถูกคำนวณเพื่อจ่ายหลังสถานะเป็นสำเร็จแล้วเท่านั้น,คำสั่งซื้อจากร้านค้าต่างกัน,ที่มีอยู่,2599adboostco,paris,mng,m01jjshop0803,,Facebook
2509091BMK9NHH,รอดำเนินการ,211046862221246,2025-09-08 23:07:43,,2025-09-08 23:01:42,Bark a Bike,51072233,Preferred(Non-CB),24507696760,หมวกกันน็อค INDEX รุ่น Dunk New โลโก้ใหม่ ดีไซน์เรียบหรู,226237578285,Normal Product,,รถมอเตอร์ไซค์ อะไหล่และอุปกรณ์เสริมมอเตอร์ไซค์,หมวกกันน็อคและอุปกรณ์สวมใส่สำหรับขับขี่,,480,1,คอมมิชชั่นจาก Shopee,,432,,1.75%,7.56,0.00%,0,7.56,7.56,0,7.56,,0,0.00%,0,100.00%,7.56,รอดำเนินการ,สถานะของสินค้านี้คือ อยู่ระหว่างดำเนินการ คอมมิชชั่นจะถูกคำนวณเพื่อจ่ายหลังสถานะเป็นสำเร็จแล้วเท่านั้น,คำสั่งซื้อจากร้านค้าต่างกัน,ที่มีอยู่,2599adboostco,paris,mng,m56ProwaVDO0905,,Facebook
2509091BC2K2M6,รอดำเนินการ,211046576279571,2025-09-08 23:02:57,,2025-09-08 10:33:17,Visionary_Shop,156594805,C2C(Non-CB),26409541351,🐱(ยกลัง40ห่อ)ทิชชู่ Neno แมว กระดาษทิชชู่ หนา 3ชั้น 1ห่อมี 210 แผ่น ไม่เป็นขุย ไม่ขาดง่าย ดูดซับน้ำได้ดร,118442245381,Normal Product,,เครื่องใช้ในบ้าน,อุปกรณ์ซักรีดและผลิตภัณฑ์ดูแลบ้าน,กระดาษเช็ดหน้า,150,2,คอมมิชชั่นจาก Shopee,,240,,1.50%,3.6,0.00%,0,3.6,3.6,0,3.6,,0,0.00%,0,100.00%,3.6,รอดำเนินการ,สถานะของสินค้านี้คือ อยู่ระหว่างดำเนินการ คอมมิชชั่นจะถูกคำนวณเพื่อจ่ายหลังสถานะเป็นสำเร็จแล้วเท่านั้น,คำสั่งซื้อจากร้านค้าต่างกัน,ที่มีอยู่,2599adboostco,paris,mng,m56Fazzi0830,,Facebook
2509091B9T1YCT,สำเร็จ,211046500219577,2025-09-08 23:01:40,2025-09-11 14:12:32,2025-09-08 22:38:53,SV Plaza Center,7732062,Preferred(Non-CB),19915071039,สแกนเนอร์ Epson Scanner DS-770ii Duplex Sheet-fed Document Scanner  ✔ประกันศูนย์ 1 ปี ✴ออกใบกำกับภาษีได้,116936612098,Normal Product,,คอมพิวเตอร์และอุปกรณ์เสริม,ปริ้นเตอร์และอุปกรณ์เสริม,เครื่องพิมพ์ เครื่องสแกน และเครื่องถ่ายเอกสาร,13430,1,คอมมิชชั่นจาก Shopee,,11430,,1.50%,171.45,0.00%,0,171.45,171.45,0,171.45,,0,0.00%,0,100.00%,171.45,สำเร็จ,,คำสั่งซื้อจากร้านค้าต่างกัน,ที่มีอยู่,2599adboostco,paris,mng,m01FahRain0805,,Facebook
2509091B9R5190,รอดำเนินการ,211046498212873,2025-09-08 23:01:38,,2025-09-08 09:00:06,Tai Fashion shop,1033071159,C2C(Non-CB),26460885462,รองเท้าหัวโต 8ลาย เลือกลายได้ น้ำหนักเบา ใส่สบาย งานEVA มี3สีให้เลือกพร้อมส่ง,215381795864,Normal Product,,รองเท้าผู้ชาย,รองเท้าแตะ,รองเท้าแตะแบบสวม,149,1,คอมมิชชั่นจากร้านค้า,,134,,1.75%,2.345,7.00%,0,2.345,2.345,0,2.345,,0,0.00%,0,100.00%,2.345,รอดำเนินการ,สถานะของสินค้านี้คือ อยู่ระหว่างดำเนินการ คอมมิชชั่นจะถูกคำนวณเพื่อจ่ายหลังสถานะเป็นสำเร็จแล้วเท่านั้น,คำสั่งซื้อจากร้านค้าต่างกัน,ที่มีอยู่,2599adboostco,paris,mng,m01jjshop0803,,Facebook
2757347252109786875,สำเร็จ,2757347252109786875,2025-09-08 23:00:52,2025-09-10 23:30:08,2025-09-08 21:03:40,Digital_byshopeeofficial,175825579,Shopee Mall(Non-CB),100018,AIS 500,0,Digital Product,,เครือข่าย,เติมเงินมือถือ,Mobile Topup,500,1,คอมมิชชั่นจาก Shopee,,500,,1.00%,5,0.00%,0,5,5,0,5,,0,0.00%,0,100.00%,5,สำเร็จ,,คำสั่งซื้อจากร้านค้าต่างกัน,ที่มีอยู่,2599adboostco,paris,mng,m02Rooftop0706,,Facebook
2509081B586S7M,รอดำเนินการ,211046347280587,2025-09-08 22:59:08,,2025-09-08 22:38:32,Bosch Autoparts,1020991069,Shopee Mall(Non-CB),25321498927,Bosch ใบปัดน้ำฝนกระจกหลัง ขนาด 14 นิ้ว HONDA Jazz ปี 2002 เป็นต้นไป (H354),187402538757,Normal Product,,รถยนต์ อะไหล่และอุปกรณ์เสริมรถยนต์,ชิ้นส่วนอะไหล่รถยนต์,ที่ปัดน้ำฝน และตัวชะล้าง,258,1,คอมมิชชั่นจากร้านค้า,,197,,1.75%,3.4475,5.00%,0,3.4475,3.4475,0,3.4475,,0,0.00%,0,100.00%,3.4475,รอดำเนินการ,สถานะของสินค้านี้คือ อยู่ระหว่างดำเนินการ คอมมิชชั่นจะถูกคำนวณเพื่อจ่ายหลังสถานะเป็นสำเร็จแล้วเท่านั้น,คำสั่งซื้อจากร้านค้าต่างกัน,ที่มีอยู่,2599adboostco,paris,mng,m01FahRain0805,,Facebook
2509081B1XA0EC,รอดำเนินการ,211046236232644,2025-09-08 22:57:16,,2025-09-08 21:59:48,Toogtons ทุกตอนส์ ตอนไหนก็นุ่ม,156255694,Preferred(Non-CB),5595352045,Toogtons ทุกตอนส์ บ๊อกเซอร์ นุ่มเหมือนมาร์ชเมลโล่ ผัก บ็อกเซอร์ผู้ชาย บ็อกเซอร์ผู้หญิง ใส่นอนได้,158936938070,Normal Product,,เสื้อผ้าผู้ชาย,ชุดชั้นในชาย,กางเกงใน,59,1,ดีลพิเศษเฉพาะคุณ,,49,,1.75%,0.8575,12.00%,0,0.8575,1.9775,0,1.9775,,0,0.00%,0,100.00%,1.9775,รอดำเนินการ,สถานะของสินค้านี้คือ อยู่ระหว่างดำเนินการ คอมมิชชั่นจะถูกคำนวณเพื่อจ่ายหลังสถานะเป็นสำเร็จแล้วเท่านั้น,คำสั่งซื้อจากร้านค้าต่างกัน,ที่มีอยู่,2599adboostco,paris,mng,m01PetKit0520,,Facebook
2509081B1XA0EC,รอดำเนินการ,211046236232644,2025-09-08 22:57:16,,2025-09-08 21:59:48,Toogtons ทุกตอนส์ ตอนไหนก็นุ่ม,156255694,Preferred(Non-CB),8704967029,Toogtons ทุกตอนส์ บ๊อกเซอร์ นุ่มเหมือนมาร์ชเมลโล่ ชินจัง บ็อกเซอร์ผู้ชาย บ็อกเซอร์ผู้หญิง ใส่นอนได้,258404671069,Normal Product,,เสื้อผ้าผู้ชาย,ชุดชั้นในชาย,กางเกงใน,79,1,ดีลพิเศษเฉพาะคุณ,,64,,1.75%,1.12,12.00%,0,1.12,0,0,0,,0,0.00%,0,100.00%,0,รอดำเนินการ,สถานะของสินค้านี้คือ อยู่ระหว่างดำเนินการ คอมมิชชั่นจะถูกคำนวณเพื่อจ่ายหลังสถานะเป็นสำเร็จแล้วเท่านั้น,คำสั่งซื้อจากร้านค้าต่างกัน,ที่มีอยู่,2599adboostco,paris,mng,m01PetKit0520,,Facebook
2509081B0U2PHR,รอดำเนินการ,211046199298201,2025-09-08 22:56:39,,2025-09-08 17:35:25,ร้านเสิ้อผ้า เดรส กางเกงหญิง,263065371,C2C(Non-CB),19085883450,พร้อมส่งจากไทย เสื้อไหมพรมกันหนาวเข้ารูป เสื้อแขนยาวผู้หญิงสไตล์เกาหลี,214709212668,Normal Product,,เสื้อผ้าผู้หญิง,เสื้อสเวตเตอร์และคาร์ดิแกน,,148,1,คอมมิชชั่นจากร้านค้า,,128,,1.50%,1.92,8.00%,0,1.92,1.92,0,1.92,,0,0.00%,0,100.00%,1.92,รอดำเนินการ,สถานะของสินค้านี้คือ อยู่ระหว่างดำเนินการ คอมมิชชั่นจะถูกคำนวณเพื่อจ่ายหลังสถานะเป็นสำเร็จแล้วเท่านั้น,คำสั่งซื้อจากร้านค้าต่างกัน,ที่มีอยู่,32480169,tunis,mng,m39AisUnlimit1107,,Websites
2509081AX38Q9J,รอดำเนินการ,211046107223520,2025-09-08 22:55:08,,2025-09-08 22:46:41,CCR AUTO EXPERT,369834301,Preferred(Non-CB),23166024848,"[BOSCH CLEAR Advantage] ใบปัดน้ำฝน BOSCH ก้านอ่อน คู่หน้า 16+26 สำหรับ MAZDA CX30,CX-30 ปี 2020-ปัจจุบัน ซีเอ็กซ์ 30",216698298429,Normal Product,,รถยนต์ อะไหล่และอุปกรณ์เสริมรถยนต์,ชิ้นส่วนอะไหล่รถยนต์,ที่ปัดน้ำฝน และตัวชะล้าง,330,1,คอมมิชชั่นจาก Shopee,,263,,1.75%,4.6025,0.00%,0,4.6025,9.2225,0,9.2225,,0,0.00%,0,100.00%,9.2225,รอดำเนินการ,สถานะของสินค้านี้คือ อยู่ระหว่างดำเนินการ คอมมิชชั่นจะถูกคำนวณเพื่อจ่ายหลังสถานะเป็นสำเร็จแล้วเท่านั้น,คำสั่งซื้อจากร้านค้าต่างกัน,ที่มีอยู่,2599adboostco,paris,mng,m01FahRain0805,,Facebook
2509081AX38Q9J,รอดำเนินการ,211046107223520,2025-09-08 22:55:08,,2025-09-08 22:46:41,CCR AUTO EXPERT,369834301,Preferred(Non-CB),18601483592,"ใบปัดน้ำฝน คู่หน้า Bosch Clear Advantage frameless ก้านอ่อน ขนาด 26”+16” สำหรับรถ Honda  CRV,CR-V Gen5,G5 ปี 2017-now",87666467114,Normal Product,,รถยนต์ อะไหล่และอุปกรณ์เสริมรถยนต์,ชิ้นส่วนอะไหล่รถยนต์,ที่ปัดน้ำฝน และตัวชะล้าง,330,1,คอมมิชชั่นจาก Shopee,,264,,1.75%,4.62,0.00%,0,4.62,0,0,0,,0,0.00%,0,100.00%,0,รอดำเนินการ,สถานะของสินค้านี้คือ อยู่ระหว่างดำเนินการ คอมมิชชั่นจะถูกคำนวณเพื่อจ่ายหลังสถานะเป็นสำเร็จแล้วเท่านั้น,คำสั่งซื้อจากร้านค้าต่างกัน,ที่มีอยู่,2599adboostco,paris,mng,m01FahRain0805,,Facebook
2509081AV3EAM8,สำเร็จ,211046040299984,2025-09-08 22:54:00,2025-09-11 13:21:42,2025-09-08 22:35:28,Yuedpao - ยืดเปล่า Official Store,240723932,Shopee Mall(Non-CB),26736371857,Yuedpao Sportswear กางเกงออกกำลังกายขาสั้น กางเกงวิ่ง 2in1 มีซับใน พร้อมกระเป๋าด้านข้าง Ultra Flow Running,248400936085,Normal Product,,กีฬาและกิจกรรมกลางแจ้ง,เสื้อผ้ากีฬา,กางเกง/กระโปรง,290,1,คอมมิชชั่นจากร้านค้า,,236,,1.75%,4.13,10.00%,0,4.13,4.13,0,4.13,,0,0.00%,0,100.00%,4.13,สำเร็จ,,คำสั่งซื้อจากร้านค้าต่างกัน,ที่มีอยู่,2599adboostco,paris,mng,m01FahRain0805,,Facebook
2509081AP8FYY3,รอดำเนินการ,211045844265573,2025-09-08 22:50:44,,2025-09-08 22:41:34,L'Oreal Paris,29667634,Shopee Mall(Non-CB),15214450009,ลอรีอัล ปารีส L'Oréal Paris Glycolic Bright Glowing Cream Day SPF30 เดย์ครีม 50ml ช่วยลดความหมองคล้ำ ป้องกันจุดด่างดำ,47970923251,Normal Product,,ผลิตภัณฑ์บำรุงและเสริมความงาม,ผลิตภัณฑ์บำรุงบริเวณใบหน้า,มอยส์เจอร์ไรเซอร์บำรุงผิวหน้า,499,1,คอมมิชชั่นจาก Shopee,,379,,1.75%,6.6325,0.00%,0,6.6325,6.6325,0,6.6325,,0,0.00%,0,100.00%,6.6325,รอดำเนินการ,สถานะของสินค้านี้คือ อยู่ระหว่างดำเนินการ คอมมิชชั่นจะถูกคำนวณเพื่อจ่ายหลังสถานะเป็นสำเร็จแล้วเท่านั้น,คำสั่งซื้อจากร้านค้าต่างกัน,ที่มีอยู่,2599adboostco,paris,mng,m01YPf0821,,Facebook
2509081AMRSUY7,รอดำเนินการ,211045794252686,2025-09-08 22:49:55,,2025-09-08 22:45:43,PROFILM,237954961,Preferred(Non-CB),20478849540,สเปรย์เคลือบเงา พรีเมี่ยม เคลือบพลาสติก เคลือบสีรถ เคลือบยางดำ เคลือบเบาะคอนโซล PROWAX PREMIUMWAX,127554691921,Normal Product,,รถยนต์ อะไหล่และอุปกรณ์เสริมรถยนต์,ผลิตภัณฑ์ดูแลรถยนต์,ผลิตภัณฑ์ล้างและเคลือบเงารถยนต์,119,1,คอมมิชชั่นจากร้านค้า,,107,,1.75%,1.8725,20.00%,21.4,23.2725,1.8725,21.4,23.2725,,0,0.00%,0,100.00%,23.2725,รอดำเนินการ,สถานะของสินค้านี้คือ อยู่ระหว่างดำเนินการ คอมมิชชั่นจะถูกคำนวณเพื่อจ่ายหลังสถานะเป็นสำเร็จแล้วเท่านั้น,สั่งซื้อในร้านค้าเดียวกัน,ที่มีอยู่,2599adboostco,paris,mng,m56ProwaVDO0905,,Facebook
2509081AKETDM0,รอดำเนินการ,211045750230377,2025-09-08 22:49:11,,2025-09-08 21:36:29,petjungshop,1213579370,Shopee Mall(Non-CB),29824358681,DermaCore COS PYO Wipe  ผ้าเปียกประกอบการรักษาโรคผิวหนังติดเชื้อสำหรับสัตว์เลี้ยง 30 - 90 แผ่น,252533869755,Normal Product,,สัตว์เลี้ยง,อุปกรณ์ทำความสะอาดและตกแต่งขน,อุปกรณ์ดูแลขนสัตว์เลี้ยง,65,1,คอมมิชชั่นจาก Shopee,,53,,1.75%,0.9275,0.00%,0,0.9275,4.445,0,4.445,,0,0.00%,0,100.00%,4.445,รอดำเนินการ,สถานะของสินค้านี้คือ อยู่ระหว่างดำเนินการ คอมมิชชั่นจะถูกคำนวณเพื่อจ่ายหลังสถานะเป็นสำเร็จแล้วเท่านั้น,คำสั่งซื้อจากร้านค้าต่างกัน,ที่มีอยู่,2599adboostco,paris,mng,m01PetKit0520,,Facebook
2509081AKETDM0,รอดำเนินการ,211045750230377,2025-09-08 22:49:11,,2025-09-08 21:36:29,petjungshop,1213579370,Shopee Mall(Non-CB),25832030763,Kanimal Pet Perfume น้ำหอมสุนัข น้ำหอมแมว ผสมฟีโรโมน ช่วยผ่อนคลาย บำรุงขนนุ่มเงางาม (60 มล./ขวด),240997465153,Normal Product,,สัตว์เลี้ยง,อุปกรณ์ทำความสะอาดและตกแต่งขน,อื่นๆ,164,1,คอมมิชชั่นจาก Shopee,,131,,1.75%,2.2925,0.00%,0,2.2925,0,0,0,,0,0.00%,0,100.00%,0,รอดำเนินการ,สถานะของสินค้านี้คือ อยู่ระหว่างดำเนินการ คอมมิชชั่นจะถูกคำนวณเพื่อจ่ายหลังสถานะเป็นสำเร็จแล้วเท่านั้น,คำสั่งซื้อจากร้านค้าต่างกัน,ที่มีอยู่,2599adboostco,paris,mng,m01PetKit0520,,Facebook
2509081AKETDM0,รอดำเนินการ,211045750230377,2025-09-08 22:49:11,,2025-09-08 21:36:29,petjungshop,1213579370,Shopee Mall(Non-CB),29379712410,Gager แคทนิปแบบผงสำหรับแมว แคทนิปแบบผง ไม้มาทาทาบิ ออร์แกนิก พลังช้าง ช่วยให้แมวผ่อนคลาย (กาเจอร์)  ขนาด 8g.,252898279959,Normal Product,,สัตว์เลี้ยง,อุปกรณ์สำหรับสัตว์เลี้ยง,ของเล่น,88,1,คอมมิชชั่นจาก Shopee,,70,,1.75%,1.225,0.00%,0,1.225,0,0,0,,0,0.00%,0,100.00%,0,รอดำเนินการ,สถานะของสินค้านี้คือ อยู่ระหว่างดำเนินการ คอมมิชชั่นจะถูกคำนวณเพื่อจ่ายหลังสถานะเป็นสำเร็จแล้วเท่านั้น,คำสั่งซื้อจากร้านค้าต่างกัน,ที่มีอยู่,2599adboostco,paris,mng,m01PetKit0520,,Facebook
2509081AE6157K,สำเร็จ,211045573243521,2025-09-08 22:46:14,2025-09-11 20:06:41,2025-09-08 11:34:51,SUSANNA.TH,485124891,Preferred(Non-CB),24423892734,ถุงมือไนไตร ไม่มีแป้ง ถุงมือ ใช้ในอาหาร งานบ้าน ถุงมือยางสีดํา งานครัว (บรรจุ 100ชิ้น/กล่อง),187430366741,Normal Product,0_326455582462346_1,กลุ่มผลิตภัณฑ์เพื่อสุขภาพ,เครื่องมือและอุปกรณ์ในการดูแลสุขภาพ,ถุงมือและหน้ากากอนามัย,83.5,2,คอมมิชชั่นจากร้านค้า,,141,,1.50%,2.115,7.00%,0,2.115,2.115,0,2.115,,0,0.00%,0,100.00%,2.115,สำเร็จ,,คำสั่งซื้อจากร้านค้าต่างกัน,ที่มีอยู่,2599adboostco,paris,mng,m01PetKit0520,,Facebook
2509081AADV1UH,รอดำเนินการ,211045447259119,2025-09-08 22:44:08,,2025-09-08 22:40:12,PROFILM,237954961,Preferred(Non-CB),20478849540,สเปรย์เคลือบเงา พรีเมี่ยม เคลือบพลาสติก เคลือบสีรถ เคลือบยางดำ เคลือบเบาะคอนโซล PROWAX PREMIUMWAX,127554691920,Normal Product,,รถยนต์ อะไหล่และอุปกรณ์เสริมรถยนต์,ผลิตภัณฑ์ดูแลรถยนต์,ผลิตภัณฑ์ล้างและเคลือบเงารถยนต์,299,1,คอมมิชชั่นจากร้านค้า,,254,,1.75%,4.445,20.00%,50.8,55.245,4.445,50.8,55.245,,0,0.00%,0,100.00%,55.245,รอดำเนินการ,สถานะของสินค้านี้คือ อยู่ระหว่างดำเนินการ คอมมิชชั่นจะถูกคำนวณเพื่อจ่ายหลังสถานะเป็นสำเร็จแล้วเท่านั้น,สั่งซื้อในร้านค้าเดียวกัน,ที่มีอยู่,2599adboostco,paris,mng,m56ProwaVDO0905,,Facebook
2509081A62KN58,สำเร็จ,211045301225021,2025-09-08 22:41:41,2025-09-11 19:37:27,2025-09-08 12:44:48,spicybibibub,184013957,Preferred(Non-CB),22679349584,พรมเช็ดเท้าสไตล์มินิมอน สำหรับห้องครัว ทำจากวัสดุโคลนไดอะตอม กันลื่น ซึมซับน้ำดี,281259923323,Normal Product,,เครื่องใช้ในบ้าน,อุปกรณ์ตกแต่งบ้าน,พรมปูพื้น,55,1,คอมมิชชั่นจากร้านค้า,,45,,1.50%,0.675,7.00%,0,0.675,3.915,0,3.915,,0,0.00%,0,100.00%,3.915,สำเร็จ,,คำสั่งซื้อจากร้านค้าต่างกัน,ที่มีอยู่,2599adboostco,paris,mng,m01BMavk0821,,Facebook
2509081A62KN58,สำเร็จ,211045301225021,2025-09-08 22:41:41,2025-09-11 19:37:27,2025-09-08 12:44:48,spicybibibub,184013957,Preferred(Non-CB),29820439862,พรมเช็ดเท้าสำหรับห้องครัว พรมห้องน้ำสตไล์วิเทจ ทำจากวัสดุโคลนไดอะตอม กันลื่น ซึมซับน้ำดี,138150135355,Normal Product,,เครื่องใช้ในบ้าน,อุปกรณ์ตกแต่งบ้าน,พรมปูพื้น,123,1,คอมมิชชั่นจากร้านค้า,,96,,1.50%,1.44,7.00%,0,1.44,0,0,0,,0,0.00%,0,100.00%,0,สำเร็จ,,คำสั่งซื้อจากร้านค้าต่างกัน,ที่มีอยู่,2599adboostco,paris,mng,m01BMavk0821,,Facebook
2509081A62KN58,สำเร็จ,211045301225021,2025-09-08 22:41:41,2025-09-11 19:37:27,2025-09-08 12:44:48,spicybibibub,184013957,Preferred(Non-CB),43402207749,King's Stella xBeter เจลหอมปรับอากาศ เจลหอม กลิ่นหอมดอกไม้ สดชื่น หอมยาวนาน 30 วัน 180g,253455560619,Normal Product,0_336095833690362_1,เครื่องใช้ในบ้าน,เทียนหอม และน้ำมันหอมระเหย,ผลิตภัณฑ์ปรับอากาศและน้ำหอม,77,2,คอมมิชชั่นจากร้านค้า,,120,,1.50%,1.8,8.00%,0,1.8,0,0,0,,0,0.00%,0,100.00%,0,สำเร็จ,,คำสั่งซื้อจากร้านค้าต่างกัน,ที่มีอยู่,2599adboostco,paris,mng,m01BMavk0821,,Facebook
2509081A4TJK18,ยกเลิก,211045259244526,2025-09-08 22:41:00,--,2025-09-08 16:52:33,Pootonkee ,318798319,Preferred(Non-CB),23438469355,Baoji รุ่น B041-808 / B041-809 รองเท้าแตะบาโอจิ รองเท้าแตะผู้ชาย ส้นสูง รัดส้น ไซส์ 41-45 ของแท้ สินค้าพร้อมส่ง,246155851600,Normal Product,,รองเท้าผู้ชาย,รองเท้าแตะ,รองเท้าแตะแบบสวม,226,0,คอมมิชชั่นจาก Shopee,,0,175,1.75%,0,0.00%,0,0,0,0,0,,0,0.00%,0,100.00%,0,ยกเลิก,คำสั่งซื้อไม่ถูกต้อง.,คำสั่งซื้อจากร้านค้าต่างกัน,ที่มีอยู่,2599adboostco,paris,mng,m01kaofangMeow0303,,Facebook
2509081A4QNSHD,ยกเลิก,211045256203746,2025-09-08 22:40:56,--,2025-09-08 22:35:18,ATC Michelin Accessories TH,786242394,Shopee Mall(Non-CB),25180385364,MICHELIN ใบปัดน้ำฝนโครงเหล็ก แพ็คคู่ U-HOOK RainForce Wiper Blade (twin pack),195098316747,Normal Product,,รถยนต์ อะไหล่และอุปกรณ์เสริมรถยนต์,ชิ้นส่วนอะไหล่รถยนต์,ที่ปัดน้ำฝน และตัวชะล้าง,363,0,คอมมิชชั่นจากร้านค้า,,0,284,1.75%,0,7.00%,0,0,0,0,0,,0,0.00%,0,100.00%,0,ยกเลิก,ผู้ซื้อยกเลิกคำสั่งซื้อ.,สั่งซื้อในร้านค้าเดียวกัน,ที่มีอยู่,2599adboostco,paris,mng,m01FahRain0805,,Facebook
2509081A1PEDPP,ยกเลิก,211045154252754,2025-09-08 22:39:15,--,2025-09-08 20:04:56,one happy day,383427597,C2C(Non-CB),17267798377,jeans 206 กางเกงยีนส์ผู้หญิง ทรงกระบอก เอวสูง  กางเกงผู้หญิง,135749679167,Normal Product,,เสื้อผ้าผู้หญิง,ผ้ายีนส์,,144,0,คอมมิชชั่นจากร้านค้า,,0,129,1.50%,0,10.00%,0,0,0,0,0,,0,0.00%,0,100.00%,0,ยกเลิก,คำสั่งซื้อไม่ถูกต้อง.,คำสั่งซื้อจากร้านค้าต่างกัน,ที่มีอยู่,2599adboostco,paris,mng,m01KFdika0520,,Facebook
2509081A1EUBGP,รอดำเนินการ,211045146285033,2025-09-08 22:39:07,,2025-09-08 18:48:25,yang5201314.th,219212205,C2C(CB),28710894522,เคส OPPO Reno 14 13F 13 14F 12 5G เคส OPPO Reno 14 12 13 Pro 5G เคสกันกระแทกน่ารักปีกผีเสื้อพร้อมฝาครอบกล้องป้องกันเลนส์หรูหราขอ,39812789867,Normal Product,,มือถือและอุปกรณ์เสริม,อุปกรณ์เสริม,เคสมือถือและแท็บเล็ต,98,1,คอมมิชชั่นจาก Shopee,,98,,1.50%,1.47,0.00%,0,1.47,1.47,0,1.47,,0,0.00%,0,100.00%,1.47,รอดำเนินการ,สถานะของสินค้านี้คือ อยู่ระหว่างดำเนินการ คอมมิชชั่นจะถูกคำนวณเพื่อจ่ายหลังสถานะเป็นสำเร็จแล้วเท่านั้น,คำสั่งซื้อจากร้านค้าต่างกัน,ที่มีอยู่,2599adboostco,paris,mng,m01KFdika0520,,Facebook
2509081A1ET2S6,รอดำเนินการ,211045146243743,2025-09-08 22:39:06,,2025-09-08 22:31:58,z.zstore,175287509,Preferred(Non-CB),44311129626,พร้อมส่งจากไทย【9019】 รองเท้าผ้าใบแบบสวมทรงแฟชั่นเท่ห์ๆคูลๆ3สี3สไตล์ได้ทุกลุคเอาอยู่,270934702654,Normal Product,,รองเท้าผู้หญิง,รองเท้าผ้าใบ,,93,1,คอมมิชชั่นจาก Shopee,,93,,2.00%,1.86,0.00%,0,1.86,1.86,0,1.86,,0,0.00%,0,100.00%,1.86,รอดำเนินการ,สถานะของสินค้านี้คือ อยู่ระหว่างดำเนินการ คอมมิชชั่นจะถูกคำนวณเพื่อจ่ายหลังสถานะเป็นสำเร็จแล้วเท่านั้น,คำสั่งซื้อจากร้านค้าต่างกัน,ที่มีอยู่,2599adboostco,paris,mng,m01Tik0803,,Facebook
2509081A0M2HEX,รอดำเนินการ,211045118216613,2025-09-08 22:38:38,,2025-09-08 21:52:38,Happy baby's home,1339616199,Preferred(Non-CB),25486984717,ถุงมือไนลอนกันลื่น เปิดนิ้ว(พรีเมี่ยมของแท้) กันแดด ระบายอากาศ ถุงมือขี่มอเตอร์ไซค์ ถุงมือปั่นจักรยาน ถุงมือครึ่งนิ้ว,187872955409,Normal Product,,เครื่องใช้ในบ้าน,เครื่องมือและอุปกรณ์ปรับปรุงบ้าน,ถุงมือและหน้ากาก,18,1,คอมมิชชั่นจากร้านค้า,,17,,1.50%,0.255,10.00%,0,0.255,0.255,0,0.255,,0,0.00%,0,100.00%,0.255,รอดำเนินการ,สถานะของสินค้านี้คือ อยู่ระหว่างดำเนินการ คอมมิชชั่นจะถูกคำนวณเพื่อจ่ายหลังสถานะเป็นสำเร็จแล้วเท่านั้น,คำสั่งซื้อจากร้านค้าต่างกัน,ที่มีอยู่,2599adboostco,paris,mng,m01YPf0821,,Facebook
25090819YY3QHD,รอดำเนินการ,211045096231079,2025-09-08 22:38:17,,2025-09-08 22:32:58,PHLautoparts,2489489,C2C(Non-CB),21172329125,กระป๋องพักน้ำNissan frontier D22 ปี2001-2007 อะไหล่แท้นิสสัน,165521949934,Normal Product,,รถยนต์ อะไหล่และอุปกรณ์เสริมรถยนต์,ชิ้นส่วนอะไหล่รถยนต์,หม้อน้ำและอุปกรณ์หล่อเย็น,345,1,คอมมิชชั่นจากร้านค้า,,201,,1.75%,3.5175,4.00%,0,3.5175,3.5175,0,3.5175,,0,0.00%,0,100.00%,3.5175,รอดำเนินการ,สถานะของสินค้านี้คือ อยู่ระหว่างดำเนินการ คอมมิชชั่นจะถูกคำนวณเพื่อจ่ายหลังสถานะเป็นสำเร็จแล้วเท่านั้น,คำสั่งซื้อจากร้านค้าต่างกัน,ที่มีอยู่,2599adboostco,paris,mng,m56Fazzi0830,,Facebook
25090819XJ9NJ6,รอดำเนินการ,211045049235684,2025-09-08 22:37:30,,2025-09-08 20:08:32,D Stamp,86971625,C2C(Non-CB),3102054965,ตรายางหมึกในตัวพกพา trodat 9511 ใส่ ชื่อ - นามสกุล หรือ ชื่อ - นามสกุล- ตำแหน่ง (สั่งทำแจ้งข้อมูลทาง Chat),92765851270,Normal Product,,เครื่องเขียน,อุปกรณ์สำนักงานและโรงเรียน,ตรายางและหมึกแสตมป์,199,1,คอมมิชชั่นจากร้านค้า,,169,,1.75%,2.9575,4.00%,0,2.9575,2.9575,0,2.9575,,0,0.00%,0,100.00%,2.9575,รอดำเนินการ,สถานะของสินค้านี้คือ อยู่ระหว่างดำเนินการ คอมมิชชั่นจะถูกคำนวณเพื่อจ่ายหลังสถานะเป็นสำเร็จแล้วเท่านั้น,คำสั่งซื้อจากร้านค้าต่างกัน,ที่มีอยู่,2599adboostco,paris,mng,m01KFdika0520,,Facebook
25090819XAMPPN,รอดำเนินการ,211045041214993,2025-09-08 22:37:21,,2025-09-08 22:30:01,maxgroom.th,1426161464,C2C(CB),27821929211,Maxgroom  เครื่องกำจัดขน แบตตาเลี่ยนน้องชาย  โกนขน กำจัดขน ปลอดภัย อ่อนโยน ปัตต าaเลี่ยนตัดผมไฟฟ้า IPX7กันน้ํา พร้อมไฟ LED ที่กั,195679409903,Normal Product,,ผลิตภัณฑ์บำรุงและเสริมความงาม,ผลิตภัณฑ์ดูแลผู้ชาย,ผลิตภัณฑ์โกนหนวด,319,1,คอมมิชชั่นจากร้านค้า,,243,,1.75%,4.2525,11.00%,0,4.2525,4.2525,0,4.2525,,0,0.00%,0,100.00%,4.2525,รอดำเนินการ,สถานะของสินค้านี้คือ อยู่ระหว่างดำเนินการ คอมมิชชั่นจะถูกคำนวณเพื่อจ่ายหลังสถานะเป็นสำเร็จแล้วเท่านั้น,คำสั่งซื้อจากร้านค้าต่างกัน,ที่มีอยู่,2599adboostco,paris,mng,m01PetKit0520,,Facebook
25090819P86X5Q,รอดำเนินการ,211044770222264,2025-09-08 22:32:50,,2025-09-08 09:31:07,KOUDAN NAIL ART STORE,992195850,Preferred(CB),26053942325,สติ๊กเกอร์ติดเล็บตกแต่งเล็บ Lily ดอกไม้น้ําแข็ง DIY สีชมพูสีเขียวสีม่วง KOUDAN,275520785685,Normal Product,,ผลิตภัณฑ์บำรุงและเสริมความงาม,ผลิตภัณฑ์ดูแลมือเท้าและเล็บ,ผลิตภัณฑ์ดูแลเล็บ,40,1,คอมมิชชั่นจากร้านค้า,,32,,1.75%,0.56,10.00%,0,0.56,1.435,0,1.435,,0,0.00%,0,100.00%,1.435,รอดำเนินการ,สถานะของสินค้านี้คือ อยู่ระหว่างดำเนินการ คอมมิชชั่นจะถูกคำนวณเพื่อจ่ายหลังสถานะเป็นสำเร็จแล้วเท่านั้น,คำสั่งซื้อจากร้านค้าต่างกัน,ที่มีอยู่,2599adboostco,paris,mng,m01Tik0803,,Facebook
25090819P86X5Q,รอดำเนินการ,211044770222264,2025-09-08 22:32:50,,2025-09-08 09:31:07,KOUDAN NAIL ART STORE,992195850,Preferred(CB),26053942325,สติ๊กเกอร์ติดเล็บตกแต่งเล็บ Lily ดอกไม้น้ําแข็ง DIY สีชมพูสีเขียวสีม่วง KOUDAN,275520785687,Normal Product,,ผลิตภัณฑ์บำรุงและเสริมความงาม,ผลิตภัณฑ์ดูแลมือเท้าและเล็บ,ผลิตภัณฑ์ดูแลเล็บ,16,1,คอมมิชชั่นจากร้านค้า,,15,,1.75%,0.2625,10.00%,0,0.2625,0,0,0,,0,0.00%,0,100.00%,0,รอดำเนินการ,สถานะของสินค้านี้คือ อยู่ระหว่างดำเนินการ คอมมิชชั่นจะถูกคำนวณเพื่อจ่ายหลังสถานะเป็นสำเร็จแล้วเท่านั้น,คำสั่งซื้อจากร้านค้าต่างกัน,ที่มีอยู่,2599adboostco,paris,mng,m01Tik0803,,Facebook
25090819P86X5Q,รอดำเนินการ,211044770222264,2025-09-08 22:32:50,,2025-09-08 09:31:07,KOUDAN NAIL ART STORE,992195850,Preferred(CB),29901377880,เครื่องมือทําเล็บขวดกดขวดน้ํายาล้างเล็บขวดผลักลงเล็บเครื่องมือศิลปะขวดเก็บที่ว่างเปล่า500มิลลิลิตร คูดัน,236389193719,Normal Product,,ผลิตภัณฑ์บำรุงและเสริมความงาม,ผลิตภัณฑ์ดูแลมือเท้าและเล็บ,ผลิตภัณฑ์ดูแลเล็บ,43,1,คอมมิชชั่นจากร้านค้า,,35,,1.75%,0.6125,10.00%,0,0.6125,0,0,0,,0,0.00%,0,100.00%,0,รอดำเนินการ,สถานะของสินค้านี้คือ อยู่ระหว่างดำเนินการ คอมมิชชั่นจะถูกคำนวณเพื่อจ่ายหลังสถานะเป็นสำเร็จแล้วเท่านั้น,คำสั่งซื้อจากร้านค้าต่างกัน,ที่มีอยู่,2599adboostco,paris,mng,m01Tik0803,,Facebook
25090819P86X5P,รอดำเนินการ,211044770222263,2025-09-08 22:32:50,,2025-09-08 09:31:07,KOUDAN NAIL ART STORE,992195850,Preferred(CB),29412720895,Nail Art Liner แปรงเล็บเครื่องมือ 7 pin Nail Liner แปรง Multi Nail Design Drawing สแตนเลส Handle Polka Dot Brushed Buccellati เค,166707876418,Normal Product,,ผลิตภัณฑ์บำรุงและเสริมความงาม,ผลิตภัณฑ์ดูแลมือเท้าและเล็บ,ผลิตภัณฑ์ดูแลเล็บ,14,1,คอมมิชชั่นจากร้านค้า,,13,,1.75%,0.2275,10.00%,0,0.2275,1.925,0,1.925,,0,0.00%,0,100.00%,1.925,รอดำเนินการ,สถานะของสินค้านี้คือ อยู่ระหว่างดำเนินการ คอมมิชชั่นจะถูกคำนวณเพื่อจ่ายหลังสถานะเป็นสำเร็จแล้วเท่านั้น,คำสั่งซื้อจากร้านค้าต่างกัน,ที่มีอยู่,2599adboostco,paris,mng,m01Tik0803,,Facebook
25090819P86X5P,รอดำเนินการ,211044770222263,2025-09-08 22:32:50,,2025-09-08 09:31:07,KOUDAN NAIL ART STORE,992195850,Preferred(CB),29886682808,กาวแท่งเครื่องมือทําเล็บปากกาซิลิโคน Rosewood กวนไม้จันทน์แท่งสองหัว KOUDAN,280099078298,Normal Product,,ผลิตภัณฑ์บำรุงและเสริมความงาม,ผลิตภัณฑ์ดูแลมือเท้าและเล็บ,ผลิตภัณฑ์ดูแลเล็บ,32,1,คอมมิชชั่นจากร้านค้า,,25,,1.75%,0.4375,11.00%,0,0.4375,0,0,0,,0,0.00%,0,100.00%,0,รอดำเนินการ,สถานะของสินค้านี้คือ อยู่ระหว่างดำเนินการ คอมมิชชั่นจะถูกคำนวณเพื่อจ่ายหลังสถานะเป็นสำเร็จแล้วเท่านั้น,คำสั่งซื้อจากร้านค้าต่างกัน,ที่มีอยู่,2599adboostco,paris,mng,m01Tik0803,,Facebook
25090819P86X5P,รอดำเนินการ,211044770222263,2025-09-08 22:32:50,,2025-09-08 09:31:07,KOUDAN NAIL ART STORE,992195850,Preferred(CB),25043436211,เล็บเล็บแปรงแปรงเล็บเครื่องมือเจลโปแลนด์จิตรกรรมปากกาฝรั่งเศสเสี้ยวปากกา คุดัน ,224034964537,Normal Product,,ผลิตภัณฑ์บำรุงและเสริมความงาม,ผลิตภัณฑ์ดูแลมือเท้าและเล็บ,ผลิตภัณฑ์ดูแลเล็บ,31,1,คอมมิชชั่นจากร้านค้า,,24,,1.75%,0.42,11.00%,0,0.42,0,0,0,,0,0.00%,0,100.00%,0,รอดำเนินการ,สถานะของสินค้านี้คือ อยู่ระหว่างดำเนินการ คอมมิชชั่นจะถูกคำนวณเพื่อจ่ายหลังสถานะเป็นสำเร็จแล้วเท่านั้น,คำสั่งซื้อจากร้านค้าต่างกัน,ที่มีอยู่,2599adboostco,paris,mng,m01Tik0803,,Facebook
25090819P86X5P,รอดำเนินการ,211044770222263,2025-09-08 22:32:50,,2025-09-08 09:31:07,KOUDAN NAIL ART STORE,992195850,Preferred(CB),27860285095,เพ้นท์เล็บผงโครเมี่ยมผงแสงจันทร์เล็บกระจกวิเศษผงตกแต่งแต่งเล็บ คูดัน,243240688486,Normal Product,,ผลิตภัณฑ์บำรุงและเสริมความงาม,ผลิตภัณฑ์ดูแลมือเท้าและเล็บ,ผลิตภัณฑ์ดูแลเล็บ,30,1,คอมมิชชั่นจากร้านค้า,,25,,1.75%,0.4375,10.00%,0,0.4375,0,0,0,,0,0.00%,0,100.00%,0,รอดำเนินการ,สถานะของสินค้านี้คือ อยู่ระหว่างดำเนินการ คอมมิชชั่นจะถูกคำนวณเพื่อจ่ายหลังสถานะเป็นสำเร็จแล้วเท่านั้น,คำสั่งซื้อจากร้านค้าต่างกัน,ที่มีอยู่,2599adboostco,paris,mng,m01Tik0803,,Facebook
25090819P86X5P,รอดำเนินการ,211044770222263,2025-09-08 22:32:50,,2025-09-08 09:31:07,KOUDAN NAIL ART STORE,992195850,Preferred(CB),27860285095,เพ้นท์เล็บผงโครเมี่ยมผงแสงจันทร์เล็บกระจกวิเศษผงตกแต่งแต่งเล็บ คูดัน,243240688487,Normal Product,,ผลิตภัณฑ์บำรุงและเสริมความงาม,ผลิตภัณฑ์ดูแลมือเท้าและเล็บ,ผลิตภัณฑ์ดูแลเล็บ,30,1,คอมมิชชั่นจากร้านค้า,,23,,1.75%,0.4025,10.00%,0,0.4025,0,0,0,,0,0.00%,0,100.00%,0,รอดำเนินการ,สถานะของสินค้านี้คือ อยู่ระหว่างดำเนินการ คอมมิชชั่นจะถูกคำนวณเพื่อจ่ายหลังสถานะเป็นสำเร็จแล้วเท่านั้น,คำสั่งซื้อจากร้านค้าต่างกัน,ที่มีอยู่,2599adboostco,paris,mng,m01Tik0803,,Facebook
25090819P86X5N,รอดำเนินการ,211044770222262,2025-09-08 22:32:50,,2025-09-08 09:31:07,KOUDAN NAIL ART STORE,992195850,Preferred(CB),29901377880,เครื่องมือทําเล็บขวดกดขวดน้ํายาล้างเล็บขวดผลักลงเล็บเครื่องมือศิลปะขวดเก็บที่ว่างเปล่า500มิลลิลิตร คูดัน,236389193720,Normal Product,,ผลิตภัณฑ์บำรุงและเสริมความงาม,ผลิตภัณฑ์ดูแลมือเท้าและเล็บ,ผลิตภัณฑ์ดูแลเล็บ,45,1,คอมมิชชั่นจากร้านค้า,,35,,1.75%,0.6125,10.00%,0,0.6125,1.4,0,1.4,,0,0.00%,0,100.00%,1.4,รอดำเนินการ,สถานะของสินค้านี้คือ อยู่ระหว่างดำเนินการ คอมมิชชั่นจะถูกคำนวณเพื่อจ่ายหลังสถานะเป็นสำเร็จแล้วเท่านั้น,คำสั่งซื้อจากร้านค้าต่างกัน,ที่มีอยู่,2599adboostco,paris,mng,m01Tik0803,,Facebook
25090819P86X5N,รอดำเนินการ,211044770222262,2025-09-08 22:32:50,,2025-09-08 09:31:07,KOUDAN NAIL ART STORE,992195850,Preferred(CB),22066398556,Koudan จานสี ลายดอกไม้ สีขาว สําหรับแต่งเล็บ,196707406422,Normal Product,,ผลิตภัณฑ์บำรุงและเสริมความงาม,ผลิตภัณฑ์ดูแลมือเท้าและเล็บ,ผลิตภัณฑ์ดูแลเล็บ,8,1,คอมมิชชั่นจากร้านค้า,,8,,1.75%,0.14,10.00%,0,0.14,0,0,0,,0,0.00%,0,100.00%,0,รอดำเนินการ,สถานะของสินค้านี้คือ อยู่ระหว่างดำเนินการ คอมมิชชั่นจะถูกคำนวณเพื่อจ่ายหลังสถานะเป็นสำเร็จแล้วเท่านั้น,คำสั่งซื้อจากร้านค้าต่างกัน,ที่มีอยู่,2599adboostco,paris,mng,m01Tik0803,,Facebook
25090819P86X5N,รอดำเนินการ,211044770222262,2025-09-08 22:32:50,,2025-09-08 09:31:07,KOUDAN NAIL ART STORE,992195850,Preferred(CB),25128713749,เครื ่ องมือแต ่ งเล ็ บ ปากกาล ้ างเล ็ บ ถ ้ วยแก ้ ว Star Anise KOUDAN,195081495731,Normal Product,,ผลิตภัณฑ์บำรุงและเสริมความงาม,ผลิตภัณฑ์ดูแลมือเท้าและเล็บ,ผลิตภัณฑ์ดูแลเล็บ,15,1,คอมมิชชั่นจากร้านค้า,,12,,1.75%,0.21,10.00%,0,0.21,0,0,0,,0,0.00%,0,100.00%,0,รอดำเนินการ,สถานะของสินค้านี้คือ อยู่ระหว่างดำเนินการ คอมมิชชั่นจะถูกคำนวณเพื่อจ่ายหลังสถานะเป็นสำเร็จแล้วเท่านั้น,คำสั่งซื้อจากร้านค้าต่างกัน,ที่มีอยู่,2599adboostco,paris,mng,m01Tik0803,,Facebook
25090819P86X5N,รอดำเนินการ,211044770222262,2025-09-08 22:32:50,,2025-09-08 09:31:07,KOUDAN NAIL ART STORE,992195850,Preferred(CB),28150111123,เล็บตกแต่งเล็บสติกเกอร์เล็บลูกเหล็ก Rhinestones Golden Sliver 6Grid ครึ่งรอบ KOUDAN,118359486912,Normal Product,,ผลิตภัณฑ์บำรุงและเสริมความงาม,ผลิตภัณฑ์ดูแลมือเท้าและเล็บ,ผลิตภัณฑ์ดูแลเล็บ,33,1,คอมมิชชั่นจากร้านค้า,,25,,1.75%,0.4375,10.00%,0,0.4375,0,0,0,,0,0.00%,0,100.00%,0,รอดำเนินการ,สถานะของสินค้านี้คือ อยู่ระหว่างดำเนินการ คอมมิชชั่นจะถูกคำนวณเพื่อจ่ายหลังสถานะเป็นสำเร็จแล้วเท่านั้น,คำสั่งซื้อจากร้านค้าต่างกัน,ที่มีอยู่,2599adboostco,paris,mng,m01Tik0803,,Facebook
25090819FA0X6W,สำเร็จ,211044537242780,2025-09-08 22:28:58,2025-09-11 08:25:15,2025-09-08 22:09:58,Only Enjoy,703392373,Preferred(CB),28903488765,Ready Stockslim-fitเสื้อกั๊กผู้ชายสไตล์เกาหลีลําลองฤดูร้อนพื้นผิวธรรมดาbreathable Plusขนาดกีฬาเสื้อกล้ามผู้ชายM-5XL,236470995328,Normal Product,,เสื้อผ้าผู้ชาย,เสื้อ,เสื้อแขนกุด,88,1,คอมมิชชั่นจากร้านค้า,,88,,1.75%,1.54,7.00%,0,1.54,1.54,0,1.54,,0,0.00%,0,100.00%,1.54,สำเร็จ,,คำสั่งซื้อจากร้านค้าต่างกัน,ที่มีอยู่,2599adboostco,paris,mng,m01FahRain0805,,Facebook
25090819BTDWAC,รอดำเนินการ,211044420233348,2025-09-08 22:27:01,,2025-09-08 22:25:44,Sipiao facial tissue,1294996630,Shopee Mall(CB),26820536186,5 แพ็ค4ply กระดาษทิชชู่หนานุ่ม Sipiao (1389-5) ห่อละ 1000 ชิ้น TH ขนาด 170 * 130 มม. กระดาษชําระ,233581152848,Normal Product,,เครื่องใช้ในบ้าน,อุปกรณ์ซักรีดและผลิตภัณฑ์ดูแลบ้าน,กระดาษชำระ,139,1,ดีลพิเศษเฉพาะคุณ,,101,,1.50%,1.515,10.01%,10.1101,11.6251,1.515,10.1101,11.6251,,0,0.00%,0,100.00%,11.6251,รอดำเนินการ,สถานะของสินค้านี้คือ อยู่ระหว่างดำเนินการ คอมมิชชั่นจะถูกคำนวณเพื่อจ่ายหลังสถานะเป็นสำเร็จแล้วเท่านั้น,สั่งซื้อในร้านค้าเดียวกัน,ที่มีอยู่,2599adboostco,paris,mng,m01FahRain0805,,Others
25090819BPMWQS,สำเร็จ,211044416260616,2025-09-08 22:26:57,2025-09-09 23:00:52,2025-09-08 13:17:42,เพ็ทเทอร่า,126084649,Preferred(Non-CB),28074662364,Pethera แชมพูสมุนไพรดูแลผิวหนังสุนัขแมว ลดปัญหาคัน ขนร่วง ผิวแห้ง 240ml,257556879279,Normal Product,,สัตว์เลี้ยง,อุปกรณ์ทำความสะอาดและตกแต่งขน,อุปกรณ์ดูแลขนสัตว์เลี้ยง,120,1,คอมมิชชั่นจากร้านค้า,,97,,1.75%,1.6975,14.00%,0,1.6975,1.6975,0,1.6975,,0,0.00%,0,100.00%,1.6975,สำเร็จ,,คำสั่งซื้อจากร้านค้าต่างกัน,ที่มีอยู่,2599adboostco,paris,mng,m01PetKit0520,,Facebook
25090819BE3029,สำเร็จ,211044407292197,2025-09-08 22:26:47,2025-09-11 08:43:05,2025-09-08 21:57:03,Ashu Store,311731089,C2C(Non-CB),19156769941,จัดส่งจากกรุงเทพ สายซิลิโคน สําหรับแอปเปิ้ลวอช ปรับง่าย สําหรับ iwatch 10 9 8 7 6 SE 5 4 3 2 1 38/40/41/42/44/45/46/49mm,202858303754,Normal Product,,มือถือและอุปกรณ์เสริม,อุปกรณ์เสริม,อุปกรณ์เสริมอุปกรณ์สวมใส่,23,1,คอมมิชชั่นจาก Shopee,,23,,1.50%,0.345,0.00%,0,0.345,0.345,0,0.345,,0,0.00%,0,100.00%,0.345,สำเร็จ,,คำสั่งซื้อจากร้านค้าต่างกัน,ที่มีอยู่,2599adboostco,paris,mng,m02Rooftop0706,,Facebook
25090819AHD9SR,รอดำเนินการ,211044377226436,2025-09-08 22:26:17,,2025-09-08 22:18:55,Yuedpao - ยืดเปล่า Official Store,240723932,Shopee Mall(Non-CB),41400048187,Yuedpao Sportswear เสื้อออกกำลังกายแขนกุด เสื้อกีฬา เสื้อกล้ามออกกำลังกาย เสื้อสำหรับวิ่ง Ultra Flow Sleeveless,300002801460,Normal Product,,กีฬาและกิจกรรมกลางแจ้ง,เสื้อผ้ากีฬา,เสื้อกีฬา,150,1,คอมมิชชั่นจากร้านค้า,,93,,1.75%,1.6275,10.00%,9.3,10.9275,1.6275,9.3,10.9275,,0,0.00%,0,100.00%,10.9275,รอดำเนินการ,สถานะของสินค้านี้คือ อยู่ระหว่างดำเนินการ คอมมิชชั่นจะถูกคำนวณเพื่อจ่ายหลังสถานะเป็นสำเร็จแล้วเท่านั้น,สั่งซื้อในร้านค้าเดียวกัน,ที่มีอยู่,2599adboostco,paris,mng,m01YPf0821,,Facebook
250908197WG7T1,สำเร็จ,211044289236201,2025-09-08 22:24:50,2025-09-11 06:52:09,2025-09-08 08:40:23,bello_shop,73867041,Preferred(Non-CB),26737482834,@ กางเกงวอร์ม เด็ก Fly hawk วอม ขาจั้ม ขาปล่อย กางเกงกีฬา รหัส BC516 BC517 ราคาโรงงาน ของแท้,260349056256,Normal Product,,กีฬาและกิจกรรมกลางแจ้ง,เสื้อผ้ากีฬา,กางเกง/กระโปรง,167,1,คอมมิชชั่นจาก Shopee,,150,,1.75%,2.625,0.00%,0,2.625,2.625,0,2.625,,0,0.00%,0,100.00%,2.625,สำเร็จ,,คำสั่งซื้อจากร้านค้าต่างกัน,ที่มีอยู่,2599adboostco,paris,mng,m01Tik0803,,Facebook
250908193DH27B,สำเร็จ,211044138262600,2025-09-08 22:22:19,2025-09-11 11:44:57,2025-09-08 14:20:36,Abao-Beauty more（Thailand）,444768758,Preferred(CB),25771789500,เครื่องเป่าผมหยิก กระจายผม ปรับได้ 3.8 ถึง 8.2 ซม.,226183492739,Normal Product,,ผลิตภัณฑ์บำรุงและเสริมความงาม,เครื่องมือแต่งหน้า,เครื่องทำผม,222,1,คอมมิชชั่นจากร้านค้า,,158,,1.75%,2.765,11.00%,0,2.765,2.765,0,2.765,,0,0.00%,0,100.00%,2.765,สำเร็จ,,คำสั่งซื้อจากร้านค้าต่างกัน,ที่มีอยู่,2599adboostco,paris,mng,m01BMavk0821,,Facebook
250908191TXP04,สำเร็จ,211044109244912,2025-09-08 22:21:25,2025-09-10 19:55:40,2025-09-08 22:20:41,Yuedpao - ยืดเปล่า Official Store,240723932,Shopee Mall(Non-CB),41400048187,Yuedpao Sportswear เสื้อออกกำลังกายแขนกุด เสื้อกีฬา เสื้อกล้ามออกกำลังกาย เสื้อสำหรับวิ่ง Ultra Flow Sleeveless,290002806342,Normal Product,,กีฬาและกิจกรรมกลางแจ้ง,เสื้อผ้ากีฬา,เสื้อกีฬา,150,1,คอมมิชชั่นจากร้านค้า,,130,,1.75%,2.275,10.00%,13,15.275,2.275,13,15.275,,0,0.00%,0,100.00%,15.275,สำเร็จ,,สั่งซื้อในร้านค้าเดียวกัน,ที่มีอยู่,2599adboostco,paris,mng,m01YPf0821,,Facebook
250908190BANSC,รอดำเนินการ,211044035290643,2025-09-08 22:20:35,,2025-09-08 14:45:20,S-Airice,280596568,Preferred(Non-CB),16396252209,S-Airice กล่องเก็บของ กล่องพลาสติก ลิตร มีล้อ 70/240/320/410L ลังพลาสติก แบบอเนกประสงค์,195577650163,Normal Product,,เครื่องใช้ในบ้าน,อุปกรณ์สำหรับจัดเก็บ,กล่องเก็บของ และตะกร้า,138,1,ดีลพิเศษเฉพาะคุณ,,116,,1.50%,1.74,7.01%,0,1.74,1.74,0,1.74,,0,0.00%,0,100.00%,1.74,รอดำเนินการ,สถานะของสินค้านี้คือ อยู่ระหว่างดำเนินการ คอมมิชชั่นจะถูกคำนวณเพื่อจ่ายหลังสถานะเป็นสำเร็จแล้วเท่านั้น,คำสั่งซื้อจากร้านค้าต่างกัน,ที่มีอยู่,2599adboostco,paris,mng,m01BMavk0821,,Facebook
25090818XM0BSB,รอดำเนินการ,211043977288726,2025-09-08 22:19:38,,2025-09-08 21:54:19,lobo_official_shop,53581048,Shopee Mall(Non-CB),858648471,LOBO โลโบ ผงทำหมูแดง (ซอสผง) ขนาด 100 กรัม (แพ็ค 6 ซอง),80083870997,Normal Product,,อาหารและเครื่องดื่ม,เครื่องปรุง และส่วนผสมปรุงอาหาร,พริกแกง,175,1,คอมมิชชั่นจาก Shopee,,147,,1.75%,2.5725,0.00%,0,2.5725,17.9375,0,17.9375,,0,0.00%,0,100.00%,17.9375,รอดำเนินการ,สถานะของสินค้านี้คือ อยู่ระหว่างดำเนินการ คอมมิชชั่นจะถูกคำนวณเพื่อจ่ายหลังสถานะเป็นสำเร็จแล้วเท่านั้น,คำสั่งซื้อจากร้านค้าต่างกัน,ที่มีอยู่,2599adboostco,paris,mng,m56Fazzi0830,,Facebook
25090818XM0BSB,รอดำเนินการ,211043977288726,2025-09-08 22:19:38,,2025-09-08 21:54:19,lobo_official_shop,53581048,Shopee Mall(Non-CB),6256311334,โลโบ ผงปรุงน้ำราดหมูแดง 500 กรัม (แพ็ค 2 ถุง),41307898865,Normal Product,,อาหารและเครื่องดื่ม,เครื่องปรุง และส่วนผสมปรุงอาหาร,เครื่องปรุงและผงปรุงรส,175,6,คอมมิชชั่นจาก Shopee,,878,,1.75%,15.365,0.00%,0,15.365,0,0,0,,0,0.00%,0,100.00%,0,รอดำเนินการ,สถานะของสินค้านี้คือ อยู่ระหว่างดำเนินการ คอมมิชชั่นจะถูกคำนวณเพื่อจ่ายหลังสถานะเป็นสำเร็จแล้วเท่านั้น,คำสั่งซื้อจากร้านค้าต่างกัน,ที่มีอยู่,2599adboostco,paris,mng,m56Fazzi0830,,Facebook
25090818VRSVGE,รอดำเนินการ,211043915213165,2025-09-08 22:18:34,,2025-09-08 10:01:02,samsung_thailand,83276818,Shopee Mall(Non-CB),42053331487,[Online Exclusive] SAMSUNG 43 นิ้ว Crystal UHD UE800F 4K SMART TV (2025) UE800F Series รุ่น UA43UE800FKXXT,305276618607,Normal Product,,เครื่องใช้ไฟฟ้าภายในบ้าน,ทีวีและ อุปกรณ์ที่เกี่ยวข้อง,ทีวี,9390,1,คอมมิชชั่นจาก Shopee,,7023,,1.50%,105.345,0.00%,0,105.345,105.345,0,105.345,,0,0.00%,0,100.00%,105.345,รอดำเนินการ,สถานะของสินค้านี้คือ อยู่ระหว่างดำเนินการ คอมมิชชั่นจะถูกคำนวณเพื่อจ่ายหลังสถานะเป็นสำเร็จแล้วเท่านั้น,คำสั่งซื้อจากร้านค้าต่างกัน,ที่มีอยู่,2599adboostco,paris,mng,m01FahRain0805,,Facebook
25090818V6PJ9R,ยกเลิก,211043896229055,2025-09-08 22:18:16,--,2025-09-07 15:31:04,COCKPIT Official Store,237210903,Shopee Mall(Non-CB),43904339956,ยาง BRIDGESTONE ECOPIA EP300 จำนวน 4เส้น,243515483907,Normal Product,,รถยนต์ อะไหล่และอุปกรณ์เสริมรถยนต์,ชิ้นส่วนอะไหล่รถยนต์,ยางรถและอุปกรณ์เสริม,13110,0,คอมมิชชั่นจาก Shopee,,0,10488,1.75%,0,0.00%,0,0,0,0,0,,0,0.00%,0,100.00%,0,ยกเลิก,ผู้ซื้อยกเลิกคำสั่งซื้อ.,คำสั่งซื้อจากร้านค้าต่างกัน,ที่มีอยู่,40244661,tunis,mng,m39Goodyear0120,,Websites
25090818UNGRUV,รอดำเนินการ,211043878211912,2025-09-08 22:17:58,,2025-09-08 20:30:14,Croosซูเปอร์สโตร์,1561013195,C2C(Non-CB),41661004417,【สินค้าจุด】รองเท้าแตะกันลื่นสีกรมท่า Crocsสำหรับใช้ในบ้านและกลางแจ้ง ระบายอากาศได้ดีและสวมใส่สบาย,260925043676,Normal Product,,รองเท้าผู้หญิง,รองเท้าแตะ,รองเท้าแตะส้นแบน,299,1,คอมมิชชั่นจากร้านค้า,,238,,2.00%,4.76,10.00%,0,4.76,4.76,0,4.76,,0,0.00%,0,100.00%,4.76,รอดำเนินการ,สถานะของสินค้านี้คือ อยู่ระหว่างดำเนินการ คอมมิชชั่นจะถูกคำนวณเพื่อจ่ายหลังสถานะเป็นสำเร็จแล้วเท่านั้น,คำสั่งซื้อจากร้านค้าต่างกัน,ที่มีอยู่,2599adboostco,paris,mng,m01jjshop0803,,Facebook
25090818UNGRUU,รอดำเนินการ,211043878211911,2025-09-08 22:17:58,,2025-09-08 20:30:14,ดาวพฤหัสบดี🌏,476290582,Preferred(Non-CB),26283018928,รองเท้าหนังส้นแบนหัวกลมสไตล์เรโทร รองเท้า Mary Jane พื้นนุ่มสไตล์ฝรั่งเศส,218412985307,Normal Product,,รองเท้าผู้หญิง,รองเท้าส้นแบน,รองเท้าเปิดส้น,179,1,คอมมิชชั่นจาก Shopee,,144,,2.00%,2.88,0.00%,0,2.88,2.88,0,2.88,,0,0.00%,0,100.00%,2.88,รอดำเนินการ,สถานะของสินค้านี้คือ อยู่ระหว่างดำเนินการ คอมมิชชั่นจะถูกคำนวณเพื่อจ่ายหลังสถานะเป็นสำเร็จแล้วเท่านั้น,คำสั่งซื้อจากร้านค้าต่างกัน,ที่มีอยู่,2599adboostco,paris,mng,m01jjshop0803,,Facebook
25090818UB0YPW,ยกเลิก,211043867203205,2025-09-08 22:17:47,--,2025-09-08 15:02:28,กล้วยหนึบแม่สุรี,110970311,C2C(Non-CB),19984607220,กล้วยหนึบช็อกโกแลต150กรัม,225675588090,Normal Product,0_367253049000417_1,อาหารและเครื่องดื่ม,ขนมขบเคี้ยว,เนื้อสัตว์และผลไม้อบแห้งสำหรับทานเล่น,56,0,คอมมิชชั่นจากร้านค้า,,0,89,1.75%,0,10.00%,0,0,0,0,0,,0,0.00%,0,100.00%,0,ยกเลิก,คำสั่งซื้อไม่ถูกต้อง.,คำสั่งซื้อจากร้านค้าต่างกัน,ที่มีอยู่,2599adboostco,paris,mng,m01FahRain0805,,Facebook
25090818UB0YPW,ยกเลิก,211043867203205,2025-09-08 22:17:47,--,2025-09-08 15:02:28,กล้วยหนึบแม่สุรี,110970311,C2C(Non-CB),19984607220,กล้วยหนึบช็อกโกแลต150กรัม,225675588090,Normal Product,0_367253049000417_2,อาหารและเครื่องดื่ม,ขนมขบเคี้ยว,เนื้อสัตว์และผลไม้อบแห้งสำหรับทานเล่น,56,0,คอมมิชชั่นจากร้านค้า,,0,90,1.75%,0,10.00%,0,0,0,0,0,,0,0.00%,0,100.00%,0,ยกเลิก,คำสั่งซื้อไม่ถูกต้อง.,คำสั่งซื้อจากร้านค้าต่างกัน,ที่มีอยู่,2599adboostco,paris,mng,m01FahRain0805,,Facebook
25090818TJ8S5A,รอดำเนินการ,211043841255574,2025-09-08 22:17:21,,2025-09-08 22:03:37,BLUE Racing Store,111575495,Preferred(Non-CB),1994746319,ลด20%ใส่KEY5SXใบปัดน้ำฝนBOSCH รุ่นADVANTAGE ใบปัดเดี่ยว คู่ ขนาด12 14 16 17 18 19 20 21 22 24 26ใบปัด แท้ มาตรฐานเยอรมัน,25571074044,Normal Product,,รถยนต์ อะไหล่และอุปกรณ์เสริมรถยนต์,ชิ้นส่วนอะไหล่รถยนต์,ที่ปัดน้ำฝน และตัวชะล้าง,170,1,คอมมิชชั่นจาก Shopee,,144,,1.75%,2.52,0.00%,0,2.52,2.52,0,2.52,,0,0.00%,0,100.00%,2.52,รอดำเนินการ,สถานะของสินค้านี้คือ อยู่ระหว่างดำเนินการ คอมมิชชั่นจะถูกคำนวณเพื่อจ่ายหลังสถานะเป็นสำเร็จแล้วเท่านั้น,คำสั่งซื้อจากร้านค้าต่างกัน,ที่มีอยู่,2599adboostco,paris,mng,m01FahRain0805,,Facebook
25090818T2YME8,สำเร็จ,211043825221512,2025-09-08 22:17:06,2025-09-11 18:15:46,2025-09-08 22:04:44,Goodlife Shopping,700439603,C2C(Non-CB),26437865174,แปรงทำความสะอาดอเนกประสงค์ 360 องศา ไร้ขอบตัน,300466970052,Normal Product,369141148500255_0_0,เครื่องใช้ในบ้าน,อุปกรณ์ซักรีดและผลิตภัณฑ์ดูแลบ้าน,แปรงซักผ้า,0,1,คอมมิชชั่นจาก Shopee,,0,,1.50%,0,0.00%,0,0,7.315,0,7.315,,0,0.00%,0,100.00%,7.315,สำเร็จ,,คำสั่งซื้อจากร้านค้าต่างกัน,ที่มีอยู่,2599adboostco,paris,mng,m01KFdika0520,,Facebook
25090818T2YME8,สำเร็จ,211043825221512,2025-09-08 22:17:06,2025-09-11 18:15:46,2025-09-08 22:04:44,Goodlife Shopping,700439603,C2C(Non-CB),26601933418,🎉หมวกกันน็อค AXK คุณภาพสูง🎉 หมวกกันน็อคเต็มใบ เลนส์คู่ HD ป้องกันแสงสะท้อน กันลม กันกระแทก ใส่ได้ทั้งชายและหญิง หมวกกันน,215154157132,Normal Product,369141148500255_0_0,รถมอเตอร์ไซค์ อะไหล่และอุปกรณ์เสริมมอเตอร์ไซค์,หมวกกันน็อคและอุปกรณ์สวมใส่สำหรับขับขี่,,418,1,คอมมิชชั่นจาก Shopee,,418,,1.75%,7.315,0.00%,0,7.315,0,0,0,,0,0.00%,0,100.00%,0,สำเร็จ,,คำสั่งซื้อจากร้านค้าต่างกัน,ที่มีอยู่,2599adboostco,paris,mng,m01KFdika0520,,Facebook
25090818S88Q5T,รอดำเนินการ,211043797205157,2025-09-08 22:16:37,,2025-09-08 08:22:42,hgfashion.th,1224107600,Preferred(CB),28001735128,【 Nanjiren 】 ชุดชั ้ นในผ ้ าไหมเทียมระบายอากาศและแห ้ งเร ็ วของผู ้ ชาย,166506706534,Normal Product,,เสื้อผ้าผู้ชาย,ชุดชั้นในชาย,กางเกงใน,156,1,คอมมิชชั่นจากร้านค้า,,132,,1.75%,2.31,10.00%,0,2.31,2.31,0,2.31,,0,0.00%,0,100.00%,2.31,รอดำเนินการ,สถานะของสินค้านี้คือ อยู่ระหว่างดำเนินการ คอมมิชชั่นจะถูกคำนวณเพื่อจ่ายหลังสถานะเป็นสำเร็จแล้วเท่านั้น,คำสั่งซื้อจากร้านค้าต่างกัน,ที่มีอยู่,2599adboostco,paris,mng,m01FahRain0805,,Facebook
25090818PGJ033,ยกเลิก,211043705233433,2025-09-08 22:15:06,--,2025-09-08 22:07:47,9STORE BY CATZA MEOW Official,289705092,C2C(Non-CB),14283000817,MEOW ทรายแมวเต้าหู้ 10 ลิตร / ทรายแมวมันเต้า MEOW ออแกนิก 100% ทิ้งชักโครกได้,251250112225,Normal Product,,สัตว์เลี้ยง,ห้องน้ำและทราย,ทรายแมวและกระบะทรายแมว,630,0,คอมมิชชั่นจากร้านค้า,,0,504,1.75%,0,8.00%,0,0,0,0,0,,0,0.00%,0,100.00%,0,ยกเลิก,คำสั่งซื้อไม่ถูกต้อง.,สั่งซื้อในร้านค้าเดียวกัน,ที่มีอยู่,2599adboostco,paris,mng,m01kaofangMeow0303,,Facebook
25090818PGJ032,ยกเลิก,211043705233433,2025-09-08 22:15:06,--,2025-09-08 22:07:47,9STORE BY CATZA MEOW Official,289705092,C2C(Non-CB),14283000817,MEOW ทรายแมวเต้าหู้ 10 ลิตร / ทรายแมวมันเต้า MEOW ออแกนิก 100% ทิ้งชักโครกได้,251250112223,Normal Product,,สัตว์เลี้ยง,ห้องน้ำและทราย,ทรายแมวและกระบะทรายแมว,630,0,คอมมิชชั่นจากร้านค้า,,0,504,1.75%,0,8.00%,0,0,0,0,0,,0,0.00%,0,100.00%,0,ยกเลิก,คำสั่งซื้อไม่ถูกต้อง.,สั่งซื้อในร้านค้าเดียวกัน,ที่มีอยู่,2599adboostco,paris,mng,m01kaofangMeow0303,,Facebook
25090818PGJ031,ยกเลิก,211043705233433,2025-09-08 22:15:06,--,2025-09-08 22:07:47,9STORE BY CATZA MEOW Official,289705092,C2C(Non-CB),14283000817,MEOW ทรายแมวเต้าหู้ 10 ลิตร / ทรายแมวมันเต้า MEOW ออแกนิก 100% ทิ้งชักโครกได้,251250112223,Normal Product,,สัตว์เลี้ยง,ห้องน้ำและทราย,ทรายแมวและกระบะทรายแมว,630,0,คอมมิชชั่นจากร้านค้า,,0,504,1.75%,0,8.00%,0,0,0,0,0,,0,0.00%,0,100.00%,0,ยกเลิก,คำสั่งซื้อไม่ถูกต้อง.,สั่งซื้อในร้านค้าเดียวกัน,ที่มีอยู่,2599adboostco,paris,mng,m01kaofangMeow0303,,Facebook
25090818P63BKC,รอดำเนินการ,211043694279893,2025-09-08 22:14:55,,2025-09-08 06:24:57,saaipaan.com,283721754,Preferred(Non-CB),13190853126,MG3 เอ็มจี เอ็มจี3  ใบปัด ใบปัดน้ำฝนด้านหลัง ใบปัดหลัง ใบปัดน้ำฝนด้านหลังรถยนต์  REAR WIPER ss,190015023143,Normal Product,,รถยนต์ อะไหล่และอุปกรณ์เสริมรถยนต์,ชิ้นส่วนอะไหล่รถยนต์,ที่ปัดน้ำฝน และตัวชะล้าง,89,1,คอมมิชชั่นจาก Shopee,,81,,1.75%,1.4175,0.00%,0,1.4175,1.4175,0,1.4175,,0,0.00%,0,100.00%,1.4175,รอดำเนินการ,สถานะของสินค้านี้คือ อยู่ระหว่างดำเนินการ คอมมิชชั่นจะถูกคำนวณเพื่อจ่ายหลังสถานะเป็นสำเร็จแล้วเท่านั้น,คำสั่งซื้อจากร้านค้าต่างกัน,ที่มีอยู่,2599adboostco,paris,mng,m01FahRain0805,,Facebook
25090818P63BKB,สำเร็จ,211043694279893,2025-09-08 22:14:55,2025-09-10 19:18:56,2025-09-08 06:24:57,JT Atom,429964239,Preferred(Non-CB),9369907331,ยางปัดน้ำฝนแท้ตรงรุ่น MG 3 ใส่รถปี 2014 ถึง 2023 (ยางยาว17นิ้วหนา8มิลกับ22นิ้วหนา8มิล),39244682121,Normal Product,,รถยนต์ อะไหล่และอุปกรณ์เสริมรถยนต์,ชิ้นส่วนอะไหล่รถยนต์,ที่ปัดน้ำฝน และตัวชะล้าง,140,1,คอมมิชชั่นจากร้านค้า,,108,,1.75%,1.89,4.00%,0,1.89,1.89,0,1.89,,0,0.00%,0,100.00%,1.89,สำเร็จ,,คำสั่งซื้อจากร้านค้าต่างกัน,ที่มีอยู่,2599adboostco,paris,mng,m01FahRain0805,,Facebook
25090818NUKQGE,รอดำเนินการ,211043683270882,2025-09-08 22:14:44,,2025-09-08 07:37:43,MLB Thailand Flagship Store,316651423,Shopee Mall(Non-CB),27576924064,MLB เสื้อยืด ยูนิเซ็กส์ Unisex Basic Coopers Denim-Like Oversized-Fit T-Shirt รุ่น 3ATSB1053 50IVS สีขาวงาช้าง,109406012922,Normal Product,,เสื้อผ้าผู้ชาย,เสื้อ,เสื้อยืด,1090,1,คอมมิชชั่นจากร้านค้า,,872,,1.75%,15.26,7.00%,0,15.26,15.26,0,15.26,,0,0.00%,0,100.00%,15.26,รอดำเนินการ,สถานะของสินค้านี้คือ อยู่ระหว่างดำเนินการ คอมมิชชั่นจะถูกคำนวณเพื่อจ่ายหลังสถานะเป็นสำเร็จแล้วเท่านั้น,คำสั่งซื้อจากร้านค้าต่างกัน,ที่มีอยู่,2599adboostco,paris,mng,m01YPf0821,,Facebook
25090818JA39QU,รอดำเนินการ,211043564247766,2025-09-08 22:12:45,,2025-09-08 21:44:33,Piolar official store,62716634,Preferred(Non-CB),17462502286,ท็อปเปอร์ หนา4นิ้ว  3.5ฟุต/5ฟุต/6ฟุต นุ่มนอนสบาย topper ทอปเปอร์ Topper ที่นอนปิคนิค ปิกนิก,184806585189,Normal Product,,เครื่องใช้ในบ้าน,ห้องนอน,ท็อปเปอร์,297,1,คอมมิชชั่นจากร้านค้า,,253,,1.50%,3.795,10.00%,0,3.795,3.795,0,3.795,,0,0.00%,0,100.00%,3.795,รอดำเนินการ,สถานะของสินค้านี้คือ อยู่ระหว่างดำเนินการ คอมมิชชั่นจะถูกคำนวณเพื่อจ่ายหลังสถานะเป็นสำเร็จแล้วเท่านั้น,คำสั่งซื้อจากร้านค้าต่างกัน,ที่มีอยู่,2599adboostco,paris,mng,m01KFdika0520,,Facebook
25090818HAK3D7,สำเร็จ,211043531212014,2025-09-08 22:12:11,2025-09-10 21:16:42,2025-09-08 12:33:17,Pala_makeup,1221600347,Shopee Mall(Non-CB),26276941053,PALA (รีฟิล) คุชชั่น แบบเติม+พัฟ SOFT MIST LIGHTWEIGHT HOLDING MAKEUP AIR CUSHION SPF50+PA+++ มีอ.ย.,233902591590,Normal Product,,ผลิตภัณฑ์บำรุงและเสริมความงาม,เครื่องสําอาง,เครื่องสําอางสำหรับผิวหน้า,115,1,คอมมิชชั่นจากร้านค้า,,97,,1.75%,1.6975,10.00%,0,1.6975,1.6975,0,1.6975,,0,0.00%,0,100.00%,1.6975,สำเร็จ,,คำสั่งซื้อจากร้านค้าต่างกัน,ที่มีอยู่,2599adboostco,paris,mng,m01KFdika0520,,Facebook
25090818H20F2U,รอดำเนินการ,211043522216434,2025-09-08 22:12:02,,2025-09-08 21:47:47,cnspeed.th,1041159331,C2C(CB),25852763882,ถังเก็บน้ําอลูมิเนียม 46920-S04-A01 สําหรับ Honda Civic EG 92-95 EK 96-00 Integra DC2 94-01 CRX GSR Si Type R,187193730119,Normal Product,,รถยนต์ อะไหล่และอุปกรณ์เสริมรถยนต์,ชิ้นส่วนอะไหล่รถยนต์,เกียร์และระบบขับเคลื่อน,539,1,คอมมิชชั่นจากร้านค้า,,423,,1.75%,7.4025,16.00%,0,7.4025,7.4025,0,7.4025,,0,0.00%,0,100.00%,7.4025,รอดำเนินการ,สถานะของสินค้านี้คือ อยู่ระหว่างดำเนินการ คอมมิชชั่นจะถูกคำนวณเพื่อจ่ายหลังสถานะเป็นสำเร็จแล้วเท่านั้น,คำสั่งซื้อจากร้านค้าต่างกัน,ที่มีอยู่,2599adboostco,paris,mng,m01FahRain0805,,Facebook
25090818G0NUED,รอดำเนินการ,211043487265998,2025-09-08 22:11:28,,2025-09-08 08:05:48,อานันท์ เครื่องหมายข้าราชการ,66300324,Preferred(Non-CB),16775982753,อินทรธนูข้าราชการ อินทรธนูชุดขาว บ่าชุดขาว ช่อชัยพฤกษ์ ระดับชำนาญการ (C7-C8),190746548482,Normal Product,,เครื่องประดับ,อื่นๆ,,419,1,คอมมิชชั่นจาก Shopee,,339,,1.75%,5.9325,0.00%,0,5.9325,5.9325,0,5.9325,,0,0.00%,0,100.00%,5.9325,รอดำเนินการ,สถานะของสินค้านี้คือ อยู่ระหว่างดำเนินการ คอมมิชชั่นจะถูกคำนวณเพื่อจ่ายหลังสถานะเป็นสำเร็จแล้วเท่านั้น,คำสั่งซื้อจากร้านค้าต่างกัน,ที่มีอยู่,2599adboostco,paris,mng,m56ProwaVDO0905,,Facebook
25090818DJGH71,รอดำเนินการ,211043405290520,2025-09-08 22:10:05,,2025-09-08 16:03:27,hxd1990.th,587267770,C2C(CB),22655784891,กระเป๋าสตางค์ หนัง Pu ลายกวางน่ารัก สีพื้น สําหรับผู้หญิง 2021,232058918605,Normal Product,365943553736934_0_0,กระเป๋าผู้หญิง,กระเป๋าสตางค์,กระเป๋าสตางค์ใบสั้น,123,1,คอมมิชชั่นจากร้านค้า,,101,,2.00%,2.02,8.00%,0,2.02,2.02,0,2.02,,0,0.00%,0,100.00%,2.02,รอดำเนินการ,สถานะของสินค้านี้คือ อยู่ระหว่างดำเนินการ คอมมิชชั่นจะถูกคำนวณเพื่อจ่ายหลังสถานะเป็นสำเร็จแล้วเท่านั้น,คำสั่งซื้อจากร้านค้าต่างกัน,ที่มีอยู่,2599adboostco,paris,mng,m01PetKit0520,,Facebook
25090818DJGH71,รอดำเนินการ,211043405290520,2025-09-08 22:10:05,,2025-09-08 16:03:27,hxd1990.th,587267770,C2C(CB),18785266207,แหวนนิ้วชี้ แบบเปิด ปรับได้ สไตล์ฮิปฮอป และญี่ปุ่น สําหรับผู้หญิง,197103482076,Normal Product,365943553736934_0_0,เครื่องประดับ,แหวน,,0,1,คอมมิชชั่นจากร้านค้า,,0,,1.75%,0,8.00%,0,0,0,0,0,,0,0.00%,0,100.00%,0,รอดำเนินการ,สถานะของสินค้านี้คือ อยู่ระหว่างดำเนินการ คอมมิชชั่นจะถูกคำนวณเพื่อจ่ายหลังสถานะเป็นสำเร็จแล้วเท่านั้น,คำสั่งซื้อจากร้านค้าต่างกัน,ที่มีอยู่,2599adboostco,paris,mng,m01PetKit0520,,Facebook
25090818CG33T3,สำเร็จ,211043369207007,2025-09-08 22:09:29,2025-09-10 18:37:46,2025-09-08 05:30:14,Dr. Pong shop,6583190,Shopee Mall(Non-CB),20753476086,[9.9 ลดใหญ่] Dr.PONG ZERO PORE blurring K powder แป้งพัฟเบลอรูขุมขน ปกปิด คุมมัน MADE IN KOREA จากเกาหลี,147570408192,Normal Product,,ผลิตภัณฑ์บำรุงและเสริมความงาม,เครื่องสําอาง,เครื่องสําอางสำหรับผิวหน้า,589,1,คอมมิชชั่นจาก Shopee,,471,,1.75%,8.2425,0.00%,0,8.2425,8.2425,0,8.2425,,0,0.00%,0,100.00%,8.2425,สำเร็จ,,คำสั่งซื้อจากร้านค้าต่างกัน,ที่มีอยู่,2599adboostco,paris,mng,m01Tik0803,,Facebook
250908189HQA6X,รอดำเนินการ,211043270252031,2025-09-08 22:07:51,,2025-09-08 22:07:27,PROFILM,237954961,Preferred(Non-CB),20478849540,สเปรย์เคลือบเงา พรีเมี่ยม เคลือบพลาสติก เคลือบสีรถ เคลือบยางดำ เคลือบเบาะคอนโซล PROWAX PREMIUMWAX,127554691921,Normal Product,,รถยนต์ อะไหล่และอุปกรณ์เสริมรถยนต์,ผลิตภัณฑ์ดูแลรถยนต์,ผลิตภัณฑ์ล้างและเคลือบเงารถยนต์,116,1,คอมมิชชั่นจากร้านค้า,,104,,1.75%,1.82,20.00%,20.8,22.62,1.82,20.8,22.62,,0,0.00%,0,100.00%,22.62,รอดำเนินการ,สถานะของสินค้านี้คือ อยู่ระหว่างดำเนินการ คอมมิชชั่นจะถูกคำนวณเพื่อจ่ายหลังสถานะเป็นสำเร็จแล้วเท่านั้น,สั่งซื้อในร้านค้าเดียวกัน,ที่มีอยู่,2599adboostco,paris,mng,m56ProwaVDO0905,,Facebook
250908187KPD62,ยกเลิก,211043205214875,2025-09-08 22:06:45,--,2025-09-08 17:59:50,chaozhouno1,116388153,Preferred(Non-CB),27029915930,เสื้อกันฝน มีฮู้ด ชุดกันฝนเหมาะสำหรับการขี่มอเตอร์ไซค์ ผ้า Oxford,147739143117,Normal Product,,กีฬาและกิจกรรมกลางแจ้ง,อุปกรณ์เสริมสำหรับเล่นกีฬาและกิจกรรมกลางแจ้ง,เสื้อกันฝน,165,0,คอมมิชชั่นจาก Shopee,,0,140,1.75%,0,0.00%,0,0,0,0,0,,0,0.00%,0,100.00%,0,ยกเลิก,ผู้ซื้อยกเลิกคำสั่งซื้อ.,คำสั่งซื้อจากร้านค้าต่างกัน,ที่มีอยู่,2599adboostco,paris,mng,m01BMavk0821,,Facebook
25090818788HWR,ยกเลิก,211043193224918,2025-09-08 22:06:33,--,2025-09-08 19:47:43,qu0kd6alib,1515079818,C2C(Non-CB),40600099942,ครีมโบทาย่าชุดใหญ่+สบู่,285008341659,Normal Product,,ผลิตภัณฑ์บำรุงและเสริมความงาม,ผลิตภัณฑ์บำรุงบริเวณใบหน้า,มอยส์เจอร์ไรเซอร์บำรุงผิวหน้า,550,0,คอมมิชชั่นจากร้านค้า,,0,1485,1.75%,0,11.00%,0,0,0,0,0,,0,0.00%,0,100.00%,0,ยกเลิก,คำสั่งซื้อไม่ถูกต้อง.,คำสั่งซื้อจากร้านค้าต่างกัน,ที่มีอยู่,2599adboostco,paris,mng,m01YPf0821,,Facebook
2509081873FN0D,สำเร็จ,211043188210239,2025-09-08 22:06:28,2025-09-11 16:32:23,2025-09-08 10:55:36,elephant baby,1163560270,Preferred(Non-CB),40112025506,กางเกงวอร์มเด็กผู้ชาย กางเกงขายาวเด็ก งานดี ใส่สบาย สไตล์แฟชั่น พร้อมส่ง,276007402373,Normal Product,,เสื้อผ้าแฟชั่นเด็ก,เสื้อผ้าเด็กผู้ชาย,กางเกง,145,1,คอมมิชชั่นจากร้านค้า,,129,,1.75%,2.2575,7.00%,0,2.2575,2.2575,0,2.2575,,0,0.00%,0,100.00%,2.2575,สำเร็จ,,คำสั่งซื้อจากร้านค้าต่างกัน,ที่มีอยู่,2599adboostco,paris,mng,m01BMavk0821,,Facebook
2509081873FN0C,สำเร็จ,211043188210239,2025-09-08 22:06:28,2025-09-10 14:42:05,2025-09-08 10:55:36,yd123456.th,1027028538,Preferred(CB),18792413502,กางเกงกีฬาขายาว สีดํา สีขาว แฟชั่นฤดูใบไม้ผลิ ฤดูใบไม้ร่วง สําหรับเด็กผู้ชาย 4-12 ปี 2023,186989331340,Normal Product,,เสื้อผ้าแฟชั่นเด็ก,เสื้อผ้าเด็กผู้ชาย,กางเกง,129,1,คอมมิชชั่นจาก Shopee,,115,,1.75%,2.0125,0.00%,0,2.0125,2.0125,0,2.0125,,0,0.00%,0,100.00%,2.0125,สำเร็จ,,คำสั่งซื้อจากร้านค้าต่างกัน,ที่มีอยู่,2599adboostco,paris,mng,m01BMavk0821,,Facebook
250908184CS6WN,สำเร็จ,211043097293066,2025-09-08 22:04:57,2025-09-11 12:42:29,2025-09-08 21:31:18,Super cool_shop,1144590236,C2C(Non-CB),28120127948,หมวกกันน็อค หมวกกันน๊อก รถจักรยานยนต์ กันลม กันน้ำ แข็งแรงใส่สบายหมวกกันน็อคเต็ม ทนต่อการใช้งาน หมวกกันน็อคเต็มใบ,208047752857,Normal Product,,รถมอเตอร์ไซค์ อะไหล่และอุปกรณ์เสริมมอเตอร์ไซค์,หมวกกันน็อคและอุปกรณ์สวมใส่สำหรับขับขี่,,179,1,คอมมิชชั่นจากร้านค้า,,26,,1.75%,0.455,13.00%,3.38,3.835,0.91,6.76,7.67,,0,0.00%,0,100.00%,7.67,สำเร็จ,,สั่งซื้อในร้านค้าเดียวกัน,ที่มีอยู่,2599adboostco,paris,mng,m01BMavk0821,,Facebook
250908184CS6WN,สำเร็จ,211043097293066,2025-09-08 22:04:57,2025-09-11 12:42:29,2025-09-08 21:31:18,Super cool_shop,1144590236,C2C(Non-CB),28120127948,หมวกกันน็อค หมวกกันน๊อก รถจักรยานยนต์ กันลม กันน้ำ แข็งแรงใส่สบายหมวกกันน็อคเต็ม ทนต่อการใช้งาน หมวกกันน็อคเต็มใบ,208047752858,Normal Product,,รถมอเตอร์ไซค์ อะไหล่และอุปกรณ์เสริมมอเตอร์ไซค์,หมวกกันน็อคและอุปกรณ์สวมใส่สำหรับขับขี่,,179,1,คอมมิชชั่นจากร้านค้า,,26,,1.75%,0.455,13.00%,3.38,3.835,0,0,0,,0,0.00%,0,100.00%,0,สำเร็จ,,สั่งซื้อในร้านค้าเดียวกัน,ที่มีอยู่,2599adboostco,paris,mng,m01BMavk0821,,Facebook
250908182NDR93,รอดำเนินการ,211043039255534,2025-09-08 22:03:59,,2025-09-08 21:46:40,Enyx Official Store,1027683441,Shopee Mall(Non-CB),29362429166,ENYX หูฟัง รุ่น E1X-R หูฟัง Earphone 3.5mm และ Type-C เสียงดี เบสแน่น มีไมโครโฟน หูฟังมีสาย,158808601925,Normal Product,,เครื่องเสียง,หูฟัง,,189,1,คอมมิชชั่นจากร้านค้า,,121,,1.50%,1.815,15.00%,0,1.815,1.815,0,1.815,,0,0.00%,0,100.00%,1.815,รอดำเนินการ,สถานะของสินค้านี้คือ อยู่ระหว่างดำเนินการ คอมมิชชั่นจะถูกคำนวณเพื่อจ่ายหลังสถานะเป็นสำเร็จแล้วเท่านั้น,คำสั่งซื้อจากร้านค้าต่างกัน,ที่มีอยู่,2599adboostco,paris,mng,m01FahRain0805,,Facebook
25090817YQ020Q,ยกเลิก,211042940234663,2025-09-08 22:02:21,--,2025-09-08 14:56:39,Durlapue.th,1430316903,Preferred(CB),44407626699,Durlapue-แฟชั่นเรียบง่ายสบาย ๆ กันน้ําน้ําหนักเบากระเป๋าเป้สะพายหลังผู้หญิง,253604481184,Normal Product,,กระเป๋าผู้หญิง,กระเป๋าเป้,,389,0,คอมมิชชั่นจากร้านค้า,,0,311,2.00%,0,10.00%,0,0,0,0,0,,0,0.00%,0,100.00%,0,ยกเลิก,คำสั่งซื้อไม่ถูกต้อง.,คำสั่งซื้อจากร้านค้าต่างกัน,ที่มีอยู่,2599adboostco,paris,mng,m01BMavk0821,,Facebook
25090817XX773S,รอดำเนินการ,211042914251580,2025-09-08 22:01:54,,2025-09-08 21:23:21,Orsen&Eloop Powerbank,757620766,Preferred(Non-CB),18680608134,[45บ.โค้ดคุ้ม] Orsen by Eloop R1 Magnetic Ring แหวนแม่เหล็ก แม่เหล็กติดโทรศัพท์ สติกเกอร์แม่เหล็ก ติดเคส,186797126929,Normal Product,,มือถือและอุปกรณ์เสริม,อุปกรณ์เสริม,อื่นๆ,51,1,คอมมิชชั่นจาก Shopee,,51,,1.50%,0.765,0.00%,0,0.765,0.765,0,0.765,,0,0.00%,0,100.00%,0.765,รอดำเนินการ,สถานะของสินค้านี้คือ อยู่ระหว่างดำเนินการ คอมมิชชั่นจะถูกคำนวณเพื่อจ่ายหลังสถานะเป็นสำเร็จแล้วเท่านั้น,คำสั่งซื้อจากร้านค้าต่างกัน,ที่มีอยู่,2599adboostco,paris,mng,m01KFdika0520,,Facebook
25090817W403KT,ยกเลิก,211042853208210,2025-09-08 22:00:53,--,2025-09-08 21:56:05,Lotuss_official,144046792,Shopee Mall(Non-CB),2723652281,[ทั้งหมด 2 ชิ้น] แวนิช เอ็กซ์ตร้า ไฮยีน 740 กรัม VANISH EXTRA HYGIENE DETERGENT 740 G.,42155759856,Normal Product,,เครื่องใช้ในบ้าน,อุปกรณ์ซักรีดและผลิตภัณฑ์ดูแลบ้าน,ผลิตภัณฑ์ซักรีด,578,0,คอมมิชชั่นจาก Shopee,,0,414,1.50%,0,0.00%,0,0,0,0,0,,0,0.00%,0,100.00%,0,ยกเลิก,คำสั่งซื้อถูกยกเลิก เนื่องจากการจัดส่งไม่สำเร็จ.,คำสั่งซื้อจากร้านค้าต่างกัน,ที่มีอยู่,2599adboostco,paris,mng,m56Fazzi0830,,Facebook
25090817VQKCBV,สำเร็จ,211042840200608,2025-09-08 22:00:40,2025-09-11 10:59:01,2025-09-08 21:51:08,BAN MUN WHAN,89809998,Preferred(Non-CB),6767248181,‼️ถูกสุดอันดับ1‼️ มันหวานญี่ปุ่นแท้ 5 ยี่ห้อเผาพร้อมทาน เนื้อเหลือง หอม หวาน 1 กก.4-6 หัว สินค้าเคลมได้,23012951017,Normal Product,,อาหารและเครื่องดื่ม,อาหารสำเร็จรูป,อาหารปรุงสุก และอาหารพร้อมทาน,85,1,คอมมิชชั่นจากร้านค้า,,85,,1.75%,1.4875,15.00%,0,1.4875,1.4875,0,1.4875,,0,0.00%,0,100.00%,1.4875,สำเร็จ,,คำสั่งซื้อจากร้านค้าต่างกัน,ที่มีอยู่,2599adboostco,paris,mng,m01jjshop0803,,Facebook
25090817VC578S,รอดำเนินการ,211042828207309,2025-09-08 22:00:27,,2025-09-08 07:47:29,bestgoods.th,169903886,Preferred(CB),29026545982,เคสพิเศษ + สายสแตนเลสสําหรับนาฬิกา Huawei Fit 3 สายสร้อยข้อมือ Correa สําหรับ Huawei Watch Fit3 อุปกรณ์เสริมสายโลหะ,198223397163,Normal Product,,มือถือและอุปกรณ์เสริม,อุปกรณ์เสริม,อุปกรณ์เสริมอุปกรณ์สวมใส่,186,1,คอมมิชชั่นจาก Shopee,,153,,1.50%,2.295,0.00%,0,2.295,2.295,0,2.295,,0,0.00%,0,100.00%,2.295,รอดำเนินการ,สถานะของสินค้านี้คือ อยู่ระหว่างดำเนินการ คอมมิชชั่นจะถูกคำนวณเพื่อจ่ายหลังสถานะเป็นสำเร็จแล้วเท่านั้น,คำสั่งซื้อจากร้านค้าต่างกัน,ที่มีอยู่,2599adboostco,paris,mng,m01PetKit0520,,Facebook
25090817SGKTW3,สำเร็จ,211042732214608,2025-09-08 21:58:52,2025-09-09 18:58:27,2025-09-08 13:01:34,Soundcore Official Store,261470761,Shopee Mall(Non-CB),25411395493,Soundcore A20i True Wireless Bluetooth Earphone หูฟังบลูทูธ Noise Cancelling,226025735055,Normal Product,,เครื่องเสียง,หูฟัง,,399,1,คอมมิชชั่นจาก Shopee,,319,,1.50%,4.785,0.00%,0,4.785,4.785,0,4.785,,0,0.00%,0,100.00%,4.785,สำเร็จ,,คำสั่งซื้อจากร้านค้าต่างกัน,ที่มีอยู่,2599adboostco,paris,mng,m01KFdika0520,,Facebook
25090817S55QH3,สำเร็จ,211042720223779,2025-09-08 21:58:40,2025-09-11 06:05:57,2025-09-08 15:20:03,2TONE HOME,1073868044,Preferred(Non-CB),25414805982,เทปซ่อมมุ้งลวด เทปกาวซ่อมมุ้งลวด แผ่นซ่อมมุ้งลวด เทปกาวมุ้งลวด เทปกาวแปะมุ้งลวด ซ่อมขอบมุ้งลวด ตาข่ายซ่อมมุ้ง 8094,29606323627,Normal Product,,เครื่องใช้ในบ้าน,ห้องนอน,มุ้ง,45,1,คอมมิชชั่นจากร้านค้า,,41,,1.50%,0.615,7.00%,0,0.615,0.615,0,0.615,,0,0.00%,0,100.00%,0.615,สำเร็จ,,คำสั่งซื้อจากร้านค้าต่างกัน,ที่มีอยู่,2599adboostco,paris,mng,m01KFdika0520,,Facebook
25090817S55QH2,สำเร็จ,211042720223779,2025-09-08 21:58:40,2025-09-11 06:05:54,2025-09-08 15:20:03,Diybyhome,60330451,Preferred(Non-CB),6245846674,ฐานถังแก๊ส ฐานรองรองพัดลม ฐานรองแบบล้อเลื่อน  อุปกรณ์ช่วยย้ายของล้อเลื่อน ฐานรองอเนกประสงค์ ER-U018,91370557202,Normal Product,,เครื่องใช้ในบ้าน,เฟอร์นิเจอร์,อื่นๆ,109,1,คอมมิชชั่นจากร้านค้า,,92,,1.50%,1.38,8.00%,0,1.38,1.38,0,1.38,,0,0.00%,0,100.00%,1.38,สำเร็จ,,คำสั่งซื้อจากร้านค้าต่างกัน,ที่มีอยู่,2599adboostco,paris,mng,m01KFdika0520,,Facebook
25090817QEUTK6,รอดำเนินการ,211042663276849,2025-09-08 21:57:43,,2025-09-08 21:16:59,Lenovo thinkplus Audio Store,854443663,Shopee Mall(CB),26135980214,Lenovo ERAZER XF50 AI หูฟังนักแปล หูฟังแปลภาษา Wireless Earbud หูฟังการแปลอัจฉริยะ 134 ภาษา Bluetooth 6.0 หูฟังไร้สาย AI หูฟังแป,99830045452,Normal Product,,เครื่องเสียง,หูฟัง,,289,1,คอมมิชชั่นจากร้านค้า,,251,,1.50%,3.765,11.00%,0,3.765,3.765,0,3.765,,0,0.00%,0,100.00%,3.765,รอดำเนินการ,สถานะของสินค้านี้คือ อยู่ระหว่างดำเนินการ คอมมิชชั่นจะถูกคำนวณเพื่อจ่ายหลังสถานะเป็นสำเร็จแล้วเท่านั้น,คำสั่งซื้อจากร้านค้าต่างกัน,ที่มีอยู่,2599adboostco,paris,mng,m56Fazzi0830,,Facebook
25090817M9QW8H,รอดำเนินการ,211042557245526,2025-09-08 21:55:58,,2025-09-08 21:51:35,earth_officialshop,108157692,Shopee Mall(Non-CB),2272862001,อาท สเปรย์ไล่หนู 300 มล. สูตรใหม่,62158777784,Normal Product,,เครื่องใช้ในบ้าน,อุปกรณ์ซักรีดและผลิตภัณฑ์ดูแลบ้าน,ผลิตภัณฑ์กำจัดแมลง,58,4,คอมมิชชั่นจากร้านค้า,,185,,1.50%,2.775,10.00%,18.5,21.275,2.775,18.5,21.275,,0,0.00%,0,100.00%,21.275,รอดำเนินการ,สถานะของสินค้านี้คือ อยู่ระหว่างดำเนินการ คอมมิชชั่นจะถูกคำนวณเพื่อจ่ายหลังสถานะเป็นสำเร็จแล้วเท่านั้น,สั่งซื้อในร้านค้าเดียวกัน,ที่มีอยู่,2599adboostco,paris,mng,m01FahRain0805,,Others
25090817H3R07F,รอดำเนินการ,211042450287794,2025-09-08 21:54:11,,2025-09-08 21:29:47,CEO_AuraRich,159399343,Shopee Mall(Non-CB),2441248112,แป้งพัฟน้ำผึ้งทองคำ ออร่าริช (1ตลับ) / HONEY GOLD FACE POWDER SPF35 PA++,18373768656,Normal Product,,ผลิตภัณฑ์บำรุงและเสริมความงาม,เครื่องสําอาง,เครื่องสําอางสำหรับผิวหน้า,289,2,คอมมิชชั่นจากร้านค้า,,462,,1.75%,8.085,20.00%,0,8.085,8.085,0,8.085,,0,0.00%,0,100.00%,8.085,รอดำเนินการ,สถานะของสินค้านี้คือ อยู่ระหว่างดำเนินการ คอมมิชชั่นจะถูกคำนวณเพื่อจ่ายหลังสถานะเป็นสำเร็จแล้วเท่านั้น,คำสั่งซื้อจากร้านค้าต่างกัน,ที่มีอยู่,2599adboostco,paris,mng,m01BMavk0821,,Facebook
25090817BTWYRP,รอดำเนินการ,211042273271280,2025-09-08 21:51:13,,2025-09-08 21:44:13,Gallop1959 ,258005710,Shopee Mall(Non-CB),40807267753,GALLOP : OXFORD CASUAL SHIRT เสื้อเชิ๊ตแขนสั้น รุ่น GW9031 สี Brown Beige - น้ำตาล / ราคาปกติ 1490.-,258594290596,Normal Product,,เสื้อผ้าผู้ชาย,เสื้อ,เสื้อเชิ้ต,465,1,คอมมิชชั่นจาก Shopee,,418,,1.75%,7.315,0.00%,0,7.315,7.315,0,7.315,,0,0.00%,0,100.00%,7.315,รอดำเนินการ,สถานะของสินค้านี้คือ อยู่ระหว่างดำเนินการ คอมมิชชั่นจะถูกคำนวณเพื่อจ่ายหลังสถานะเป็นสำเร็จแล้วเท่านั้น,คำสั่งซื้อจากร้านค้าต่างกัน,ที่มีอยู่,2599adboostco,paris,mng,m01Tik0803,,Facebook
250908177XVT14,สำเร็จ,211042143211087,2025-09-08 21:49:03,2025-09-09 20:26:43,2025-09-08 21:16:00,B BLUES,1275048053,Shopee Mall(Non-CB),28035405574,B BLUESชุดกันฝน เสื้อกันฝน ดำ มีแถบสะท้อนแสง หมวกติดเสื้อ Waterproof Rain Suitพรีเมี่ยม เสื้อกันฝน เหมาะสำหรับทุกความสูง,157826471453,Normal Product,,กีฬาและกิจกรรมกลางแจ้ง,อุปกรณ์เสริมสำหรับเล่นกีฬาและกิจกรรมกลางแจ้ง,เสื้อกันฝน,209,1,คอมมิชชั่นจากร้านค้า,,173,,1.75%,3.0275,7.00%,0,3.0275,3.0275,0,3.0275,,0,0.00%,0,100.00%,3.0275,สำเร็จ,,คำสั่งซื้อจากร้านค้าต่างกัน,ที่มีอยู่,2599adboostco,paris,mng,m01KFdika0520,,Facebook
250908175ETGAM,รอดำเนินการ,211042059250060,2025-09-08 21:47:39,,2025-09-08 21:36:16,Rockbros Official Shop,66845735,Shopee Mall(CB),2600281975,【TH Delivery】ROCKBROS หน้ากากแบบครึ่งหน้า ป้องกันรังสี UV 400 สำหรับขับขี่,5886402137,Normal Product,,กีฬาและกิจกรรมกลางแจ้ง,อุปกรณ์เล่นกีฬาและกิจกรรมกลางแจ้ง,ไอซ์สเก็ตและสกี,79,1,คอมมิชชั่นจากร้านค้า,,71,,1.75%,1.2425,4.00%,0,1.2425,1.2425,0,1.2425,,0,0.00%,0,100.00%,1.2425,รอดำเนินการ,สถานะของสินค้านี้คือ อยู่ระหว่างดำเนินการ คอมมิชชั่นจะถูกคำนวณเพื่อจ่ายหลังสถานะเป็นสำเร็จแล้วเท่านั้น,คำสั่งซื้อจากร้านค้าต่างกัน,ที่มีอยู่,2599adboostco,paris,mng,m01KFdika0520,,Facebook
2509081710R2M5,รอดำเนินการ,211041910277783,2025-09-08 21:45:10,,2025-09-08 21:42:44,werashop19,410603376,Preferred(Non-CB),23348013481,ยาสีฟันดีเดนท์ 5 หลอด 90 บาท ยาสีฟัน สูตรเปปเปอร์มินต์ ขนาด 100 กรัม,186875237740,Normal Product,,กลุ่มผลิตภัณฑ์เพื่อสุขภาพ,ของใช้ส่วนตัว,ผลิตภัณฑ์ดูแลช่องปาก,88,2,คอมมิชชั่นจาก Shopee,,176,,1.50%,2.64,0.00%,0,2.64,2.64,0,2.64,,0,0.00%,0,100.00%,2.64,รอดำเนินการ,สถานะของสินค้านี้คือ อยู่ระหว่างดำเนินการ คอมมิชชั่นจะถูกคำนวณเพื่อจ่ายหลังสถานะเป็นสำเร็จแล้วเท่านั้น,คำสั่งซื้อจากร้านค้าต่างกัน,ที่มีอยู่,2599adboostco,paris,mng,m01KFdika0520,,Facebook
25090816YSJR2D,รอดำเนินการ,211041869200101,2025-09-08 21:44:29,,2025-09-08 10:11:22,กาแฟ89 กาแฟคั่วสด หอม เข้มข้น,357705383,C2C(Non-CB),18375829634,กาแฟดำเพื่อสุขภาพ ไม่มีน้ำตาล คั่วสด บดละเอียด ละลายน้ำร้อนทันที พร้อมดื่ม Healthy Black Coffee | ร้านกาแฟ 89,165699023972,Normal Product,,อาหารและเครื่องดื่ม,เครื่องดื่ม,กาแฟ,135,1,คอมมิชชั่นจากร้านค้า,,103,,1.75%,1.8025,20.00%,0,1.8025,1.8025,0,1.8025,,0,0.00%,0,100.00%,1.8025,รอดำเนินการ,สถานะของสินค้านี้คือ อยู่ระหว่างดำเนินการ คอมมิชชั่นจะถูกคำนวณเพื่อจ่ายหลังสถานะเป็นสำเร็จแล้วเท่านั้น,คำสั่งซื้อจากร้านค้าต่างกัน,ที่มีอยู่,2599adboostco,paris,mng,m06Nasa1228,,Facebook
25090816WSRHBA,สำเร็จ,211041802281721,2025-09-08 21:43:23,2025-09-10 12:32:31,2025-09-08 20:01:35,JUST GYM,1129521967,Preferred(Non-CB),22863828789,ที่ยืดขา แท่นยืดเส้น ที่ยืดน่อง แบริ่ง400 กก ปรับระดับได้ 9เกียร์ ยืดน่อง ยืดเส้น แท่นยืดขา แก้ปวดขา,184907635371,Normal Product,,กีฬาและกิจกรรมกลางแจ้ง,อุปกรณ์เล่นกีฬาและกิจกรรมกลางแจ้ง,อุปกรณ์ฟิตเนสและออกกำลังกาย,228,1,คอมมิชชั่นจากร้านค้า,,178,,1.75%,3.115,7.00%,0,3.115,10.15,0,10.15,,0,0.00%,0,100.00%,10.15,สำเร็จ,,คำสั่งซื้อจากร้านค้าต่างกัน,ที่มีอยู่,2599adboostco,paris,mng,m02Rooftop0623,,Facebook
25090816WSRHBA,สำเร็จ,211041802281721,2025-09-08 21:43:23,2025-09-10 12:32:31,2025-09-08 20:01:35,JUST GYM,1129521967,Preferred(Non-CB),40855023968,ANGTOP skipping mat ชุด 3 ชิ้น กันลื่น หนาขึ้น เสียงเงียบ jump rope mat แผ่นโยคะ yoga mat เสื่อโยคะ,243533615272,Normal Product,,กีฬาและกิจกรรมกลางแจ้ง,อุปกรณ์เล่นกีฬาและกิจกรรมกลางแจ้ง,โยคะ และพิลาทิส,519,1,คอมมิชชั่นจากร้านค้า,,402,,1.75%,7.035,7.00%,0,7.035,0,0,0,,0,0.00%,0,100.00%,0,สำเร็จ,,คำสั่งซื้อจากร้านค้าต่างกัน,ที่มีอยู่,2599adboostco,paris,mng,m02Rooftop0623,,Facebook
25090816WRRM6U,รอดำเนินการ,211041801245969,2025-09-08 21:43:22,,2025-09-08 09:20:33,ไข่ครอบ ควนเนียง by เก่ง ธชย,1191086766,Preferred(Non-CB),23464002745,ไข่ครอบควนเนียง by เก่ง ธชย (1แพ็ค),236092631423,Normal Product,,อาหารและเครื่องดื่ม,ผลิตภัณฑ์นม เนย และไข่,ไข่,69,1,คอมมิชชั่นจากร้านค้า,,55,,1.75%,0.9625,10.00%,0,0.9625,0.9625,0,0.9625,,0,0.00%,0,100.00%,0.9625,รอดำเนินการ,สถานะของสินค้านี้คือ อยู่ระหว่างดำเนินการ คอมมิชชั่นจะถูกคำนวณเพื่อจ่ายหลังสถานะเป็นสำเร็จแล้วเท่านั้น,คำสั่งซื้อจากร้านค้าต่างกัน,ที่มีอยู่,2599adboostco,paris,mng,m01PetKit0520,,Facebook
25090816WRRM6T,รอดำเนินการ,211041801245969,2025-09-08 21:43:22,,2025-09-08 09:20:33,ฮั่วเพ้งพลาสติก (1992) จำกัด,167362513,Preferred(Non-CB),23248089888,ถุงกันฝุ่น กันน้ำท่วม PVC เชือกรูด ล็อคได้ เก็บกระเป๋าเดินทาง เก็บของอเนกประสงค์ เก็บผ้านวม เก็บท็อปเปอร์,108953601751,Normal Product,,กระเป๋าเดินทาง,อุปกรณ์เสริมสำหรับเดินทาง,ผ้าคลุมกระเป๋าเดินทาง,58,1,คอมมิชชั่นจากร้านค้า,,47,,2.00%,0.94,4.00%,0,0.94,2,0,2,,0,0.00%,0,100.00%,2,รอดำเนินการ,สถานะของสินค้านี้คือ อยู่ระหว่างดำเนินการ คอมมิชชั่นจะถูกคำนวณเพื่อจ่ายหลังสถานะเป็นสำเร็จแล้วเท่านั้น,คำสั่งซื้อจากร้านค้าต่างกัน,ที่มีอยู่,2599adboostco,paris,mng,m01PetKit0520,,Facebook
25090816WRRM6T,รอดำเนินการ,211041801245969,2025-09-08 21:43:22,,2025-09-08 09:20:33,ฮั่วเพ้งพลาสติก (1992) จำกัด,167362513,Preferred(Non-CB),23248089888,ถุงกันฝุ่น กันน้ำท่วม PVC เชือกรูด ล็อคได้ เก็บกระเป๋าเดินทาง เก็บของอเนกประสงค์ เก็บผ้านวม เก็บท็อปเปอร์,108953601752,Normal Product,,กระเป๋าเดินทาง,อุปกรณ์เสริมสำหรับเดินทาง,ผ้าคลุมกระเป๋าเดินทาง,68,1,คอมมิชชั่นจากร้านค้า,,53,,2.00%,1.06,4.00%,0,1.06,0,0,0,,0,0.00%,0,100.00%,0,รอดำเนินการ,สถานะของสินค้านี้คือ อยู่ระหว่างดำเนินการ คอมมิชชั่นจะถูกคำนวณเพื่อจ่ายหลังสถานะเป็นสำเร็จแล้วเท่านั้น,คำสั่งซื้อจากร้านค้าต่างกัน,ที่มีอยู่,2599adboostco,paris,mng,m01PetKit0520,,Facebook
25090816WRRM6S,รอดำเนินการ,211041801245969,2025-09-08 21:43:22,,2025-09-08 09:20:33,Vbest-store,618226226,Preferred(Non-CB),14447606944,ผ้าพันแผล ผ้าก๊อซยืดพันแผล ก๊อซยืด PBT Bandage ขนาด 2-6 นิ้ว ยาว 4.5m.,142229187444,Normal Product,,กลุ่มผลิตภัณฑ์เพื่อสุขภาพ,เครื่องมือและอุปกรณ์ในการดูแลสุขภาพ,อุปกรณ์ปฐมพยาบาล,5,1,คอมมิชชั่นจาก Shopee,,5,,1.50%,0.075,0.00%,0,0.075,0.66,0,0.66,,0,0.00%,0,100.00%,0.66,รอดำเนินการ,สถานะของสินค้านี้คือ อยู่ระหว่างดำเนินการ คอมมิชชั่นจะถูกคำนวณเพื่อจ่ายหลังสถานะเป็นสำเร็จแล้วเท่านั้น,คำสั่งซื้อจากร้านค้าต่างกัน,ที่มีอยู่,2599adboostco,paris,mng,m01PetKit0520,,Facebook
25090816WRRM6S,รอดำเนินการ,211041801245969,2025-09-08 21:43:22,,2025-09-08 09:20:33,Vbest-store,618226226,Preferred(Non-CB),15277784714,แผ่นปิดแผลอเนกประสงค์ เทปปิดแผล แผ่นผ้าปิดแผล พลาสเตอร์ปิดแผลยาว 10 เมตร ผ้าปิดแผล อุปกรณ์ปฐมพยาบาล,87522240774,Normal Product,,กลุ่มผลิตภัณฑ์เพื่อสุขภาพ,เครื่องมือและอุปกรณ์ในการดูแลสุขภาพ,อุปกรณ์ปฐมพยาบาล,49,1,คอมมิชชั่นจาก Shopee,,39,,1.50%,0.585,0.00%,0,0.585,0,0,0,,0,0.00%,0,100.00%,0,รอดำเนินการ,สถานะของสินค้านี้คือ อยู่ระหว่างดำเนินการ คอมมิชชั่นจะถูกคำนวณเพื่อจ่ายหลังสถานะเป็นสำเร็จแล้วเท่านั้น,คำสั่งซื้อจากร้านค้าต่างกัน,ที่มีอยู่,2599adboostco,paris,mng,m01PetKit0520,,Facebook
25090816T3FYVH,สำเร็จ,211041678271287,2025-09-08 21:41:19,2025-09-09 13:44:28,2025-09-08 16:19:16,FITFLOW.TH,891468627,C2C(Non-CB),28332112655,1พีซี ตะขอแม่เหล็กที่แข็งแกร่งกลางแจ้งตะขอแม่เหล็กที่แข็งแกร่งไฟตั้งแคมป์แขวนหลังคาเต็นท์สมอตะขอหัวเข็มขัดปีน,168836425213,Normal Product,,กีฬาและกิจกรรมกลางแจ้ง,อุปกรณ์เล่นกีฬาและกิจกรรมกลางแจ้ง,อุปกรณ์ตั้งแคมป์และเดินป่า,35,2,คอมมิชชั่นจาก Shopee,,70,,1.75%,1.225,0.00%,0,1.225,2.695,0,2.695,,0,0.00%,0,100.00%,2.695,สำเร็จ,,คำสั่งซื้อจากร้านค้าต่างกัน,ที่มีอยู่,2599adboostco,paris,mng,m02Rooftop0706,,Facebook
25090816T3FYVH,สำเร็จ,211041678271287,2025-09-08 21:41:19,2025-09-09 13:44:28,2025-09-08 16:19:16,FITFLOW.TH,891468627,C2C(Non-CB),28332112655,1พีซี ตะขอแม่เหล็กที่แข็งแกร่งกลางแจ้งตะขอแม่เหล็กที่แข็งแกร่งไฟตั้งแคมป์แขวนหลังคาเต็นท์สมอตะขอหัวเข็มขัดปีน,168836425214,Normal Product,,กีฬาและกิจกรรมกลางแจ้ง,อุปกรณ์เล่นกีฬาและกิจกรรมกลางแจ้ง,อุปกรณ์ตั้งแคมป์และเดินป่า,14,6,คอมมิชชั่นจาก Shopee,,84,,1.75%,1.47,0.00%,0,1.47,0,0,0,,0,0.00%,0,100.00%,0,สำเร็จ,,คำสั่งซื้อจากร้านค้าต่างกัน,ที่มีอยู่,2599adboostco,paris,mng,m02Rooftop0706,,Facebook
25090816T0KAA8,สำเร็จ,211041675231125,2025-09-08 21:41:15,2025-09-10 17:11:45,2025-09-08 09:59:30,T N P SHOP,41496518,Preferred(Non-CB),20388080286,"สวิทช์ไฟสูง-ต่ำ3ระดับ เปิด-ปิดไฟหน้า Wave125i, Wave110i, PCX, Click125i",231536048997,Normal Product,,รถมอเตอร์ไซค์ อะไหล่และอุปกรณ์เสริมมอเตอร์ไซค์,ชิ้นส่วนอะไหล่มอเตอร์ไซค์,ชุดไฟมอเตอร์ไซค์,80,1,คอมมิชชั่นจาก Shopee,,80,,1.75%,1.4,0.00%,0,1.4,1.4,0,1.4,,0,0.00%,0,100.00%,1.4,สำเร็จ,,คำสั่งซื้อจากร้านค้าต่างกัน,ที่มีอยู่,2599adboostco,paris,mng,m56Fazzi0830,,Facebook
25090816S9P2BW,สำเร็จ,211041651214171,2025-09-08 21:40:51,2025-09-11 15:07:27,2025-09-08 10:07:52,NapapornPaper,286623594,C2C(Non-CB),5077470191,กระดาษรองพื้นรถยนต์ 100แผ่น (110แกรม 40*45 ซม.),80842928116,Normal Product,,รถยนต์ อะไหล่และอุปกรณ์เสริมรถยนต์,อุปกรณ์เสริมภายในรถยนต์,พรมรถยนต์,54,1,คอมมิชชั่นจากร้านค้า,,54,,1.75%,0.945,7.00%,0,0.945,0.945,0,0.945,,0,0.00%,0,100.00%,0.945,สำเร็จ,,คำสั่งซื้อจากร้านค้าต่างกัน,ที่มีอยู่,2599adboostco,paris,mng,m02Rooftop0623,,Facebook
25090816PABUAJ,สำเร็จ,211041551265853,2025-09-08 21:39:11,2025-09-10 20:48:14,2025-09-08 09:00:23,9STORE BY CATZA MEOW Official,289705092,C2C(Non-CB),14283000817,MEOW ทรายแมวเต้าหู้ 10 ลิตร / ทรายแมวมันเต้า MEOW ออแกนิก 100% ทิ้งชักโครกได้,240008957291,Normal Product,,สัตว์เลี้ยง,ห้องน้ำและทราย,ทรายแมวและกระบะทรายแมว,165,1,คอมมิชชั่นจากร้านค้า,,148,,1.75%,2.59,8.00%,11.84,14.43,2.59,11.84,14.43,,0,0.00%,0,100.00%,14.43,สำเร็จ,,สั่งซื้อในร้านค้าเดียวกัน,ที่มีอยู่,2599adboostco,paris,mng,m01kaofangMeow0303,,Facebook
25090816NXWT0U,รอดำเนินการ,211041539262396,2025-09-08 21:39:00,,2025-09-08 21:30:04,Cokki ,928132480,Shopee Mall(CB),26707386650,[สินค้าใหม่!]โคคกี้ แปรงสีฟัน 3ง 3ง สามด้านแปรงฟันได้ สําหรับผู้ใหญ่ ขนนุ่มสุดๆ,168348127401,Normal Product,,กลุ่มผลิตภัณฑ์เพื่อสุขภาพ,ของใช้ส่วนตัว,ผลิตภัณฑ์ดูแลช่องปาก,35,1,ดีลพิเศษเฉพาะคุณ,,30,,1.50%,0.45,13.00%,0,0.45,0.45,0,0.45,,0,0.00%,0,100.00%,0.45,รอดำเนินการ,สถานะของสินค้านี้คือ อยู่ระหว่างดำเนินการ คอมมิชชั่นจะถูกคำนวณเพื่อจ่ายหลังสถานะเป็นสำเร็จแล้วเท่านั้น,คำสั่งซื้อจากร้านค้าต่างกัน,ที่มีอยู่,2599adboostco,paris,mng,m01PetKit0520,,Facebook
25090816NXWT0T,รอดำเนินการ,211041539262396,2025-09-08 21:39:00,,2025-09-08 21:30:04,AquaPro Store,41806856,Preferred(Non-CB),26188104575,กระชังขังลูกปลาแรกเกิด DIY (ลอยน้ำ)  *ติดโฟมให้เเล้วไม่ต้องติดเอง*ช่วยแยกลูกปลา แยกปลาป่วย/ กรองใหญ่ฝาถังพ่นยาขอบ 11.8cm,270539351778,Normal Product,,สัตว์เลี้ยง,อุปกรณ์สำหรับสัตว์เลี้ยง,ตู้ปลาและอุปกรณ์เสริม,45,1,คอมมิชชั่นจาก Shopee,,38,,1.75%,0.665,0.00%,0,0.665,0.665,0,0.665,,0,0.00%,0,100.00%,0.665,รอดำเนินการ,สถานะของสินค้านี้คือ อยู่ระหว่างดำเนินการ คอมมิชชั่นจะถูกคำนวณเพื่อจ่ายหลังสถานะเป็นสำเร็จแล้วเท่านั้น,คำสั่งซื้อจากร้านค้าต่างกัน,ที่มีอยู่,2599adboostco,paris,mng,m01PetKit0520,,Facebook
25090816NXWT0S,สำเร็จ,211041539262396,2025-09-08 21:39:00,2025-09-11 14:00:05,2025-09-08 21:30:04,Sweet Japan,1109614402,C2C(Non-CB),25108312479,ผลิตภัณฑ์ระงับกลิ่นปาก Kobayashi Speed Breath Care Refreshner Soft Capsule Made in Japan,207270569895,Normal Product,,กลุ่มผลิตภัณฑ์เพื่อสุขภาพ,ของใช้ส่วนตัว,ผลิตภัณฑ์ดูแลช่องปาก,129,1,คอมมิชชั่นจาก Shopee,,109,,1.50%,1.635,0.00%,0,1.635,1.635,0,1.635,,0,0.00%,0,100.00%,1.635,สำเร็จ,,คำสั่งซื้อจากร้านค้าต่างกัน,ที่มีอยู่,2599adboostco,paris,mng,m01PetKit0520,,Facebook
25090816NDQ606,รอดำเนินการ,211041521224105,2025-09-08 21:38:42,,2025-09-08 21:28:38,BuildCore.th,1357375392,C2C(Non-CB),27573457535,BuildCore ชุดดอกถอนน็อตหัวเสีย ก้านหกเหลี่ยม และประแจ สําหรับเครื่องมือช่างหัก 5 ชิ้น,237271513752,Normal Product,,เครื่องใช้ในบ้าน,เครื่องมือและอุปกรณ์ปรับปรุงบ้าน,เครื่องมือช่าง,35,1,คอมมิชชั่นจาก Shopee,,35,,1.50%,0.525,0.00%,0,0.525,0.525,0,0.525,,0,0.00%,0,100.00%,0.525,รอดำเนินการ,สถานะของสินค้านี้คือ อยู่ระหว่างดำเนินการ คอมมิชชั่นจะถูกคำนวณเพื่อจ่ายหลังสถานะเป็นสำเร็จแล้วเท่านั้น,คำสั่งซื้อจากร้านค้าต่างกัน,ที่มีอยู่,2599adboostco,paris,mng,m01KFdika0520,,Facebook
25090816KV48K5,รอดำเนินการ,211041469220484,2025-09-08 21:37:50,,2025-09-08 14:53:14,RAPTOR THAILAND,372921133,Shopee Mall(Non-CB),28469932762,หัวพ่นแก๊สกระป๋องของแท้ แบรนด์ RAPTOR V.1 มีระบบกันไฟลุกท่วม ทองเหลืองแท้,205619798667,Normal Product,,เครื่องใช้ในบ้าน,เครื่องครัว,อุปกรณ์จุดไฟ,431,1,คอมมิชชั่นจากร้านค้า,,431,,1.50%,6.465,12.00%,0,6.465,6.465,0,6.465,,0,0.00%,0,100.00%,6.465,รอดำเนินการ,สถานะของสินค้านี้คือ อยู่ระหว่างดำเนินการ คอมมิชชั่นจะถูกคำนวณเพื่อจ่ายหลังสถานะเป็นสำเร็จแล้วเท่านั้น,คำสั่งซื้อจากร้านค้าต่างกัน,ที่มีอยู่,2599adboostco,paris,mng,m02Rooftop0706,,Facebook
25090816DSJSVD,สำเร็จ,211041265229953,2025-09-08 21:34:25,2025-09-11 20:47:04,2025-09-08 19:37:34,Motorcycle House-F,1057648072,C2C(Non-CB),18283477238,หมวกกันน็อคครึ่งใบ หมวกกันน๊อก รถจักรยานยนต์ กันลม กันน้ำ ทนต่อการใช้งาน  ถ่ายเทอากาศได้ดี แข็งแรงทนทานต่อ หมวกกันน๊อค,194600021917,Normal Product,,รถมอเตอร์ไซค์ อะไหล่และอุปกรณ์เสริมมอเตอร์ไซค์,หมวกกันน็อคและอุปกรณ์สวมใส่สำหรับขับขี่,,224,1,คอมมิชชั่นจาก Shopee,,197,,1.75%,3.4475,0.00%,0,3.4475,3.4475,0,3.4475,,0,0.00%,0,100.00%,3.4475,สำเร็จ,,คำสั่งซื้อจากร้านค้าต่างกัน,ที่มีอยู่,2599adboostco,paris,mng,m01BMavk0821,,Facebook
25090816C53J3V,รอดำเนินการ,211041210204507,2025-09-08 21:33:30,,2025-09-08 16:11:10,HAPBABY,372564481,Preferred(Non-CB),29086941910,Hapbaby ฮูลาฮูป ลดหน้าท้อง สินค้าน้ำหนักเบา พกพาสะดวก สินค้าพร้อมจัดส่งจากประเทศไทย,285179067156,Normal Product,,กีฬาและกิจกรรมกลางแจ้ง,อุปกรณ์เสริมสำหรับเล่นกีฬาและกิจกรรมกลางแจ้ง,อุปกรณ์ฝึกซ้อมกีฬา,213,1,คอมมิชชั่นจากร้านค้า,,127,,1.75%,2.2225,11.00%,0,2.2225,2.2225,0,2.2225,,0,0.00%,0,100.00%,2.2225,รอดำเนินการ,สถานะของสินค้านี้คือ อยู่ระหว่างดำเนินการ คอมมิชชั่นจะถูกคำนวณเพื่อจ่ายหลังสถานะเป็นสำเร็จแล้วเท่านั้น,คำสั่งซื้อจากร้านค้าต่างกัน,ที่มีอยู่,2599adboostco,paris,mng,m01BMavk0821,,Facebook
25090816B3R2HY,รอดำเนินการ,211041175222734,2025-09-08 21:32:55,,2025-09-08 21:14:54,Abby mall,431816630,Preferred(Non-CB),16548203445,โรลม้วนผมตัวดังใน TikTok โรลม้วนผมไม่ใช้ความร้อน พร้อมยางมัดผม 2 เส้นในเซ็ต,125232165981,Normal Product,,ผลิตภัณฑ์บำรุงและเสริมความงาม,เครื่องมือแต่งหน้า,เครื่องทำผม,23,1,คอมมิชชั่นจากร้านค้า,,19,,1.75%,0.3325,7.00%,0,0.3325,0.3325,0,0.3325,,0,0.00%,0,100.00%,0.3325,รอดำเนินการ,สถานะของสินค้านี้คือ อยู่ระหว่างดำเนินการ คอมมิชชั่นจะถูกคำนวณเพื่อจ่ายหลังสถานะเป็นสำเร็จแล้วเท่านั้น,คำสั่งซื้อจากร้านค้าต่างกัน,ที่มีอยู่,2599adboostco,paris,mng,m01KFdika0520,,Facebook
25090816AQDHF1,รอดำเนินการ,211041162299155,2025-09-08 21:32:42,,2025-09-08 11:07:28,🐾 Pet Space 🐾,502938938,C2C(Non-CB),11868166735,📣พร้อมส่ง🍗Pet Elizabeth Collar ปลอกคอกันเลีย  ปลอกคอสัตว์เลี้ยง คอลล่าแมว คอลล่าสุนัข,181984145052,Normal Product,,สัตว์เลี้ยง,เสื้อผ้าและอุปกรณ์สำหรับสัตว์เลี้ยง,ปลอกคอสัตว์เลี้ยง,71,1,คอมมิชชั่นจากร้านค้า,,71,,1.75%,1.2425,7.20%,0,1.2425,1.2425,0,1.2425,,0,0.00%,0,100.00%,1.2425,รอดำเนินการ,สถานะของสินค้านี้คือ อยู่ระหว่างดำเนินการ คอมมิชชั่นจะถูกคำนวณเพื่อจ่ายหลังสถานะเป็นสำเร็จแล้วเท่านั้น,คำสั่งซื้อจากร้านค้าต่างกัน,ที่มีอยู่,2599adboostco,paris,mng,m01PetKit0520,,Facebook
25090816A0EESG,รอดำเนินการ,211041138206069,2025-09-08 21:32:18,,2025-09-08 21:00:21,RiceBuddy ,725513303,Preferred(Non-CB),24456163485,(โค้ดลด50%ในไลฟ์)ทรายแมวkattoขนาด5ลิตรทรายถูก,240161403422,Normal Product,,สัตว์เลี้ยง,ห้องน้ำและทราย,ทรายแมวและกระบะทรายแมว,52,4,คอมมิชชั่นจาก Shopee,,186,,1.75%,3.255,0.00%,0,3.255,3.255,0,3.255,,0,0.00%,0,100.00%,3.255,รอดำเนินการ,สถานะของสินค้านี้คือ อยู่ระหว่างดำเนินการ คอมมิชชั่นจะถูกคำนวณเพื่อจ่ายหลังสถานะเป็นสำเร็จแล้วเท่านั้น,คำสั่งซื้อจากร้านค้าต่างกัน,ที่มีอยู่,2599adboostco,paris,mng,m01kaofangMeow0303,,Facebook
25090816A0EESF,รอดำเนินการ,211041138206069,2025-09-08 21:32:18,,2025-09-08 21:00:21,RiceBuddy ,725513303,Preferred(Non-CB),24456163485,(โค้ดลด50%ในไลฟ์)ทรายแมวkattoขนาด5ลิตรทรายถูก,240161403422,Normal Product,,สัตว์เลี้ยง,ห้องน้ำและทราย,ทรายแมวและกระบะทรายแมว,52,2,คอมมิชชั่นจาก Shopee,,94,,1.75%,1.645,0.00%,0,1.645,1.645,0,1.645,,0,0.00%,0,100.00%,1.645,รอดำเนินการ,สถานะของสินค้านี้คือ อยู่ระหว่างดำเนินการ คอมมิชชั่นจะถูกคำนวณเพื่อจ่ายหลังสถานะเป็นสำเร็จแล้วเท่านั้น,คำสั่งซื้อจากร้านค้าต่างกัน,ที่มีอยู่,2599adboostco,paris,mng,m01kaofangMeow0303,,Facebook
250908167HBDK0,สำเร็จ,211041055273353,2025-09-08 21:30:55,2025-09-11 11:02:10,2025-09-08 16:11:28,Laka.beauty.thailand,298113044,Shopee Mall(Non-CB),10998067233,[8(2ทุ่ม)-11 ก.ย.|1+1 กด 2 ชิ้น] Laka : Fruity Glam Tint [Official Store],98290619451,Normal Product,0_367994035712503_1,ผลิตภัณฑ์บำรุงและเสริมความงาม,เครื่องสําอาง,เครื่องสำอางสำหรับริมฝีปาก,285,1,คอมมิชชั่นจากร้านค้า,,221,,1.75%,3.8675,7.00%,0,3.8675,7.7175,0,7.7175,,0,0.00%,0,100.00%,7.7175,สำเร็จ,,คำสั่งซื้อจากร้านค้าต่างกัน,ที่มีอยู่,2599adboostco,paris,mng,m01YPf0821,,Facebook
250908167HBDK0,สำเร็จ,211041055273353,2025-09-08 21:30:55,2025-09-11 11:02:10,2025-09-08 16:11:28,Laka.beauty.thailand,298113044,Shopee Mall(Non-CB),10998067233,[8(2ทุ่ม)-11 ก.ย.|1+1 กด 2 ชิ้น] Laka : Fruity Glam Tint [Official Store],248847504419,Normal Product,0_367994035712503_1,ผลิตภัณฑ์บำรุงและเสริมความงาม,เครื่องสําอาง,เครื่องสำอางสำหรับริมฝีปาก,285,1,คอมมิชชั่นจากร้านค้า,,220,,1.75%,3.85,7.00%,0,3.85,0,0,0,,0,0.00%,0,100.00%,0,สำเร็จ,,คำสั่งซื้อจากร้านค้าต่างกัน,ที่มีอยู่,2599adboostco,paris,mng,m01YPf0821,,Facebook
250908167DFJGY,รอดำเนินการ,211041051212087,2025-09-08 21:30:51,,2025-09-08 06:10:23,No.7_numberseven,457121899,Preferred(Non-CB),24786919589,N7073 MOM LOOSE-FIT JEANS - NUMBERSEVEN,246749447536,Normal Product,,เสื้อผ้าผู้หญิง,ผ้ายีนส์,,1290,1,คอมมิชชั่นจาก Shopee,,1102,,1.50%,16.53,0.00%,0,16.53,16.53,0,16.53,,0,0.00%,0,100.00%,16.53,รอดำเนินการ,สถานะของสินค้านี้คือ อยู่ระหว่างดำเนินการ คอมมิชชั่นจะถูกคำนวณเพื่อจ่ายหลังสถานะเป็นสำเร็จแล้วเท่านั้น,คำสั่งซื้อจากร้านค้าต่างกัน,ที่มีอยู่,2599adboostco,paris,mng,m01KFdika0520,,Facebook
2509081674010H,รอดำเนินการ,211041041263877,2025-09-08 21:30:41,,2025-09-08 20:58:08,tohmotors,953727171,C2C(Non-CB),23670479315,หมวกกันน็อกครึ่งใบ Sunny,177699174935,Normal Product,,รถมอเตอร์ไซค์ อะไหล่และอุปกรณ์เสริมมอเตอร์ไซค์,หมวกกันน็อคและอุปกรณ์สวมใส่สำหรับขับขี่,,285,1,คอมมิชชั่นจาก Shopee,,226,,1.75%,3.955,0.00%,0,3.955,3.955,0,3.955,,0,0.00%,0,100.00%,3.955,รอดำเนินการ,สถานะของสินค้านี้คือ อยู่ระหว่างดำเนินการ คอมมิชชั่นจะถูกคำนวณเพื่อจ่ายหลังสถานะเป็นสำเร็จแล้วเท่านั้น,คำสั่งซื้อจากร้านค้าต่างกัน,ที่มีอยู่,2599adboostco,paris,mng,m01BMavk0821,,Facebook
2509081674010G,รอดำเนินการ,211041041263877,2025-09-08 21:30:41,,2025-09-08 20:58:08,wisitmoto,126266615,C2C(Non-CB),7261794060,หน้ากากหมวกกันน็อค ทรงวินเทจ มีกระดุมติด 3ที่ มี ใสกับชา ใส่กับหมวกคลาสสิคได้ wisitmoto,84485985948,Normal Product,,รถมอเตอร์ไซค์ อะไหล่และอุปกรณ์เสริมมอเตอร์ไซค์,หมวกกันน็อคและอุปกรณ์สวมใส่สำหรับขับขี่,,85,1,คอมมิชชั่นจากร้านค้า,,68,,1.75%,1.19,4.00%,0,1.19,1.19,0,1.19,,0,0.00%,0,100.00%,1.19,รอดำเนินการ,สถานะของสินค้านี้คือ อยู่ระหว่างดำเนินการ คอมมิชชั่นจะถูกคำนวณเพื่อจ่ายหลังสถานะเป็นสำเร็จแล้วเท่านั้น,คำสั่งซื้อจากร้านค้าต่างกัน,ที่มีอยู่,2599adboostco,paris,mng,m01BMavk0821,,Facebook
250908163R7EHB,รอดำเนินการ,211040928266116,2025-09-08 21:28:49,,2025-09-07 12:15:50,MountainRockWhey_OffcialShop  ,130265679,Shopee Mall(Non-CB),1957968878,Mountain Rock Whey เวย์โปรตีน 37.5g สูตร All-in-One เพิ่มกล้ามเนื้อ ควบคุมน้ำหนัก รสชาไทย หอมอร่อย,61524344142,Normal Product,,กลุ่มผลิตภัณฑ์เพื่อสุขภาพ,อาหารเสริม,อาหารเสริมการออกกำลังกาย,1500,1,คอมมิชชั่นจากร้านค้า,,640,,1.50%,9.6,20.00%,0,9.6,9.6,0,9.6,,0,0.00%,0,100.00%,9.6,รอดำเนินการ,สถานะของสินค้านี้คือ อยู่ระหว่างดำเนินการ คอมมิชชั่นจะถูกคำนวณเพื่อจ่ายหลังสถานะเป็นสำเร็จแล้วเท่านั้น,คำสั่งซื้อจากร้านค้าต่างกัน,ที่มีอยู่,2599adboostco,paris,mng,m06Nasa1228,,Facebook
250908161V3M68,สำเร็จ,211040865226650,2025-09-08 21:27:45,2025-09-10 22:01:20,2025-09-08 21:11:05,Home .Lover,280149677,Preferred(Non-CB),10815822736,พรมเช็ดเท้าตัวหนอน ขนนุ่มสบายเท้า ขนาด40×60cm. พรมแต่งห้อง พรมเช็ดห้องน้ำ พรมปูพื้น พรมห้องนอน,147066335695,Normal Product,,เครื่องใช้ในบ้าน,อุปกรณ์ตกแต่งบ้าน,พรมปูพื้น,33,1,คอมมิชชั่นจาก Shopee,,18,,1.50%,0.27,0.00%,0,0.27,0.945,0,0.945,,0,0.00%,0,100.00%,0.945,สำเร็จ,,คำสั่งซื้อจากร้านค้าต่างกัน,ที่มีอยู่,2599adboostco,paris,mng,m01kaofangMeow0303,,Facebook
250908161V3M68,สำเร็จ,211040865226650,2025-09-08 21:27:45,2025-09-10 22:01:20,2025-09-08 21:11:05,Home .Lover,280149677,Preferred(Non-CB),10815822736,พรมเช็ดเท้าตัวหนอน ขนนุ่มสบายเท้า ขนาด40×60cm. พรมแต่งห้อง พรมเช็ดห้องน้ำ พรมปูพื้น พรมห้องนอน,203343985946,Normal Product,,เครื่องใช้ในบ้าน,อุปกรณ์ตกแต่งบ้าน,พรมปูพื้น,27,2,คอมมิชชั่นจาก Shopee,,26,,1.50%,0.39,0.00%,0,0.39,0,0,0,,0,0.00%,0,100.00%,0,สำเร็จ,,คำสั่งซื้อจากร้านค้าต่างกัน,ที่มีอยู่,2599adboostco,paris,mng,m01kaofangMeow0303,,Facebook
250908161V3M68,สำเร็จ,211040865226650,2025-09-08 21:27:45,2025-09-10 22:01:20,2025-09-08 21:11:05,Home .Lover,280149677,Preferred(Non-CB),10815822736,พรมเช็ดเท้าตัวหนอน ขนนุ่มสบายเท้า ขนาด40×60cm. พรมแต่งห้อง พรมเช็ดห้องน้ำ พรมปูพื้น พรมห้องนอน,260154879358,Normal Product,,เครื่องใช้ในบ้าน,อุปกรณ์ตกแต่งบ้าน,พรมปูพื้น,40,1,คอมมิชชั่นจาก Shopee,,19,,1.50%,0.285,0.00%,0,0.285,0,0,0,,0,0.00%,0,100.00%,0,สำเร็จ,,คำสั่งซื้อจากร้านค้าต่างกัน,ที่มีอยู่,2599adboostco,paris,mng,m01kaofangMeow0303,,Facebook
250908160WJYGQ,รอดำเนินการ,211040833226011,2025-09-08 21:27:13,,2025-09-08 13:22:47,augustinan5.th,594018616,C2C(CB),26815929001,"Augustinan Transformation Action Figure,หุ่นยนต์รถของเล่นเปลี่ยนรถของเล่น,ของเล่นอะนิเมะยานพาหนะของเล่นคลาสสิกวิศวกรรมรุ่นของเล่",166766530518,Normal Product,,งานอดิเรกและของสะสม,ของสะสม,โมเดลยานพาหนะ,240,1,คอมมิชชั่นจากร้านค้า,,138,,1.50%,2.07,7.00%,0,2.07,2.07,0,2.07,,0,0.00%,0,100.00%,2.07,รอดำเนินการ,สถานะของสินค้านี้คือ อยู่ระหว่างดำเนินการ คอมมิชชั่นจะถูกคำนวณเพื่อจ่ายหลังสถานะเป็นสำเร็จแล้วเท่านั้น,คำสั่งซื้อจากร้านค้าต่างกัน,ที่มีอยู่,2599adboostco,paris,mng,m56Fazzi0830,,Facebook
250908160J4FAW,รอดำเนินการ,211040821214436,2025-09-08 21:27:00,,2025-09-08 21:13:40,Ayanami.ร้านอุปกรณ์เสริมสายนาฬ,988804669,Preferred(CB),29116260173,สายรัดผ้าใบไนลอนขนาด 16 มม. สําหรับ Casio Sport Loop สายนาฬิกาสําหรับ DW-5600/610 GA2100 สร้อยข้อมือผู้หญิงผู้ชายสายรัดข้อมือ,178512051326,Normal Product,,นาฬิกา,อุปกรณ์เสริมสำหรับนาฬิกา,สายนาฬิกา,135,1,คอมมิชชั่นจากร้านค้า,,113,,1.75%,1.9775,7.00%,0,1.9775,1.9775,0,1.9775,,0,0.00%,0,100.00%,1.9775,รอดำเนินการ,สถานะของสินค้านี้คือ อยู่ระหว่างดำเนินการ คอมมิชชั่นจะถูกคำนวณเพื่อจ่ายหลังสถานะเป็นสำเร็จแล้วเท่านั้น,คำสั่งซื้อจากร้านค้าต่างกัน,ที่มีอยู่,2599adboostco,paris,mng,m01YPf0821,,Facebook
250908160J4FAV,รอดำเนินการ,211040821214436,2025-09-08 21:27:00,,2025-09-08 21:13:40,monsky2a.th,976602208,C2C(CB),28902604848,มอนสกี้ กางเกงวิ่งขาสั้นการบีบอัดรวมเข็มขัด,222892891895,Normal Product,,กีฬาและกิจกรรมกลางแจ้ง,เสื้อผ้ากีฬา,กางเกง/กระโปรง,383,1,คอมมิชชั่นจาก Shopee,,320,,1.75%,5.6,0.00%,0,5.6,5.6,0,5.6,,0,0.00%,0,100.00%,5.6,รอดำเนินการ,สถานะของสินค้านี้คือ อยู่ระหว่างดำเนินการ คอมมิชชั่นจะถูกคำนวณเพื่อจ่ายหลังสถานะเป็นสำเร็จแล้วเท่านั้น,คำสั่งซื้อจากร้านค้าต่างกัน,ที่มีอยู่,2599adboostco,paris,mng,m01YPf0821,,Facebook
25090815YY380M,รอดำเนินการ,211040801247032,2025-09-08 21:26:42,,2025-09-08 11:13:10,Nectapharma,378498789,Shopee Mall(Non-CB),25089609785,WRINKLE EXPERT M3 Peptide Serum ริงเคิล เอคซ์เพิร์ท เอ็มทรี เปปไทด์ เซรั่มลดริ้วรอย ด้วยเปปไทด์กลไกคล้ายโบ เปปโบ,261052759683,Normal Product,,ผลิตภัณฑ์บำรุงและเสริมความงาม,ผลิตภัณฑ์บำรุงบริเวณใบหน้า,เซรั่มบำรุงผิวหน้า & น้ำตบ,1250,1,คอมมิชชั่นจากร้านค้า,,1000,,1.75%,17.5,12.00%,0,17.5,17.5,0,17.5,,0,0.00%,0,100.00%,17.5,รอดำเนินการ,สถานะของสินค้านี้คือ อยู่ระหว่างดำเนินการ คอมมิชชั่นจะถูกคำนวณเพื่อจ่ายหลังสถานะเป็นสำเร็จแล้วเท่านั้น,คำสั่งซื้อจากร้านค้าต่างกัน,ที่มีอยู่,2599adboostco,paris,mng,m01Tik0803,,Facebook
25090815YFV1RV,รอดำเนินการ,211040785284273,2025-09-08 21:26:26,,2025-09-08 21:00:29,KONVY_Official Shop,70998059,Shopee Mall(Non-CB),7780617791,D-nee Baby Wipes ผ้าเช็ดทำความสะอาดผิวสำหรับเด็ก.,80995055698,Normal Product,0_368903608283621_2,แม่และเด็ก,ผลิตภัณฑ์อาบน้ำและดูแลผิวเด็ก,ทิชชู่เด็ก,69.5,2,คอมมิชชั่นจาก Shopee,,111,,1.75%,1.9425,0.00%,0,1.9425,5.8275,0,5.8275,,0,0.00%,0,100.00%,5.8275,รอดำเนินการ,สถานะของสินค้านี้คือ อยู่ระหว่างดำเนินการ คอมมิชชั่นจะถูกคำนวณเพื่อจ่ายหลังสถานะเป็นสำเร็จแล้วเท่านั้น,คำสั่งซื้อจากร้านค้าต่างกัน,ที่มีอยู่,2599adboostco,paris,mng,m01Tik0803,,Facebook
25090815YFV1RV,รอดำเนินการ,211040785284273,2025-09-08 21:26:26,,2025-09-08 21:00:29,KONVY_Official Shop,70998059,Shopee Mall(Non-CB),7780617791,D-nee Baby Wipes ผ้าเช็ดทำความสะอาดผิวสำหรับเด็ก.,80995055698,Normal Product,0_368903608283621_3,แม่และเด็ก,ผลิตภัณฑ์อาบน้ำและดูแลผิวเด็ก,ทิชชู่เด็ก,69.5,2,คอมมิชชั่นจาก Shopee,,111,,1.75%,1.9425,0.00%,0,1.9425,0,0,0,,0,0.00%,0,100.00%,0,รอดำเนินการ,สถานะของสินค้านี้คือ อยู่ระหว่างดำเนินการ คอมมิชชั่นจะถูกคำนวณเพื่อจ่ายหลังสถานะเป็นสำเร็จแล้วเท่านั้น,คำสั่งซื้อจากร้านค้าต่างกัน,ที่มีอยู่,2599adboostco,paris,mng,m01Tik0803,,Facebook
25090815YFV1RV,รอดำเนินการ,211040785284273,2025-09-08 21:26:26,,2025-09-08 21:00:29,KONVY_Official Shop,70998059,Shopee Mall(Non-CB),7780617791,D-nee Baby Wipes ผ้าเช็ดทำความสะอาดผิวสำหรับเด็ก.,80995055698,Normal Product,0_368903608283621_1,แม่และเด็ก,ผลิตภัณฑ์อาบน้ำและดูแลผิวเด็ก,ทิชชู่เด็ก,69.5,2,คอมมิชชั่นจาก Shopee,,111,,1.75%,1.9425,0.00%,0,1.9425,0,0,0,,0,0.00%,0,100.00%,0,รอดำเนินการ,สถานะของสินค้านี้คือ อยู่ระหว่างดำเนินการ คอมมิชชั่นจะถูกคำนวณเพื่อจ่ายหลังสถานะเป็นสำเร็จแล้วเท่านั้น,คำสั่งซื้อจากร้านค้าต่างกัน,ที่มีอยู่,2599adboostco,paris,mng,m01Tik0803,,Facebook
25090815X3X9H0,ยกเลิก,211040752276765,2025-09-08 21:25:39,--,2025-09-08 09:57:09,Fashion78.th,1477947860,C2C(CB),41303338904,ปักโลโก้เสื้อยืดโปโลแขนสั้นผู้หญิงถักวาฟเฟิลเสื้อโปโล,275277637714,Normal Product,,เสื้อผ้าผู้หญิง,เสื้อ,เสื้อโปโล,460,0,คอมมิชชั่นจาก Shopee,,0,352,1.50%,0,0.00%,0,0,0,0,0,,0,0.00%,0,100.00%,0,ยกเลิก,คำสั่งซื้อไม่ถูกต้อง.,คำสั่งซื้อจากร้านค้าต่างกัน,ที่มีอยู่,2599adboostco,paris,mng,m01KFdika0520,,Facebook
25090815WWASF3,รอดำเนินการ,211040732287915,2025-09-08 21:25:33,,2025-09-08 13:02:59,Gift-Rose กล่องไม้สนนอก,75271100,C2C(Non-CB),24470835909,กล่องไม้สน เก็บของ ฝาทึบ พร้อมส่ง🔥,178123206203,Normal Product,,เครื่องใช้ในบ้าน,อุปกรณ์สำหรับจัดเก็บ,กล่องเก็บของ และตะกร้า,320,1,คอมมิชชั่นจากร้านค้า,,320,,1.50%,4.8,9.00%,0,4.8,4.8,0,4.8,,0,0.00%,0,100.00%,4.8,รอดำเนินการ,สถานะของสินค้านี้คือ อยู่ระหว่างดำเนินการ คอมมิชชั่นจะถูกคำนวณเพื่อจ่ายหลังสถานะเป็นสำเร็จแล้วเท่านั้น,คำสั่งซื้อจากร้านค้าต่างกัน,ที่มีอยู่,2599adboostco,paris,mng,m01kaofangMeow0303,,Facebook
25090815V5XG9H,รอดำเนินการ,211040674219391,2025-09-08 21:24:34,,2025-09-08 09:06:19,Dr. Pong shop,6583190,Shopee Mall(Non-CB),28484198010,รับฟรี! สติกเกอร์ [เซตสุดคุ้มรวมอาหารเสริม] Dr.PONGxPhuwin รวมอาหารเสริม เซตภูวินทร์ บูสต์สมองสุขภาพดี บำรุงผิวเล็บ,147807094715,Normal Product,,กลุ่มผลิตภัณฑ์เพื่อสุขภาพ,อาหารเสริม,อาหารเสริมเพื่อสุขภาพ,999,1,คอมมิชชั่นจาก Shopee,,799,,1.50%,11.985,0.00%,0,11.985,11.985,0,11.985,,0,0.00%,0,100.00%,11.985,รอดำเนินการ,สถานะของสินค้านี้คือ อยู่ระหว่างดำเนินการ คอมมิชชั่นจะถูกคำนวณเพื่อจ่ายหลังสถานะเป็นสำเร็จแล้วเท่านั้น,คำสั่งซื้อจากร้านค้าต่างกัน,ที่มีอยู่,2599adboostco,paris,mng,m56Fazzi0830,,Facebook
25090815SXEGDB,สำเร็จ,211040599247602,2025-09-08 21:23:20,2025-09-10 18:06:15,2025-09-08 21:09:10,SKISOPGO,491418843,Shopee Mall(Non-CB),13120720531,SKISOPGO กรรไกรตัดเล็บแมว กรรไกรตัดเล็บสุนัข พร้อมไฟ LED พสตริปไฟล์ ป้องกันเลือดออก PetNailClippers,95835881527,Normal Product,,สัตว์เลี้ยง,อุปกรณ์ทำความสะอาดและตกแต่งขน,อุปกรณ์ตัดแต่งเล็บสัตว์เลี้ยง,33,1,คอมมิชชั่นจาก Shopee,,28,,1.75%,0.49,0.00%,0,0.49,2.31,0,2.31,,0,0.00%,0,100.00%,2.31,สำเร็จ,,คำสั่งซื้อจากร้านค้าต่างกัน,ที่มีอยู่,2599adboostco,paris,mng,m01PetKit0520,,Facebook
25090815SXEGDB,สำเร็จ,211040599247602,2025-09-08 21:23:20,2025-09-10 18:06:15,2025-09-08 21:09:10,SKISOPGO,491418843,Shopee Mall(Non-CB),22518178254,SKISOPGO ปัตตาเลี่ยนตัดขนเท้า ซอกเท้า สำหรับสัตว์เลี้ยง แมว/สุนัข หัวตัดขนาดเล็ก ตัดขนอุ้งเท้า เครื่องโกนขนอุ้งเท้า,230752173663,Normal Product,,สัตว์เลี้ยง,อุปกรณ์ทำความสะอาดและตกแต่งขน,อุปกรณ์ดูแลขนสัตว์เลี้ยง,123,1,คอมมิชชั่นจาก Shopee,,104,,1.75%,1.82,0.00%,0,1.82,0,0,0,,0,0.00%,0,100.00%,0,สำเร็จ,,คำสั่งซื้อจากร้านค้าต่างกัน,ที่มีอยู่,2599adboostco,paris,mng,m01PetKit0520,,Facebook
25090815NK7E0J,สำเร็จ,211040453258033,2025-09-08 21:20:54,2025-09-11 18:19:01,2025-09-08 09:44:47,golf_house,141685691,Preferred(Non-CB),23038248922,ถาดฟอยล์ทรงเหลี่ยม No.4615 พร้อมฝา (1เเพ็ค100 ชิ้นพร้อมฝา) ถาดฟอยล์ ขนาด 140 ml.(ซื้อเเพ็คสุดคุ้ม ประหยัดกว่า),204194719348,Normal Product,,เครื่องใช้ในบ้าน,เครื่องครัว,กระดาษฟอยล์,289,1,คอมมิชชั่นจาก Shopee,,239,,1.50%,3.585,0.00%,0,3.585,3.585,0,3.585,,0,0.00%,0,100.00%,3.585,สำเร็จ,,คำสั่งซื้อจากร้านค้าต่างกัน,ที่มีอยู่,2599adboostco,paris,mng,m01KFdika0520,,Facebook
25090815N21D3J,สำเร็จ,211040435231014,2025-09-08 21:20:35,2025-09-11 19:33:20,2025-09-08 21:10:10,นิวบอร์น คิดส์  (นมผง แพมเพิส ของใช้เด็ก),15385834,Preferred(Non-CB),23650717129,ขวดนม Natur Toddy คอแคป พร้อมจุกนม,156985615614,Normal Product,,แม่และเด็ก,อุปกรณ์ให้นมเด็ก,ขวดนมและอุปกรณ์,219,1,คอมมิชชั่นจาก Shopee,,197,,1.75%,3.4475,0.00%,0,3.4475,3.4475,0,3.4475,,0,0.00%,0,100.00%,3.4475,สำเร็จ,,คำสั่งซื้อจากร้านค้าต่างกัน,ที่มีอยู่,2599adboostco,paris,mng,m01BMavk0821,,Facebook
25090815MNN9C1,รอดำเนินการ,211040422253660,2025-09-08 21:20:22,,2025-09-08 15:10:10,jfind.th,1024038807,Preferred(CB),24581748142,Konnwei KW905 ELM327 V1.5 รหัส PIC18F25K80 OBD2 เครื่องสแกนเนอร์บลูทูธ 5.0 สําหรับ Android/IOS ELM 327 OBD 2 เครื่องมือวินิจฉัยร,255963568563,Normal Product,,รถยนต์ อะไหล่และอุปกรณ์เสริมรถยนต์,เครื่องมือซ่อมรถยนต์,อุปกรณ์ทดสอบ ซ่อมและวิเคราะห์รถยนต์,328,1,คอมมิชชั่นจากร้านค้า,,259,,1.75%,4.5325,9.00%,0,4.5325,4.5325,0,4.5325,,0,0.00%,0,100.00%,4.5325,รอดำเนินการ,สถานะของสินค้านี้คือ อยู่ระหว่างดำเนินการ คอมมิชชั่นจะถูกคำนวณเพื่อจ่ายหลังสถานะเป็นสำเร็จแล้วเท่านั้น,คำสั่งซื้อจากร้านค้าต่างกัน,ที่มีอยู่,2599adboostco,paris,mng,m02Rooftop0706,,Facebook
25090815MNN9C0,รอดำเนินการ,211040422253659,2025-09-08 21:20:22,,2025-09-08 15:10:10,Auto Playground,61598924,C2C(Non-CB),16595989053,NHK กาวซีลโคมไฟหน้ารถยนต์ Butyl Sealant,222006289439,Normal Product,,รถยนต์ อะไหล่และอุปกรณ์เสริมรถยนต์,เครื่องมือซ่อมรถยนต์,เครื่องมือซ่อมรถยนต์อื่นๆ,329,1,คอมมิชชั่นจาก Shopee,,262,,1.75%,4.585,0.00%,0,4.585,4.585,0,4.585,,0,0.00%,0,100.00%,4.585,รอดำเนินการ,สถานะของสินค้านี้คือ อยู่ระหว่างดำเนินการ คอมมิชชั่นจะถูกคำนวณเพื่อจ่ายหลังสถานะเป็นสำเร็จแล้วเท่านั้น,คำสั่งซื้อจากร้านค้าต่างกัน,ที่มีอยู่,2599adboostco,paris,mng,m02Rooftop0706,,Facebook
25090815H7X6DE,รอดำเนินการ,211040307204886,2025-09-08 21:18:27,,2025-09-08 13:21:51,Allgoodz88,301495320,C2C(Non-CB),3035413075,แก้วตวง แก้วช็อต ขนาดเล็ก มีสเกล 1.5 ออนซ์ 45ml. ( 1 ใบ ),190919553032,Normal Product,,เครื่องใช้ในบ้าน,เครื่องครัว,แก้วตวงและช้อนตวง,10,3,คอมมิชชั่นจากร้านค้า,,30,,1.50%,0.45,4.00%,0,0.45,0.45,0,0.45,,0,0.00%,0,100.00%,0.45,รอดำเนินการ,สถานะของสินค้านี้คือ อยู่ระหว่างดำเนินการ คอมมิชชั่นจะถูกคำนวณเพื่อจ่ายหลังสถานะเป็นสำเร็จแล้วเท่านั้น,คำสั่งซื้อจากร้านค้าต่างกัน,ที่มีอยู่,2599adboostco,paris,mng,m01BMavk0821,,Facebook
25090815FBUNR4,สำเร็จ,211040244200410,2025-09-08 21:17:24,2025-09-11 15:11:14,2025-09-08 12:58:57,Fluffy Store,189572746,C2C(Non-CB),22676700405,FLUFFY (ฟลัฟฟี่) ทรายเต้าหู้ ทรายแมวเต้าหู้ 10 ลิตร ขนาดแท่ง1.5 มม. ย่อยสลายง่าย ทิ้งชักโครกได้,217314972518,Normal Product,,สัตว์เลี้ยง,ห้องน้ำและทราย,ทรายแมวและกระบะทรายแมว,300,1,คอมมิชชั่นจากร้านค้า,,270,,1.75%,4.725,4.00%,0,4.725,4.725,0,4.725,,0,0.00%,0,100.00%,4.725,สำเร็จ,,คำสั่งซื้อจากร้านค้าต่างกัน,ที่มีอยู่,2599adboostco,paris,mng,m01kaofangMeow0303,,Facebook
25090815F74PV2,รอดำเนินการ,211040239256098,2025-09-08 21:17:19,,2025-09-08 09:39:22,Takemeon,467370953,C2C(Non-CB),25803043173,🔥สีมาใหม่จ้า🔥พร้อมส่งทุกสีคะ อุปกรณ์ครบ พร้อมกลอ่งคะ,240115038115,Normal Product,,รองเท้าผู้ชาย,รองเท้าผ้าใบ,,799,1,คอมมิชชั่นจากร้านค้า,,697,,1.75%,12.1975,4.00%,0,12.1975,12.1975,0,12.1975,,0,0.00%,0,100.00%,12.1975,รอดำเนินการ,สถานะของสินค้านี้คือ อยู่ระหว่างดำเนินการ คอมมิชชั่นจะถูกคำนวณเพื่อจ่ายหลังสถานะเป็นสำเร็จแล้วเท่านั้น,คำสั่งซื้อจากร้านค้าต่างกัน,ที่มีอยู่,2599adboostco,paris,mng,m01KFdika0520,,Facebook
25090815AXRC21,รอดำเนินการ,211040096249358,2025-09-08 21:14:56,,2025-09-08 19:44:22,styleavenue.th,1261375248,Preferred(CB),29430720212,"สไตล์เวนยู เคราผมมนุษย์, ทําด้วยมือจริงผมแต่งหน้าเคราปลอม,สังเคราะห์แฟนซีที่มองไม่เห็นสีดําสีน้ําตาลสมจริงปลอม มูสตาเช่ ฟิล์มวิด",252979398167,Normal Product,,เครื่องประดับ,เครื่องประดับผม,วิก & แฮร์พีซ,391,1,คอมมิชชั่นจาก Shopee,,315,,1.75%,5.5125,0.00%,0,5.5125,5.5125,0,5.5125,,0,0.00%,0,100.00%,5.5125,รอดำเนินการ,สถานะของสินค้านี้คือ อยู่ระหว่างดำเนินการ คอมมิชชั่นจะถูกคำนวณเพื่อจ่ายหลังสถานะเป็นสำเร็จแล้วเท่านั้น,คำสั่งซื้อจากร้านค้าต่างกัน,ที่มีอยู่,2599adboostco,paris,mng,m01FahRain0805,,Facebook
25090815AXRC20,รอดำเนินการ,211040096249358,2025-09-08 21:14:56,,2025-09-08 19:44:22,Eroro_officialshop,311784175,Shopee Mall(Non-CB),28787659098,ERORO แผ่นยางทางลาด (มีลูกศร) สีดำ มีให้เลือกหลายขนาด เหมาะสำหรับรุกทุกประเภท,275406399669,Normal Product,,เครื่องใช้ในบ้าน,เครื่องมือและอุปกรณ์ปรับปรุงบ้าน,อื่นๆ,244,2,คอมมิชชั่นจาก Shopee,,414,,1.50%,6.21,0.00%,0,6.21,6.21,0,6.21,,0,0.00%,0,100.00%,6.21,รอดำเนินการ,สถานะของสินค้านี้คือ อยู่ระหว่างดำเนินการ คอมมิชชั่นจะถูกคำนวณเพื่อจ่ายหลังสถานะเป็นสำเร็จแล้วเท่านั้น,คำสั่งซื้อจากร้านค้าต่างกัน,ที่มีอยู่,2599adboostco,paris,mng,m01FahRain0805,,Facebook
25090815AXRC1Y,รอดำเนินการ,211040096249358,2025-09-08 21:14:56,,2025-09-08 19:44:22,CS.AUTOPARTS,170530798,Preferred(Non-CB),26635966441,"(แท้100%)ฝาปิดกรองแอร์ ISUZU D-MAX,MU-7 ปี02-11,D-MAX ALL NEW,MU-X ปี12-19",196064845867,Normal Product,,รถยนต์ อะไหล่และอุปกรณ์เสริมรถยนต์,ชิ้นส่วนอะไหล่รถยนต์,ชิ้นส่วนเครื่องยนต์,59,1,คอมมิชชั่นจาก Shopee,,50,,1.75%,0.875,0.00%,0,0.875,0.875,0,0.875,,0,0.00%,0,100.00%,0.875,รอดำเนินการ,สถานะของสินค้านี้คือ อยู่ระหว่างดำเนินการ คอมมิชชั่นจะถูกคำนวณเพื่อจ่ายหลังสถานะเป็นสำเร็จแล้วเท่านั้น,คำสั่งซื้อจากร้านค้าต่างกัน,ที่มีอยู่,2599adboostco,paris,mng,m01FahRain0805,,Facebook
25090815AXRC1X,รอดำเนินการ,211040096249358,2025-09-08 21:14:56,,2025-09-08 19:44:22,car_parts,1219092692,C2C(Non-CB),25726494266,ฟองน้ำเซ็ตการขัดเงา 6ชิน ขนาด4/5นิ้วชุดแผ่น สำรับขัดรถยนต์ ทำความสะอาดรถยนต์,240710719357,Normal Product,,รถยนต์ อะไหล่และอุปกรณ์เสริมรถยนต์,ผลิตภัณฑ์ดูแลรถยนต์,ผลิตภัณฑ์ล้างและเคลือบเงารถยนต์,59,1,คอมมิชชั่นจากร้านค้า,,45,,1.75%,0.7875,16.00%,0,0.7875,0.7875,0,0.7875,,0,0.00%,0,100.00%,0.7875,รอดำเนินการ,สถานะของสินค้านี้คือ อยู่ระหว่างดำเนินการ คอมมิชชั่นจะถูกคำนวณเพื่อจ่ายหลังสถานะเป็นสำเร็จแล้วเท่านั้น,คำสั่งซื้อจากร้านค้าต่างกัน,ที่มีอยู่,2599adboostco,paris,mng,m01FahRain0805,,Facebook
25090815AXRC1W,รอดำเนินการ,211040096249358,2025-09-08 21:14:56,,2025-09-08 19:44:22,hoco_Local,392934250,Preferred(Non-CB),25428522581,"กรองแอร์ ISUZU D-MAX ปี 03-11 ,MU-7,Colorado#8-92204706-0",240768315241,Normal Product,,รถยนต์ อะไหล่และอุปกรณ์เสริมรถยนต์,ชิ้นส่วนอะไหล่รถยนต์,ชิ้นส่วนเครื่องยนต์,34,2,คอมมิชชั่นจากร้านค้า,,54,,1.75%,0.945,10.00%,0,0.945,0.945,0,0.945,,0,0.00%,0,100.00%,0.945,รอดำเนินการ,สถานะของสินค้านี้คือ อยู่ระหว่างดำเนินการ คอมมิชชั่นจะถูกคำนวณเพื่อจ่ายหลังสถานะเป็นสำเร็จแล้วเท่านั้น,คำสั่งซื้อจากร้านค้าต่างกัน,ที่มีอยู่,2599adboostco,paris,mng,m01FahRain0805,,Facebook
25090815AXRC1V,สำเร็จ,211040096249358,2025-09-08 21:14:56,2025-09-11 00:22:02,2025-09-08 19:44:22,เอกสตีล ,101487342,Preferred(Non-CB),25415690200,(ถูกสุด) OSUKA เลื่อยไฟฟ้าไร้สาย OCMC536  / กรรไกรตัดแต่งกิ่ง OCMPP451 / OCPS427 ประกัน 1+1 ปี,226179335372,Normal Product,,เครื่องใช้ในบ้าน,เครื่องมือและอุปกรณ์ปรับปรุงบ้าน,เครื่องมือช่าง,4890,1,คอมมิชชั่นจาก Shopee,,4156,,1.50%,62.34,0.00%,0,62.34,62.34,0,62.34,,0,0.00%,0,100.00%,62.34,สำเร็จ,,คำสั่งซื้อจากร้านค้าต่างกัน,ที่มีอยู่,2599adboostco,paris,mng,m01FahRain0805,,Facebook
25090815AXRC1U,รอดำเนินการ,211040096249358,2025-09-08 21:14:56,,2025-09-08 19:44:22,Zhuomangroceries1,478804283,Preferred(Non-CB),24475619170,ผ้าทำความสะอาดในครัว 1กล่อง20ผืน ผ้าเช็ดจาน ผ้าเช็ดครัว การออกแบบการสกัดสะดวกในการใช้งานมากขึ้น 20X20ซม,232712341374,Normal Product,,เครื่องใช้ในบ้าน,อุปกรณ์ซักรีดและผลิตภัณฑ์ดูแลบ้าน,ผ้าทำความสะอาด,26,2,คอมมิชชั่นจากร้านค้า,,45,,1.50%,0.675,7.00%,0,0.675,0.675,0,0.675,,0,0.00%,0,100.00%,0.675,รอดำเนินการ,สถานะของสินค้านี้คือ อยู่ระหว่างดำเนินการ คอมมิชชั่นจะถูกคำนวณเพื่อจ่ายหลังสถานะเป็นสำเร็จแล้วเท่านั้น,คำสั่งซื้อจากร้านค้าต่างกัน,ที่มีอยู่,2599adboostco,paris,mng,m01FahRain0805,,Facebook
25090815AXRC1T,สำเร็จ,211040096249358,2025-09-08 21:14:56,2025-09-11 00:26:38,2025-09-08 19:44:22,LifePlaza,258833642,C2C(Non-CB),24077712991,จารบีทนร้อนสูง 50g จารบีขาว จาระบีขาว จารบี จารบีหล่อลื่น ความจุสูง กันน้ำได้มากขึ้น ทนต่ออุณหภูมิสูง 120℃ LIFEPLAZA,241068292787,Normal Product,,รถยนต์ อะไหล่และอุปกรณ์เสริมรถยนต์,น้ำมันและของเหลว,น้ำมันเครื่องรถยนต์และจาระบี,27,1,คอมมิชชั่นจากร้านค้า,,27,,1.75%,0.4725,7.00%,0,0.4725,0.4725,0,0.4725,,0,0.00%,0,100.00%,0.4725,สำเร็จ,,คำสั่งซื้อจากร้านค้าต่างกัน,ที่มีอยู่,2599adboostco,paris,mng,m01FahRain0805,,Facebook
25090815AXRC1S,รอดำเนินการ,211040096249358,2025-09-08 21:14:56,,2025-09-08 19:44:22,OBD2THAI,1079550280,Preferred(Non-CB),23383909547,รองรับรถไฟฟ้า ไฮบริด เช็ครถด้วยมือถือรุ่นพิเศษ Super OBD2 Spacial Chip,225752653589,Normal Product,,รถยนต์ อะไหล่และอุปกรณ์เสริมรถยนต์,เครื่องมือซ่อมรถยนต์,อุปกรณ์ทดสอบ ซ่อมและวิเคราะห์รถยนต์,599,1,คอมมิชชั่นจากร้านค้า,,500,,1.75%,8.75,10.00%,0,8.75,8.75,0,8.75,,0,0.00%,0,100.00%,8.75,รอดำเนินการ,สถานะของสินค้านี้คือ อยู่ระหว่างดำเนินการ คอมมิชชั่นจะถูกคำนวณเพื่อจ่ายหลังสถานะเป็นสำเร็จแล้วเท่านั้น,คำสั่งซื้อจากร้านค้าต่างกัน,ที่มีอยู่,2599adboostco,paris,mng,m01FahRain0805,,Facebook
25090815AXRC1R,สำเร็จ,211040096249358,2025-09-08 21:14:56,2025-09-11 00:19:53,2025-09-08 19:44:22,SC Camping Thailand,22072113,Preferred(Non-CB),20984923289,ShineTrip ตะเกียงแขวนวินเทจ LED Vintage edison 1200mah รุ่นa473 ปรับได้ 5 โหมด ปรับลดเพิ่มแสงได้,166133975532,Normal Product,,กีฬาและกิจกรรมกลางแจ้ง,อุปกรณ์เล่นกีฬาและกิจกรรมกลางแจ้ง,อุปกรณ์ตั้งแคมป์และเดินป่า,259,2,คอมมิชชั่นจากร้านค้า,,432,,1.75%,7.56,7.00%,0,7.56,7.56,0,7.56,,0,0.00%,0,100.00%,7.56,สำเร็จ,,คำสั่งซื้อจากร้านค้าต่างกัน,ที่มีอยู่,2599adboostco,paris,mng,m01FahRain0805,,Facebook
25090815AXRC1Q,สำเร็จ,211040096249358,2025-09-08 21:14:56,2025-09-11 00:25:42,2025-09-08 19:44:22,Pocainoe.th,810036260,C2C(Non-CB),20064952925,【จัดส่งจากกรุงเทพ】ชุดแปรงสว่านไฟฟ้า 11Pcs ชุดสว่านไฟฟ้า แปรงทำความสะอาดรถยนต์ แปรงขัดล้อ Drill Scrub Pads Scrubber Brush,230352765794,Normal Product,,รถยนต์ อะไหล่และอุปกรณ์เสริมรถยนต์,ผลิตภัณฑ์ดูแลรถยนต์,ผลิตภัณฑ์ล้างและเคลือบเงารถยนต์,132,1,คอมมิชชั่นจากร้านค้า,,112,,1.75%,1.96,4.00%,0,1.96,1.96,0,1.96,,0,0.00%,0,100.00%,1.96,สำเร็จ,,คำสั่งซื้อจากร้านค้าต่างกัน,ที่มีอยู่,2599adboostco,paris,mng,m01FahRain0805,,Facebook
25090815AXRC1P,สำเร็จ,211040096249358,2025-09-08 21:14:56,2025-09-11 00:22:47,2025-09-08 19:44:22,YD.WJ,375692592,Preferred(Non-CB),17904176816,ปืน 99 บาท【ราคาถูก】ปืนของเล่น เด็ก ของเล่นยิงได้ ถอดได้ กระสุนโฟม EVA นุ่ม ปลอดภัยไม่มีอันตราย,29226411908,Normal Product,,แม่และเด็ก,ของเล่น,ของเล่นกลางแจ้งและอุปกรณ์กีฬา,128,1,คอมมิชชั่นจากร้านค้า,,108,,1.75%,1.89,10.00%,0,1.89,1.89,0,1.89,,0,0.00%,0,100.00%,1.89,สำเร็จ,,คำสั่งซื้อจากร้านค้าต่างกัน,ที่มีอยู่,2599adboostco,paris,mng,m01FahRain0805,,Facebook
25090815AXRC1N,รอดำเนินการ,211040096249358,2025-09-08 21:14:56,,2025-09-08 19:44:22,MaoWang,528031861,Shopee Mall(Non-CB),16628392727,แถบยางหยุดรถ rubber wheel stop สำหรับที่จอดรถ ยางกั้นล้อ,255800011400,Normal Product,,รถยนต์ อะไหล่และอุปกรณ์เสริมรถยนต์,ชิ้นส่วนอะไหล่รถยนต์,ยางรถและอุปกรณ์เสริม,97,2,คอมมิชชั่นจาก Shopee,,194,,1.75%,3.395,0.00%,0,3.395,3.395,0,3.395,,0,0.00%,0,100.00%,3.395,รอดำเนินการ,สถานะของสินค้านี้คือ อยู่ระหว่างดำเนินการ คอมมิชชั่นจะถูกคำนวณเพื่อจ่ายหลังสถานะเป็นสำเร็จแล้วเท่านั้น,คำสั่งซื้อจากร้านค้าต่างกัน,ที่มีอยู่,2599adboostco,paris,mng,m01FahRain0805,,Facebook
25090815AXRC1M,รอดำเนินการ,211040096249358,2025-09-08 21:14:56,,2025-09-08 19:44:22,yongnana.th,164030448,Preferred(CB),15446898641,"ถุงกรองฝุ่น ทําความสะอาดได้ สําหรับเครื่องดูดฝุ่น Lg V-2800Rh V-943Har V-2800Rh V-2810
",38302452209,Normal Product,,เครื่องใช้ไฟฟ้าภายในบ้าน,เครื่องใช้ไฟฟ้าขนาดเล็กภายในบ้าน,เครื่องดูดฝุ่น  และ อุปกรณ์ดูแลพื้น,33,2,คอมมิชชั่นจากร้านค้า,,56,,1.50%,0.84,4.00%,0,0.84,0.84,0,0.84,,0,0.00%,0,100.00%,0.84,รอดำเนินการ,สถานะของสินค้านี้คือ อยู่ระหว่างดำเนินการ คอมมิชชั่นจะถูกคำนวณเพื่อจ่ายหลังสถานะเป็นสำเร็จแล้วเท่านั้น,คำสั่งซื้อจากร้านค้าต่างกัน,ที่มีอยู่,2599adboostco,paris,mng,m01FahRain0805,,Facebook
25090815AXRC1K,รอดำเนินการ,211040096249358,2025-09-08 21:14:56,,2025-09-08 19:44:22,willkey.th,26893862,Preferred(CB),6431017170,【ลดราคา】 5ชิ้น/ชุด แผ่นหัวจับ 6 นิ้ว ผ้าขัดสีรถยนต์ Polished Wool ขนแกะขัดเงากลม,72161052011,Normal Product,,รถยนต์ อะไหล่และอุปกรณ์เสริมรถยนต์,ผลิตภัณฑ์ดูแลรถยนต์,ผลิตภัณฑ์ขัดและซ่อมสีรถยนต์,85,1,คอมมิชชั่นจากร้านค้า,,72,,1.75%,1.26,4.00%,0,1.26,1.26,0,1.26,,0,0.00%,0,100.00%,1.26,รอดำเนินการ,สถานะของสินค้านี้คือ อยู่ระหว่างดำเนินการ คอมมิชชั่นจะถูกคำนวณเพื่อจ่ายหลังสถานะเป็นสำเร็จแล้วเท่านั้น,คำสั่งซื้อจากร้านค้าต่างกัน,ที่มีอยู่,2599adboostco,paris,mng,m01FahRain0805,,Facebook
25090815A5X340,สำเร็จ,211040070222291,2025-09-08 21:14:31,2025-09-10 21:20:50,2025-09-08 21:13:01,Destin,1221750343,C2C(Non-CB),40550301379,Destin🩰พร้อมส่งจากไทย🛒  (TO-5081) รองเท้าผ้าใบแฟชั่น มีสายผูก ทรงสวย งานยางน้ำหนักเบา ลุยน้ำได้ พื้นสูงใส่สบาย,186076869675,Normal Product,,รองเท้าผู้หญิง,รองเท้าผ้าใบ,,135,1,คอมมิชชั่นจากร้านค้า,,108,,2.00%,2.16,7.00%,0,2.16,2.16,0,2.16,,0,0.00%,0,100.00%,2.16,สำเร็จ,,คำสั่งซื้อจากร้านค้าต่างกัน,ที่มีอยู่,2599adboostco,paris,mng,m01Tik0803,,Facebook
250908156586T0,รอดำเนินการ,211039935284617,2025-09-08 21:12:15,,2025-09-08 07:42:32,NEOCA Healthcare,168553766,C2C(Non-CB),24426774576,แพ็ค 3 แถม 1 เม็ดฟู่ส้มแขก NEOCA Garcinin นีโอก้า การ์ซินิน สารสกัดส้มแขก 20x3 แถม10x1,245718959669,Normal Product,366622133399609_0_0,กลุ่มผลิตภัณฑ์เพื่อสุขภาพ,อาหารเสริม,อาหารเสริมการควบคุมน้ำหนัก,649,1,คอมมิชชั่นจากร้านค้า,,583,,1.50%,8.745,7.00%,0,8.745,8.745,0,8.745,,0,0.00%,0,100.00%,8.745,รอดำเนินการ,สถานะของสินค้านี้คือ อยู่ระหว่างดำเนินการ คอมมิชชั่นจะถูกคำนวณเพื่อจ่ายหลังสถานะเป็นสำเร็จแล้วเท่านั้น,คำสั่งซื้อจากร้านค้าต่างกัน,ที่มีอยู่,2599adboostco,paris,mng,m01kaofangMeow0303,,Facebook
250908156586T0,รอดำเนินการ,211039935284617,2025-09-08 21:12:15,,2025-09-08 07:42:32,NEOCA Healthcare,168553766,C2C(Non-CB),29668062666,[Gift] NEOCA Garlic นีโอก้า การ์ลิค กระเทียมสกัด ขนาด 10 แคปซูล,197988584615,Normal Product,366622133399609_0_0,กลุ่มผลิตภัณฑ์เพื่อสุขภาพ,อาหารเสริม,อาหารเสริมเพื่อสุขภาพ,0,1,คอมมิชชั่นจากร้านค้า,,0,,1.50%,0,7.00%,0,0,0,0,0,,0,0.00%,0,100.00%,0,รอดำเนินการ,สถานะของสินค้านี้คือ อยู่ระหว่างดำเนินการ คอมมิชชั่นจะถูกคำนวณเพื่อจ่ายหลังสถานะเป็นสำเร็จแล้วเท่านั้น,คำสั่งซื้อจากร้านค้าต่างกัน,ที่มีอยู่,2599adboostco,paris,mng,m01kaofangMeow0303,,Facebook
250908156586SY,รอดำเนินการ,211039935284617,2025-09-08 21:12:15,,2025-09-08 07:42:32,VISTRA (Official Shop),13037400,Shopee Mall(Non-CB),98662689,Vistra CLA & L-Carnitine 1100 mg Plus Vitamin E 30 เม็ด 54.38 กรัม,60422757807,Normal Product,,กลุ่มผลิตภัณฑ์เพื่อสุขภาพ,อาหารเสริม,อาหารเสริมการควบคุมน้ำหนัก,607,1,คอมมิชชั่นจากร้านค้า,,511,,1.50%,7.665,10.00%,0,7.665,7.665,0,7.665,,0,0.00%,0,100.00%,7.665,รอดำเนินการ,สถานะของสินค้านี้คือ อยู่ระหว่างดำเนินการ คอมมิชชั่นจะถูกคำนวณเพื่อจ่ายหลังสถานะเป็นสำเร็จแล้วเท่านั้น,คำสั่งซื้อจากร้านค้าต่างกัน,ที่มีอยู่,2599adboostco,paris,mng,m01kaofangMeow0303,,Facebook
2509081520N2CY,รอดำเนินการ,211039796244524,2025-09-08 21:09:57,,2025-09-08 21:00:11,HNJ Helmet,372096542,Preferred(Non-CB),8369543342,HNJ หมวกกันน็อค หมวกขับขี่มอเตอร์ไซร์ แข็งแรงทนทานต่อแรงกระแทก motorcycle,76054113606,Normal Product,,รถมอเตอร์ไซค์ อะไหล่และอุปกรณ์เสริมมอเตอร์ไซค์,หมวกกันน็อคและอุปกรณ์สวมใส่สำหรับขับขี่,,629,1,คอมมิชชั่นจากร้านค้า,,609,,1.75%,10.6575,6.00%,0,10.6575,10.6575,0,10.6575,,0,0.00%,0,100.00%,10.6575,รอดำเนินการ,สถานะของสินค้านี้คือ อยู่ระหว่างดำเนินการ คอมมิชชั่นจะถูกคำนวณเพื่อจ่ายหลังสถานะเป็นสำเร็จแล้วเท่านั้น,คำสั่งซื้อจากร้านค้าต่างกัน,ที่มีอยู่,2599adboostco,paris,mng,m01BMavk0821,,Facebook
2509081500QJ29,รอดำเนินการ,211039729214622,2025-09-08 21:08:48,,2025-09-08 09:36:27,all_closet,170467040,Preferred(Non-CB),21002411397,📣🎉 เอว 40-42-44 ไซส์จัมโบ้ สินค้าขายดี กางเกงขาสั้นชาย MC callum & Blue Nightหลากสี สีไม่ตก💯 เอว 40-42-44,190137182450,Normal Product,,เสื้อผ้าผู้ชาย,กางเกงขาสั้น,,215,1,คอมมิชชั่นจาก Shopee,,172,,1.75%,3.01,0.00%,0,3.01,6.02,0,6.02,,0,0.00%,0,100.00%,6.02,รอดำเนินการ,สถานะของสินค้านี้คือ อยู่ระหว่างดำเนินการ คอมมิชชั่นจะถูกคำนวณเพื่อจ่ายหลังสถานะเป็นสำเร็จแล้วเท่านั้น,คำสั่งซื้อจากร้านค้าต่างกัน,ที่มีอยู่,2599adboostco,paris,mng,m02Rooftop0706,,Facebook
2509081500QJ29,รอดำเนินการ,211039729214622,2025-09-08 21:08:48,,2025-09-08 09:36:27,all_closet,170467040,Preferred(Non-CB),21002411397,📣🎉 เอว 40-42-44 ไซส์จัมโบ้ สินค้าขายดี กางเกงขาสั้นชาย MC callum & Blue Nightหลากสี สีไม่ตก💯 เอว 40-42-44,241153962022,Normal Product,,เสื้อผ้าผู้ชาย,กางเกงขาสั้น,,215,1,คอมมิชชั่นจาก Shopee,,172,,1.75%,3.01,0.00%,0,3.01,0,0,0,,0,0.00%,0,100.00%,0,รอดำเนินการ,สถานะของสินค้านี้คือ อยู่ระหว่างดำเนินการ คอมมิชชั่นจะถูกคำนวณเพื่อจ่ายหลังสถานะเป็นสำเร็จแล้วเท่านั้น,คำสั่งซื้อจากร้านค้าต่างกัน,ที่มีอยู่,2599adboostco,paris,mng,m02Rooftop0706,,Facebook
2509081500QJ28,สำเร็จ,211039729214622,2025-09-08 21:08:48,2025-09-10 18:58:22,2025-09-08 09:36:27,Your Style Shirt,159876230,Preferred(Non-CB),5781533254,"[ไซส์ 2XL] เสื้อแขนสั้น คอกระดุม มี 8 สี ไซส์ใหญ่ รอบอก 50"" Bigsize เสื้อคนอ้วน",55625943862,Normal Product,,เสื้อผ้าผู้ชาย,เสื้อ,เสื้อยืด,269,1,คอมมิชชั่นจาก Shopee,,216,,1.75%,3.78,0.00%,0,3.78,18.83,0,18.83,,0,0.00%,0,100.00%,18.83,สำเร็จ,,คำสั่งซื้อจากร้านค้าต่างกัน,ที่มีอยู่,2599adboostco,paris,mng,m02Rooftop0706,,Facebook
2509081500QJ28,สำเร็จ,211039729214622,2025-09-08 21:08:48,2025-09-10 18:58:22,2025-09-08 09:36:27,Your Style Shirt,159876230,Preferred(Non-CB),5781533254,"[ไซส์ 2XL] เสื้อแขนสั้น คอกระดุม มี 8 สี ไซส์ใหญ่ รอบอก 50"" Bigsize เสื้อคนอ้วน",55625943865,Normal Product,,เสื้อผ้าผู้ชาย,เสื้อ,เสื้อยืด,269,1,คอมมิชชั่นจาก Shopee,,215,,1.75%,3.7625,0.00%,0,3.7625,0,0,0,,0,0.00%,0,100.00%,0,สำเร็จ,,คำสั่งซื้อจากร้านค้าต่างกัน,ที่มีอยู่,2599adboostco,paris,mng,m02Rooftop0706,,Facebook
2509081500QJ28,สำเร็จ,211039729214622,2025-09-08 21:08:48,2025-09-10 18:58:22,2025-09-08 09:36:27,Your Style Shirt,159876230,Preferred(Non-CB),5781533254,"[ไซส์ 2XL] เสื้อแขนสั้น คอกระดุม มี 8 สี ไซส์ใหญ่ รอบอก 50"" Bigsize เสื้อคนอ้วน",64088914307,Normal Product,,เสื้อผ้าผู้ชาย,เสื้อ,เสื้อยืด,269,1,คอมมิชชั่นจาก Shopee,,215,,1.75%,3.7625,0.00%,0,3.7625,0,0,0,,0,0.00%,0,100.00%,0,สำเร็จ,,คำสั่งซื้อจากร้านค้าต่างกัน,ที่มีอยู่,2599adboostco,paris,mng,m02Rooftop0706,,Facebook
2509081500QJ28,สำเร็จ,211039729214622,2025-09-08 21:08:48,2025-09-10 18:58:22,2025-09-08 09:36:27,Your Style Shirt,159876230,Preferred(Non-CB),5781533254,"[ไซส์ 2XL] เสื้อแขนสั้น คอกระดุม มี 8 สี ไซส์ใหญ่ รอบอก 50"" Bigsize เสื้อคนอ้วน",64088914308,Normal Product,,เสื้อผ้าผู้ชาย,เสื้อ,เสื้อยืด,269,1,คอมมิชชั่นจาก Shopee,,215,,1.75%,3.7625,0.00%,0,3.7625,0,0,0,,0,0.00%,0,100.00%,0,สำเร็จ,,คำสั่งซื้อจากร้านค้าต่างกัน,ที่มีอยู่,2599adboostco,paris,mng,m02Rooftop0706,,Facebook
2509081500QJ28,สำเร็จ,211039729214622,2025-09-08 21:08:48,2025-09-10 18:58:22,2025-09-08 09:36:27,Your Style Shirt,159876230,Preferred(Non-CB),5781533254,"[ไซส์ 2XL] เสื้อแขนสั้น คอกระดุม มี 8 สี ไซส์ใหญ่ รอบอก 50"" Bigsize เสื้อคนอ้วน",82005812107,Normal Product,,เสื้อผ้าผู้ชาย,เสื้อ,เสื้อยืด,269,1,คอมมิชชั่นจาก Shopee,,215,,1.75%,3.7625,0.00%,0,3.7625,0,0,0,,0,0.00%,0,100.00%,0,สำเร็จ,,คำสั่งซื้อจากร้านค้าต่างกัน,ที่มีอยู่,2599adboostco,paris,mng,m02Rooftop0706,,Facebook
25090814Y36QFN,สำเร็จ,211039698253087,2025-09-08 21:08:18,2025-09-10 20:22:20,2025-09-08 20:05:01,Amazfit Official Store,77539211,Shopee Mall(Non-CB),26780023493,[พร้อมส่ง] Amazfit Bip 6 46mm Smartwatch หน้าจอใหญ่พร้อม GPS แม่นยำและโหมดกีฬา 140+ BioTracker™ ตรวจจับสุขภาพ 24 ชม.,252924029567,Normal Product,,มือถือและอุปกรณ์เสริม,อุปกรณ์สวมใส่,สมาร์ทวอทช์และอุปกรณ์ฟิตเนส,2650,1,คอมมิชชั่นจากร้านค้า,,2088,,1.50%,31.32,5.00%,0,31.32,31.32,0,31.32,,0,0.00%,0,100.00%,31.32,สำเร็จ,,คำสั่งซื้อจากร้านค้าต่างกัน,ที่มีอยู่,2599adboostco,paris,mng,m01Tik0803,,Facebook
25090814XJ270R,รอดำเนินการ,211039680285570,2025-09-08 21:08:00,,2025-09-08 17:27:15,ANTA THAILAND,1017796728,Shopee Mall(Non-CB),29107223528,ANTA Travel PG7 รองเท้าวิ่งคุชชั่นผู้ชาย 2E Widefoot รองเท้ากีฬา 1124C5546 Official Store,265786427554,Normal Product,,กีฬาและกิจกรรมกลางแจ้ง,รองเท้ากีฬา,รองเท้าวิ่ง,2151,1,คอมมิชชั่นจากร้านค้า,,1512,,1.75%,26.46,10.00%,0,26.46,26.46,0,26.46,,0,0.00%,0,100.00%,26.46,รอดำเนินการ,สถานะของสินค้านี้คือ อยู่ระหว่างดำเนินการ คอมมิชชั่นจะถูกคำนวณเพื่อจ่ายหลังสถานะเป็นสำเร็จแล้วเท่านั้น,คำสั่งซื้อจากร้านค้าต่างกัน,ที่มีอยู่,2599adboostco,paris,mng,m56Fazzi0830,,Facebook
25090814VE9XT6,สำเร็จ,211039609233925,2025-09-08 21:06:49,2025-09-10 01:31:11,2025-09-08 16:54:28,จินจิรา  【จัดส่งในกรุงเทพฯ】,1317105358,C2C(Non-CB),29780023826,🏡จัดส่งสินค้าใน 12 ชั่วโมง🏡Minecraft บล็อกตัวต่อแม่เหล็ก มายคราฟ ใหม่-ของเล่นปริศนาธีมเกม แมค บล็อกแม่เหล็กเพื่อการศึกษา,195894724515,Normal Product,,แม่และเด็ก,ของเล่น,บล็อกและของเล่นตัวต่อ,159,1,คอมมิชชั่นจากร้านค้า,,154,,1.75%,2.695,9.00%,0,2.695,2.695,0,2.695,,0,0.00%,0,100.00%,2.695,สำเร็จ,,คำสั่งซื้อจากร้านค้าต่างกัน,ที่มีอยู่,2599adboostco,paris,mng,m01KFdika0520,,Facebook
25090814URC5XS,รอดำเนินการ,211039586245833,2025-09-08 21:06:26,,2025-09-08 21:05:52,รองเท้า.th,126792025,Preferred(CB),18479240547,Tikp รองเท้าแตะลําลอง ระบายอากาศ กันลื่น แฟชั่นสําหรับผู้ชาย ไซซ์ 39-45 0427,177627023548,Normal Product,,รองเท้าผู้ชาย,รองเท้าแตะ,รองเท้าแตะแบบสวม,255,1,คอมมิชชั่นจากร้านค้า,,252,,1.75%,4.41,12.00%,30.24,34.65,4.41,30.24,34.65,,0,0.00%,0,100.00%,34.65,รอดำเนินการ,สถานะของสินค้านี้คือ อยู่ระหว่างดำเนินการ คอมมิชชั่นจะถูกคำนวณเพื่อจ่ายหลังสถานะเป็นสำเร็จแล้วเท่านั้น,สั่งซื้อในร้านค้าเดียวกัน,ที่มีอยู่,2599adboostco,paris,mng,m01Tik0803,,Facebook
25090814UHNVUV,รอดำเนินการ,211039579211935,2025-09-08 21:06:19,,2025-09-08 16:35:04,CAMEL Mall,344105894,Shopee Mall(Non-CB),26176414664,CAMEL เครื่องซักผ้าmini เครื่องซักผ้า9kg washing machine ถังซักผ้ามินิ ปั่นแห้ง เครื่องชักผ้ามินิ แบบถังเดี่ยว ฆ่าเชื้ออ,185792732569,Normal Product,,เครื่องใช้ไฟฟ้าภายในบ้าน,เครื่องใช้ไฟฟ้าขนาดใหญ่,เครื่องซักผ้า และ เครื่องอบผ้า,1299,1,คอมมิชชั่นจาก Shopee,,1060,,1.50%,15.9,0.00%,0,15.9,15.9,0,15.9,,0,0.00%,0,100.00%,15.9,รอดำเนินการ,สถานะของสินค้านี้คือ อยู่ระหว่างดำเนินการ คอมมิชชั่นจะถูกคำนวณเพื่อจ่ายหลังสถานะเป็นสำเร็จแล้วเท่านั้น,คำสั่งซื้อจากร้านค้าต่างกัน,ที่มีอยู่,2599adboostco,paris,mng,m01KFdika0520,,Facebook
25090814U0HAJ8,รอดำเนินการ,211039561246448,2025-09-08 21:06:02,,2025-09-08 13:47:52,MU Amulet,87603098,Preferred(Non-CB),26353004004,🔥ธูปใบ้หวย ธูปท้าวเวสสุวรรณ ธูปไอ้ไข่ ธูปหลวงปู่ศิลา เลข3หลัก(เลขคมชัด)เกรดA แถมใบคาถา,148671262098,Normal Product,,เครื่องใช้ในบ้าน,สินค้าเกี่ยวกับฮวงจุ้ยและศาสนา,,42,1,คอมมิชชั่นจาก Shopee,,42,,1.50%,0.63,0.00%,0,0.63,0.63,0,0.63,,0,0.00%,0,100.00%,0.63,รอดำเนินการ,สถานะของสินค้านี้คือ อยู่ระหว่างดำเนินการ คอมมิชชั่นจะถูกคำนวณเพื่อจ่ายหลังสถานะเป็นสำเร็จแล้วเท่านั้น,คำสั่งซื้อจากร้านค้าต่างกัน,ที่มีอยู่,2599adboostco,paris,mng,m01KFdika0520,,Facebook
25090814THAE7F,สำเร็จ,211039545288157,2025-09-08 21:05:45,2025-09-11 11:01:55,2025-09-08 17:38:12,cafe_amazon_official,205474805,Shopee Mall(Non-CB),43264085980,แก้วใสสเตนเลส Stainless Steel Glass สี Flat White - Online Exclusive,301160195630,Normal Product,,เครื่องใช้ในบ้าน,เครื่องใช้บนโต๊ะอาหาร,แก้วน้ำ,399,1,คอมมิชชั่นจาก Shopee,,339,,1.50%,5.085,0.00%,0,5.085,5.085,0,5.085,,0,0.00%,0,100.00%,5.085,สำเร็จ,,คำสั่งซื้อจากร้านค้าต่างกัน,ที่มีอยู่,2599adboostco,paris,mng,m01kaofangMeow0303,,Facebook
25090814SUCC32,รอดำเนินการ,211039522286846,2025-09-08 21:05:22,,2025-09-08 20:59:48,AllJapan,380355888,Preferred(Non-CB),20770362438,**ล๊อตใหม่ล่าสุด** DHC Vitamin C (60 วัน / 120 เม็ด) วิตามินซี Exp: 2027,183667598442,Normal Product,,กลุ่มผลิตภัณฑ์เพื่อสุขภาพ,อาหารเสริม,อาหารเสริมเพื่อสุขภาพ,108,1,คอมมิชชั่นจากร้านค้า,,98,,1.50%,1.47,7.00%,6.86,8.33,1.47,6.86,8.33,,0,0.00%,0,100.00%,8.33,รอดำเนินการ,สถานะของสินค้านี้คือ อยู่ระหว่างดำเนินการ คอมมิชชั่นจะถูกคำนวณเพื่อจ่ายหลังสถานะเป็นสำเร็จแล้วเท่านั้น,สั่งซื้อในร้านค้าเดียวกัน,ที่มีอยู่,2599adboostco,paris,mng,m01FahRain0805,,Others
25090814REH9HN,รอดำเนินการ,211039475256348,2025-09-08 21:04:36,,2025-09-08 20:57:50,UBEN Official,2225227,C2C(Non-CB),8809179892,โช๊คฝากระโปรงหน้า โตโยต้า แคมรี่ ท้ายหงษ์ TOYOTA CAMRY ACV30 Year 2001-2006,90656816377,Normal Product,,รถยนต์ อะไหล่และอุปกรณ์เสริมรถยนต์,ชิ้นส่วนอะไหล่รถยนต์,"โช๊ค, ช่วงล่างและระบบกันสะเทือนรถยนต์",380,1,คอมมิชชั่นจากร้านค้า,,304,,1.75%,5.32,4.00%,0,5.32,5.32,0,5.32,,0,0.00%,0,100.00%,5.32,รอดำเนินการ,สถานะของสินค้านี้คือ อยู่ระหว่างดำเนินการ คอมมิชชั่นจะถูกคำนวณเพื่อจ่ายหลังสถานะเป็นสำเร็จแล้วเท่านั้น,คำสั่งซื้อจากร้านค้าต่างกัน,ที่มีอยู่,2599adboostco,paris,mng,m01FahRain0805,,Facebook
25090814MKG4BK,ยกเลิก,211039346246031,2025-09-08 21:02:27,--,2025-09-08 20:46:06,ยาง GURU,699903081,Preferred(Non-CB),25365289263,ยางรถยนต์ 215/70R16 GOODRIDE กู๊ดไรด์ รุ่น SC326 ยางรถปิคอัพ ขอบ16 (จำนวน 4 เส้น) (ผลิตปี 2025),178078018341,Normal Product,,รถยนต์ อะไหล่และอุปกรณ์เสริมรถยนต์,ชิ้นส่วนอะไหล่รถยนต์,ยางรถและอุปกรณ์เสริม,7300,0,คอมมิชชั่นจาก Shopee,,0,5840,1.75%,0,0.00%,0,0,0,0,0,,0,0.00%,0,100.00%,0,ยกเลิก,คำสั่งซื้อไม่ถูกต้อง.,คำสั่งซื้อจากร้านค้าต่างกัน,ที่มีอยู่,39277545,tunis,mng,m39goodride0110,,Websites
25090814K01R54,รอดำเนินการ,211039292290568,2025-09-08 21:01:32,,2025-09-08 21:00:57,JJshop 888,347700833,Preferred(Non-CB),20273829574,"JJ shop 💜พร้อมส่ง ชุดบอดี้สูทลายลูกไม้เก๋ๆแต่งสายไขว้ข้างแอบเซ็กซี่ ""SS-5"" -H",137411523386,Normal Product,,เสื้อผ้าผู้หญิง,เสื้อ,บอดี้สูท,115,1,คอมมิชชั่นจากร้านค้า,,103,,1.50%,1.545,4.00%,4.12,5.665,1.545,4.12,5.665,,0,0.00%,0,100.00%,5.665,รอดำเนินการ,สถานะของสินค้านี้คือ อยู่ระหว่างดำเนินการ คอมมิชชั่นจะถูกคำนวณเพื่อจ่ายหลังสถานะเป็นสำเร็จแล้วเท่านั้น,สั่งซื้อในร้านค้าเดียวกัน,ที่มีอยู่,2599adboostco,paris,mng,m01jjshop0803,,Facebook
25090814JA2V9D,ยกเลิก,211039269268968,2025-09-08 21:01:09,--,2025-09-08 20:50:52,ANCHI STORE,954776030,Shopee Mall(Non-CB),23524925865,ANCHI หมวกกันน๊อก หมวกกันน็อกเต็มใบ มีกระจกบังแดด ลม เลนส์ใสกันหมอก สีดำด้าน สีดำสะท้อน ขาว Helmet,195288261893,Normal Product,367982933389601_0_0,รถมอเตอร์ไซค์ อะไหล่และอุปกรณ์เสริมมอเตอร์ไซค์,หมวกกันน็อคและอุปกรณ์สวมใส่สำหรับขับขี่,,335,0,คอมมิชชั่นจากร้านค้า,,0,301,1.75%,0,8.00%,0,0,0,0,0,,0,0.00%,0,100.00%,0,ยกเลิก,คำสั่งซื้อไม่ถูกต้อง.,คำสั่งซื้อจากร้านค้าต่างกัน,ที่มีอยู่,2599adboostco,paris,mng,m01KFdika0520,,Facebook
25090814JA2V9D,ยกเลิก,211039269268968,2025-09-08 21:01:09,--,2025-09-08 20:50:52,ANCHI STORE,954776030,Shopee Mall(Non-CB),29881694709,การตกแต่ง หมวกกันน็อคน่ารัก อุปกรณ์ตกแต่งรถยนต์ไฟฟ้า หูหมีน่ารัก เครื่องประดับหูหมี หมวกหลากสี,248055784733,Normal Product,367982933389601_0_0,รถมอเตอร์ไซค์ อะไหล่และอุปกรณ์เสริมมอเตอร์ไซค์,หมวกกันน็อคและอุปกรณ์สวมใส่สำหรับขับขี่,,0,0,คอมมิชชั่นจากร้านค้า,,0,,1.75%,0,8.00%,0,0,0,0,0,,0,0.00%,0,100.00%,0,ยกเลิก,คำสั่งซื้อไม่ถูกต้อง.,คำสั่งซื้อจากร้านค้าต่างกัน,ที่มีอยู่,2599adboostco,paris,mng,m01KFdika0520,,Facebook
25090814GFUNHX,รอดำเนินการ,211039208211207,2025-09-08 21:00:08,,2025-09-08 20:51:47,Lotuss_official,144046792,Shopee Mall(Non-CB),17195874972,โตชิบา ตู้เย็น 2ประตู ขนาด 8.2 คิว รุ่น GR-RT303WE-PMTH(52) สีน้ำเงิน TOSHIBA REFRIGERATOR 2D 8.2Q GR-RT303WE-PMTH(52),128726508941,Normal Product,,เครื่องใช้ไฟฟ้าภายในบ้าน,เครื่องใช้ไฟฟ้าในครัว,ตู้เย็น,7290,1,คอมมิชชั่นจาก Shopee,,5941,,1.50%,89.115,0.00%,0,89.115,89.115,0,89.115,,0,0.00%,0,100.00%,89.115,รอดำเนินการ,สถานะของสินค้านี้คือ อยู่ระหว่างดำเนินการ คอมมิชชั่นจะถูกคำนวณเพื่อจ่ายหลังสถานะเป็นสำเร็จแล้วเท่านั้น,คำสั่งซื้อจากร้านค้าต่างกัน,ที่มีอยู่,2599adboostco,paris,mng,m56Fazzi0830,,Facebook
25090814DBRT13,สำเร็จ,211039103266892,2025-09-08 20:58:24,2025-09-11 14:40:27,2025-09-08 07:01:06,natural life shop,717304906,Preferred(Non-CB),23778348550,6 กล่อง Phecare Pregnancy Test Strip Test ฟีแคร์ ชุดตรวจตั้งครรภ์ ชนิดจุ่ม พร้อมถ้วย มาตรฐาน ISO แม่นยำ ที่ตรวจตั้งครรภ์,186991398546,Normal Product,,กลุ่มผลิตภัณฑ์เพื่อสุขภาพ,ของใช้ส่วนตัว,ผลิตภัณฑ์สำหรับผู้หญิง,69,1,คอมมิชชั่นจากร้านค้า,,69,,1.50%,1.035,7.00%,0,1.035,2.205,0,2.205,,0,0.00%,0,100.00%,2.205,สำเร็จ,,คำสั่งซื้อจากร้านค้าต่างกัน,ที่มีอยู่,2599adboostco,paris,mng,m01PetKit0520,,Facebook
25090814DBRT13,สำเร็จ,211039103266892,2025-09-08 20:58:24,2025-09-11 14:40:27,2025-09-08 07:01:06,natural life shop,717304906,Preferred(Non-CB),21715187042,Phecare Pregnancy Test ฟีแคร์ ชุดตรวจตั้งครรภ์ ที่ตรวจตั้งครรภ์ แบบจุ่ม (Strip) แบบปากกา (Midstream) มาตรฐาน ISO แม่นยำ,220911438861,Normal Product,,กลุ่มผลิตภัณฑ์เพื่อสุขภาพ,ของใช้ส่วนตัว,ผลิตภัณฑ์สำหรับผู้หญิง,78,1,คอมมิชชั่นจากร้านค้า,,78,,1.50%,1.17,7.00%,0,1.17,0,0,0,,0,0.00%,0,100.00%,0,สำเร็จ,,คำสั่งซื้อจากร้านค้าต่างกัน,ที่มีอยู่,2599adboostco,paris,mng,m01PetKit0520,,Facebook
25090814BS6EXB,รอดำเนินการ,211039050236795,2025-09-08 20:57:31,,2025-09-08 20:17:06,Famly Official Store,85376817,C2C(Non-CB),1498726142,นาฬิกาแขวนผนัง ทรงกลม ลายน่ารัก เหมาะกับเด็ก ขนาด 8-12 นิ้ว เข็มเดินเรียบ ประหยัดถ่าน ระบบ QUARTZ,214484062132,Normal Product,,เครื่องใช้ในบ้าน,อุปกรณ์ตกแต่งบ้าน,นาฬิกา,79,1,คอมมิชชั่นจากร้านค้า,,79,,1.50%,1.185,8.00%,0,1.185,1.185,0,1.185,,0,0.00%,0,100.00%,1.185,รอดำเนินการ,สถานะของสินค้านี้คือ อยู่ระหว่างดำเนินการ คอมมิชชั่นจะถูกคำนวณเพื่อจ่ายหลังสถานะเป็นสำเร็จแล้วเท่านั้น,คำสั่งซื้อจากร้านค้าต่างกัน,ที่มีอยู่,2599adboostco,paris,mng,m01PetKit0520,,Facebook
25090814AVKWAX,รอดำเนินการ,211039020267641,2025-09-08 20:57:00,,2025-09-08 20:49:23,US_Shopping,822058884,Preferred(Non-CB),18048966505,โรลออน OLD SPICE ของแท้ 100% Made in USA Anti-perspirant/ Deodorant,174575359485,Normal Product,,ผลิตภัณฑ์บำรุงและเสริมความงาม,สบู่อาบน้ำและผลิตภัณฑ์ดูแลผิวกาย,ผลิตภัณฑ์ระงับกลิ่นกาย,269,1,คอมมิชชั่นจาก Shopee,,215,,1.75%,3.7625,0.00%,0,3.7625,3.7625,0,3.7625,,0,0.00%,0,100.00%,3.7625,รอดำเนินการ,สถานะของสินค้านี้คือ อยู่ระหว่างดำเนินการ คอมมิชชั่นจะถูกคำนวณเพื่อจ่ายหลังสถานะเป็นสำเร็จแล้วเท่านั้น,คำสั่งซื้อจากร้านค้าต่างกัน,ที่มีอยู่,2599adboostco,paris,mng,m01Tik0803,,Facebook
250908149JKJ9U,รอดำเนินการ,211039017299519,2025-09-08 20:56:16,,2025-09-08 20:54:48,Super cool_shop,1144590236,C2C(Non-CB),28120127948,หมวกกันน็อค หมวกกันน๊อก รถจักรยานยนต์ กันลม กันน้ำ แข็งแรงใส่สบายหมวกกันน็อคเต็ม ทนต่อการใช้งาน หมวกกันน็อคเต็มใบ,208047752859,Normal Product,,รถมอเตอร์ไซค์ อะไหล่และอุปกรณ์เสริมมอเตอร์ไซค์,หมวกกันน็อคและอุปกรณ์สวมใส่สำหรับขับขี่,,179,1,คอมมิชชั่นจากร้านค้า,,145,,1.75%,2.5375,13.00%,18.85,21.3875,2.5375,18.85,21.3875,,0,0.00%,0,100.00%,21.3875,รอดำเนินการ,สถานะของสินค้านี้คือ อยู่ระหว่างดำเนินการ คอมมิชชั่นจะถูกคำนวณเพื่อจ่ายหลังสถานะเป็นสำเร็จแล้วเท่านั้น,สั่งซื้อในร้านค้าเดียวกัน,ที่มีอยู่,2599adboostco,paris,mng,m01BMavk0821,,Facebook
250908146BM313,รอดำเนินการ,211038868226161,2025-09-08 20:54:28,,2025-09-08 05:18:21,fluffy.memo,410514926,C2C(Non-CB),29006401052,🪸 pastel in love 💗 พวงกุญแจ สายคล้องสีพาสเทลน่ารัก,236590042565,Normal Product,,งานอดิเรกและของสะสม,ของที่ระลึก,พวงกุญแจ,49,1,คอมมิชชั่นจาก Shopee,,49,,1.50%,0.735,0.00%,0,0.735,0.735,0,0.735,,0,0.00%,0,100.00%,0.735,รอดำเนินการ,สถานะของสินค้านี้คือ อยู่ระหว่างดำเนินการ คอมมิชชั่นจะถูกคำนวณเพื่อจ่ายหลังสถานะเป็นสำเร็จแล้วเท่านั้น,คำสั่งซื้อจากร้านค้าต่างกัน,ที่มีอยู่,2599adboostco,paris,mng,m56ProwaVDO0905,,Facebook
250908146BM312,สำเร็จ,211038868226161,2025-09-08 20:54:28,2025-09-10 17:55:10,2025-09-08 05:18:21,Case Case Case,11160988,Preferred(Non-CB),6081844864,ฟิล์มกันรอย ขอบข้าง สำหรับไอโฟน 16 pro max 15 plus 14 13 12 11 สำหรับiPhone mini ฟิล์มขอบข้าง,126843183494,Normal Product,,มือถือและอุปกรณ์เสริม,อุปกรณ์เสริม,ฟิล์มกันรอย/กระจกกันรอย,15,1,คอมมิชชั่นจากร้านค้า,,15,,1.50%,0.225,9.00%,0,0.225,0.81,0,0.81,,0,0.00%,0,100.00%,0.81,สำเร็จ,,คำสั่งซื้อจากร้านค้าต่างกัน,ที่มีอยู่,2599adboostco,paris,mng,m56ProwaVDO0905,,Facebook
250908146BM312,สำเร็จ,211038868226161,2025-09-08 20:54:28,2025-09-10 17:55:10,2025-09-08 05:18:21,Case Case Case,11160988,Preferred(Non-CB),29366758728,DURABLE ฟิล์มกันรอย ขอบข้าง สำหรับไอโฟน 16 pro max 15 14 13 12 11 for iPhone mini ฟิล์มขอบข้าง,217952159348,Normal Product,,มือถือและอุปกรณ์เสริม,อุปกรณ์เสริม,ฟิล์มกันรอย/กระจกกันรอย,39,1,คอมมิชชั่นจากร้านค้า,,39,,1.50%,0.585,15.00%,0,0.585,0,0,0,,0,0.00%,0,100.00%,0,สำเร็จ,,คำสั่งซื้อจากร้านค้าต่างกัน,ที่มีอยู่,2599adboostco,paris,mng,m56ProwaVDO0905,,Facebook
250908140ES346,สำเร็จ,211038670201738,2025-09-08 20:51:10,2025-09-11 11:57:42,2025-09-08 07:40:54,befirstmall,271843083,Preferred(Non-CB),29419988583,ถ้วยเก็บความร้อน 600มล ลูกแมวให้อบอุ่นในถ้วยฟาง 6-12ชม. พร้อมเชือกยก 316 ถ้วยกาแฟสแตนเลส B0170,227121466933,Normal Product,,เครื่องใช้ในบ้าน,เครื่องใช้บนโต๊ะอาหาร,ขวดน้ำ,120,1,คอมมิชชั่นจากร้านค้า,,106,,1.50%,1.59,7.00%,0,1.59,1.86,0,1.86,,0,0.00%,0,100.00%,1.86,สำเร็จ,,คำสั่งซื้อจากร้านค้าต่างกัน,ที่มีอยู่,2599adboostco,paris,mng,m01BMavk0821,,Facebook
250908140ES346,สำเร็จ,211038670201738,2025-09-08 20:51:10,2025-09-11 11:57:42,2025-09-08 07:40:54,befirstmall,271843083,Preferred(Non-CB),17652726833,กระดาษพิเศษA718 แผ่นกระดาษรองหม้อทอดไร้น้ํามัน กระดาษดูดซับน้ำมันในครัวเรือน กระดาษรองอบ สําหรับเตาอบ แบบใช้แล้วทิ้ง,143935627974,Normal Product,,เครื่องใช้ในบ้าน,เครื่องครัว,อุปกรณ์ทำขนม,19,1,คอมมิชชั่นจากร้านค้า,,18,,1.50%,0.27,7.00%,0,0.27,0,0,0,,0,0.00%,0,100.00%,0,สำเร็จ,,คำสั่งซื้อจากร้านค้าต่างกัน,ที่มีอยู่,2599adboostco,paris,mng,m01BMavk0821,,Facebook
25090813XUA33N,รอดำเนินการ,211038616236600,2025-09-08 20:50:17,,2025-09-08 20:47:25,JJshop 888,347700833,Preferred(Non-CB),20273829574,"JJ shop 💜พร้อมส่ง ชุดบอดี้สูทลายลูกไม้เก๋ๆแต่งสายไขว้ข้างแอบเซ็กซี่ ""SS-5"" -H",137411523386,Normal Product,,เสื้อผ้าผู้หญิง,เสื้อ,บอดี้สูท,115,1,คอมมิชชั่นจากร้านค้า,,101,,1.50%,1.515,4.00%,4.04,5.555,1.515,4.04,5.555,,0,0.00%,0,100.00%,5.555,รอดำเนินการ,สถานะของสินค้านี้คือ อยู่ระหว่างดำเนินการ คอมมิชชั่นจะถูกคำนวณเพื่อจ่ายหลังสถานะเป็นสำเร็จแล้วเท่านั้น,สั่งซื้อในร้านค้าเดียวกัน,ที่มีอยู่,2599adboostco,paris,mng,m01jjshop0803,,Facebook
25090813VE1THK,รอดำเนินการ,211038535221719,2025-09-08 20:48:55,,2025-09-08 09:00:31,KONVY_Official Shop,70998059,Shopee Mall(Non-CB),29416216842,KAGE Cloudy Lip Blending 2g คาเกะ ลิปไลเนอร์เนื้อนุ่ม.,187936147454,Normal Product,,ผลิตภัณฑ์บำรุงและเสริมความงาม,เครื่องสําอาง,เครื่องสำอางสำหรับริมฝีปาก,199,1,คอมมิชชั่นจาก Shopee,,159,,1.75%,2.7825,0.00%,0,2.7825,2.7825,0,2.7825,,0,0.00%,0,100.00%,2.7825,รอดำเนินการ,สถานะของสินค้านี้คือ อยู่ระหว่างดำเนินการ คอมมิชชั่นจะถูกคำนวณเพื่อจ่ายหลังสถานะเป็นสำเร็จแล้วเท่านั้น,คำสั่งซื้อจากร้านค้าต่างกัน,ที่มีอยู่,2599adboostco,paris,mng,m01PetKit0520,,Facebook
25090813VE1THJ,รอดำเนินการ,211038535221719,2025-09-08 20:48:55,,2025-09-08 09:00:31,INGA TH Official Store,1156881311,Shopee Mall(CB),28452755343,Inga Glassy Water Glow Lip Tint (SNOWY/ GLASSY_13 สี),236680235766,Normal Product,,ผลิตภัณฑ์บำรุงและเสริมความงาม,เครื่องสําอาง,เครื่องสำอางสำหรับริมฝีปาก,310,1,คอมมิชชั่นจากร้านค้า,,87,,1.75%,1.5225,20.00%,0,1.5225,1.5225,0,1.5225,,0,0.00%,0,100.00%,1.5225,รอดำเนินการ,สถานะของสินค้านี้คือ อยู่ระหว่างดำเนินการ คอมมิชชั่นจะถูกคำนวณเพื่อจ่ายหลังสถานะเป็นสำเร็จแล้วเท่านั้น,คำสั่งซื้อจากร้านค้าต่างกัน,ที่มีอยู่,2599adboostco,paris,mng,m01PetKit0520,,Facebook
25090813UUYWHT,รอดำเนินการ,211038516291508,2025-09-08 20:48:36,,2025-09-08 20:46:43,TH -Shop,718606161,Preferred(Non-CB),21162788771,ชุดอุปกรณ์ตัดขนสุนัข ปัตตาเลี่ยนตัดขนสัตว์เลี้ยง ที่ตัดขนแมว ที่ตัดขนหมา 4in1 pet trimmer hairclipper พร้อมหัวที่่กรอเล็,221284404366,Normal Product,,สัตว์เลี้ยง,อุปกรณ์ทำความสะอาดและตกแต่งขน,อุปกรณ์ดูแลขนสัตว์เลี้ยง,295,1,คอมมิชชั่นจากร้านค้า,,293,,1.75%,5.1275,4.00%,11.72,16.8475,5.1275,11.72,16.8475,,0,0.00%,0,100.00%,16.8475,รอดำเนินการ,สถานะของสินค้านี้คือ อยู่ระหว่างดำเนินการ คอมมิชชั่นจะถูกคำนวณเพื่อจ่ายหลังสถานะเป็นสำเร็จแล้วเท่านั้น,สั่งซื้อในร้านค้าเดียวกัน,ที่มีอยู่,2599adboostco,paris,mng,m01PetKit0520,,Facebook
25090813UP6A1D,รอดำเนินการ,211038510206319,2025-09-08 20:48:30,,2025-09-08 11:12:36,Cherilon Official Store,45548200,Shopee Mall(Non-CB),24558614166,CHERILON เชอรีล่อน ถุงน่องรับปริญญา ถูกระเบียบ ถุงน่อง ขาเรียว สวย กระชับ คลายความเมื่อยล้า CLL-HPDC01 ( CLL-HSNCBF ),98862006910,Normal Product,,เสื้อผ้าผู้หญิง,ถุงเท้า และถุงน่อง,ถุงน่อง,45,2,คอมมิชชั่นจากร้านค้า,,90,,1.50%,1.35,7.00%,0,1.35,1.35,0,1.35,,0,0.00%,0,100.00%,1.35,รอดำเนินการ,สถานะของสินค้านี้คือ อยู่ระหว่างดำเนินการ คอมมิชชั่นจะถูกคำนวณเพื่อจ่ายหลังสถานะเป็นสำเร็จแล้วเท่านั้น,คำสั่งซื้อจากร้านค้าต่างกัน,ที่มีอยู่,2599adboostco,paris,mng,m01KFdika0520,,Facebook
25090813J08MEG,รอดำเนินการ,211038185227058,2025-09-08 20:43:06,,2025-09-08 20:42:19,PROFILM,237954961,Preferred(Non-CB),20478849540,สเปรย์เคลือบเงา พรีเมี่ยม เคลือบพลาสติก เคลือบสีรถ เคลือบยางดำ เคลือบเบาะคอนโซล PROWAX PREMIUMWAX,127554691921,Normal Product,,รถยนต์ อะไหล่และอุปกรณ์เสริมรถยนต์,ผลิตภัณฑ์ดูแลรถยนต์,ผลิตภัณฑ์ล้างและเคลือบเงารถยนต์,116,1,คอมมิชชั่นจากร้านค้า,,103,,1.75%,1.8025,20.00%,20.6,22.4025,1.8025,20.6,22.4025,,0,0.00%,0,100.00%,22.4025,รอดำเนินการ,สถานะของสินค้านี้คือ อยู่ระหว่างดำเนินการ คอมมิชชั่นจะถูกคำนวณเพื่อจ่ายหลังสถานะเป็นสำเร็จแล้วเท่านั้น,สั่งซื้อในร้านค้าเดียวกัน,ที่มีอยู่,2599adboostco,paris,mng,m56ProwaVDO0905,,Facebook
25090813H2R5D1,สำเร็จ,211038154277117,2025-09-08 20:42:35,2025-09-10 18:07:42,2025-09-08 20:33:18,TH -Shop,718606161,Preferred(Non-CB),21162788771,ชุดอุปกรณ์ตัดขนสุนัข ปัตตาเลี่ยนตัดขนสัตว์เลี้ยง ที่ตัดขนแมว ที่ตัดขนหมา 4in1 pet trimmer hairclipper พร้อมหัวที่่กรอเล็,184126265125,Normal Product,,สัตว์เลี้ยง,อุปกรณ์ทำความสะอาดและตกแต่งขน,อุปกรณ์ดูแลขนสัตว์เลี้ยง,270,1,คอมมิชชั่นจากร้านค้า,,241,,1.75%,4.2175,4.00%,9.64,13.8575,4.2175,9.64,13.8575,,0,0.00%,0,100.00%,13.8575,สำเร็จ,,สั่งซื้อในร้านค้าเดียวกัน,ที่มีอยู่,2599adboostco,paris,mng,m01PetKit0520,,Facebook
25090813E2EAT6,ยกเลิก,211038053294787,2025-09-08 20:40:53,--,2025-09-08 15:50:28,J&N FOOD SHOP,104394038,Preferred(Non-CB),27305699017,ซื้อ 1 แถม 1 ขายดี✅ J&N อัลมอนด์เม็ดอบ+เม็ดมะม่วงหิมพานต์ อัลมอนด์เม็ดอบ อัลมอนด์เม็ด อัลมอนด์ อัลมอน ถั่วอัลมอนด์,233013522943,Normal Product,,อาหารและเครื่องดื่ม,ขนมขบเคี้ยว,ถั่ว,98,0,คอมมิชชั่นจากร้านค้า,,0,49,1.75%,0,12.00%,0,0,0,0,0,,0,0.00%,0,100.00%,0,ยกเลิก,ผู้ซื้อยกเลิกคำสั่งซื้อ.,คำสั่งซื้อจากร้านค้าต่างกัน,ที่มีอยู่,2599adboostco,paris,mng,m01BMavk0821,,Facebook
25090813DH89VW,รอดำเนินการ,211038035262402,2025-09-08 20:40:36,,2025-09-08 08:39:56,ณัฐอะไหล่แต่ง,86215348,C2C(Non-CB),27056735107,++ใส่ยางไปให้เลย ล้อแม็กพร้อมยาง🛞WAVE110i 5ก้านเดิม ขอบ17 หน้าดิสหลังดั้ม ลูกปืน + บูชกลาง <<ยางลายเดิมเวฟ>>,217691876081,Normal Product,,รถมอเตอร์ไซค์ อะไหล่และอุปกรณ์เสริมมอเตอร์ไซค์,ชิ้นส่วนอะไหล่มอเตอร์ไซค์,ล้อมอเตอร์ไซค์และอุปกรณ์เสริม,2450,1,คอมมิชชั่นจาก Shopee,,1960,,1.75%,34.3,0.00%,0,34.3,34.3,0,34.3,,0,0.00%,0,100.00%,34.3,รอดำเนินการ,สถานะของสินค้านี้คือ อยู่ระหว่างดำเนินการ คอมมิชชั่นจะถูกคำนวณเพื่อจ่ายหลังสถานะเป็นสำเร็จแล้วเท่านั้น,คำสั่งซื้อจากร้านค้าต่างกัน,ที่มีอยู่,2599adboostco,paris,mng,m56ProwaVDO0905,,Facebook
25090813CEW79T,สำเร็จ,211037999255037,2025-09-08 20:40:00,2025-09-11 17:05:03,2025-09-08 16:53:58,BK_accessory,192383688,Preferred(Non-CB),28306695864,ป้ายทะเบียนรถญี่ปุ่น รถไฟฟ้า รถสกู๊ตเตอร์,227359935435,Normal Product,,รถยนต์ อะไหล่และอุปกรณ์เสริมรถยนต์,อุปกรณ์เสริมภายนอกรถยนต์,กรอบป้ายทะเบียน,99,1,คอมมิชชั่นจาก Shopee,,99,,1.75%,1.7325,0.00%,0,1.7325,1.7325,0,1.7325,,0,0.00%,0,100.00%,1.7325,สำเร็จ,,คำสั่งซื้อจากร้านค้าต่างกัน,ที่มีอยู่,2599adboostco,paris,mng,m01FahRain0805,,Facebook
25090813CEW79S,สำเร็จ,211037999255036,2025-09-08 20:40:00,2025-09-11 17:05:20,2025-09-08 16:53:58,AJ MOTOR,221577567,Preferred(Non-CB),19192224740,สติ๊กเกอร์Yamaha Y80 (เคลือบเงาแท้),225552106388,Normal Product,,รถมอเตอร์ไซค์ อะไหล่และอุปกรณ์เสริมมอเตอร์ไซค์,อุปกรณ์ตกแต่งมอเตอร์ไซค์,สติกเกอร์และโลโก้ติดมอเตอร์ไซค์,100,1,คอมมิชชั่นจาก Shopee,,90,,1.75%,1.575,0.00%,0,1.575,1.575,0,1.575,,0,0.00%,0,100.00%,1.575,สำเร็จ,,คำสั่งซื้อจากร้านค้าต่างกัน,ที่มีอยู่,2599adboostco,paris,mng,m01FahRain0805,,Facebook
250908139TXRDM,รอดำเนินการ,211037911222281,2025-09-08 20:38:32,,2025-09-08 05:28:25,PSN Interfood,1019894179,Preferred(Non-CB),23252763336,Baked Macadamia แมคคาเดเมีย อบ เต็มเม็ด พร้อมทาน ขนาด 250 g และ 500 g,204606277462,Normal Product,,อาหารและเครื่องดื่ม,ขนมขบเคี้ยว,ถั่ว,519,1,คอมมิชชั่นจากร้านค้า,,415,,1.75%,7.2625,4.00%,0,7.2625,7.2625,0,7.2625,,0,0.00%,0,100.00%,7.2625,รอดำเนินการ,สถานะของสินค้านี้คือ อยู่ระหว่างดำเนินการ คอมมิชชั่นจะถูกคำนวณเพื่อจ่ายหลังสถานะเป็นสำเร็จแล้วเท่านั้น,คำสั่งซื้อจากร้านค้าต่างกัน,ที่มีอยู่,2599adboostco,paris,mng,m01YPf0821,,Others
250908135CVN0Q,รอดำเนินการ,211037762254500,2025-09-08 20:36:03,,2025-09-08 05:39:36,jianzhuk2.th,1196573225,C2C(CB),28985897338,กันน้ําเต็มห่อเคสโทรศัพท์สําหรับ Wiko Y82 ทนทานป้องกัน Anti-knock ซิลิโคนน่ารักนุ่มกรณี Dirt-proof ปกหลังกันกระแทกป้องกันฝุ่น TP,243368519510,Normal Product,,มือถือและอุปกรณ์เสริม,อุปกรณ์เสริม,เคสมือถือและแท็บเล็ต,56,1,คอมมิชชั่นจากร้านค้า,,42,,1.50%,0.63,15.00%,0,0.63,0.63,0,0.63,,0,0.00%,0,100.00%,0.63,รอดำเนินการ,สถานะของสินค้านี้คือ อยู่ระหว่างดำเนินการ คอมมิชชั่นจะถูกคำนวณเพื่อจ่ายหลังสถานะเป็นสำเร็จแล้วเท่านั้น,คำสั่งซื้อจากร้านค้าต่างกัน,ที่มีอยู่,2599adboostco,paris,mng,m01KFdika0520,,Facebook
250908135CVN0P,รอดำเนินการ,211037762254499,2025-09-08 20:36:03,,2025-09-08 05:39:36,SISICASE.th,1102288720,Preferred(CB),28136282142,ZTE 6.52 สําหรับZTE Blade A51 ฝาหลังZTE Blade A51 2021 กรณีผีเสื้อหรูหรารักแฟชั่นดอกไม้Coolหล่อสิงโตทาสี,29918973813,Normal Product,,มือถือและอุปกรณ์เสริม,อุปกรณ์เสริม,เคสมือถือและแท็บเล็ต,35,1,คอมมิชชั่นจากร้านค้า,,27,,1.50%,0.405,1.00%,0,0.405,0.405,0,0.405,,0,0.00%,0,100.00%,0.405,รอดำเนินการ,สถานะของสินค้านี้คือ อยู่ระหว่างดำเนินการ คอมมิชชั่นจะถูกคำนวณเพื่อจ่ายหลังสถานะเป็นสำเร็จแล้วเท่านั้น,คำสั่งซื้อจากร้านค้าต่างกัน,ที่มีอยู่,2599adboostco,paris,mng,m01KFdika0520,,Facebook
250908133D0GRA,รอดำเนินการ,211037695273977,2025-09-08 20:34:55,,2025-09-08 12:10:12,Kleenex & Scott & Confidence,19699503,Shopee Mall(Non-CB),25532436326,กระดาษเช็ดหน้าคลีเน็กซ์แอคแน่ คอมฟอร์ท ซอฟท์เคส แพ็ก 8 +2 ห่อ Kleenex® Acne Comfort Soft Box 80 sheets 8+2,137959198190,Normal Product,,เครื่องใช้ในบ้าน,อุปกรณ์ซักรีดและผลิตภัณฑ์ดูแลบ้าน,กระดาษเช็ดหน้า,209,1,คอมมิชชั่นจากร้านค้า,,167,,1.50%,2.505,7.00%,0,2.505,2.505,0,2.505,,0,0.00%,0,100.00%,2.505,รอดำเนินการ,สถานะของสินค้านี้คือ อยู่ระหว่างดำเนินการ คอมมิชชั่นจะถูกคำนวณเพื่อจ่ายหลังสถานะเป็นสำเร็จแล้วเท่านั้น,คำสั่งซื้อจากร้านค้าต่างกัน,ที่มีอยู่,2599adboostco,paris,mng,m01jjshop0803,,Facebook
2509081330KXQY,สำเร็จ,211037682288425,2025-09-08 20:34:42,2025-09-11 11:31:07,2025-09-08 20:32:20,Precious pet,633200049,C2C(Non-CB),19937505735,เบาะนอนแมว ที่นอนแมวสาน เกรดพรีเมี่ยม บ้านแมว ที่นอนสัตว์เลี้ยง สไตล์มินิมอล สไตล์ญี่ปุ่น ที่นอนนุ่ม,195612780514,Normal Product,,สัตว์เลี้ยง,อุปกรณ์สำหรับสัตว์เลี้ยง,เฟอร์นิเจอร์สัตว์เลี้ยง,107,1,คอมมิชชั่นจาก Shopee,,86,,1.75%,1.505,0.00%,0,1.505,3.43,0,3.43,,0,0.00%,0,100.00%,3.43,สำเร็จ,,คำสั่งซื้อจากร้านค้าต่างกัน,ที่มีอยู่,2599adboostco,paris,mng,m01kaofangMeow0303,,Facebook
2509081330KXQY,สำเร็จ,211037682288425,2025-09-08 20:34:42,2025-09-11 11:31:07,2025-09-08 20:32:20,Precious pet,633200049,C2C(Non-CB),27420354900,แผ่นดักทรายแมว พรมดักทรายแมว พรม 2 ชั้น EVA ช่วยดัก ทรายแมว ที่ติดตามเท้า แผ่น รอง ทรายแมว ขนาด ใหญ่ (120*70CM),252229497828,Normal Product,,สัตว์เลี้ยง,ห้องน้ำและทราย,ทรายแมวและกระบะทรายแมว,138,1,คอมมิชชั่นจาก Shopee,,110,,1.75%,1.925,0.00%,0,1.925,0,0,0,,0,0.00%,0,100.00%,0,สำเร็จ,,คำสั่งซื้อจากร้านค้าต่างกัน,ที่มีอยู่,2599adboostco,paris,mng,m01kaofangMeow0303,,Facebook
250908132TUTVQ,รอดำเนินการ,211037676249000,2025-09-08 20:34:37,,2025-09-08 15:28:37,ddkkp,155744211,C2C(Non-CB),23160942629,ต่างหูพลาสติก🔥ก้านหลอด🔥ต่างหูไม่มีหัว ไม่มีแป้น ใช้แทนก้านกระเทียม ระวังสินค้าที่ไม่ผ่านการฆ่าเชื้อ,108240661055,Normal Product,,เครื่องประดับ,ต่างหู,,17,1,คอมมิชชั่นจาก Shopee,,17,,1.75%,0.2975,0.00%,0,0.2975,0.2975,0,0.2975,,0,0.00%,0,100.00%,0.2975,รอดำเนินการ,สถานะของสินค้านี้คือ อยู่ระหว่างดำเนินการ คอมมิชชั่นจะถูกคำนวณเพื่อจ่ายหลังสถานะเป็นสำเร็จแล้วเท่านั้น,คำสั่งซื้อจากร้านค้าต่างกัน,ที่มีอยู่,241225adboostco,paris,mng,m06Nasa1228,m06Nasa1228photo,Others
250908130WTWHQ,รอดำเนินการ,211037612253746,2025-09-08 20:33:32,,2025-09-08 16:23:44,Starpetshop,151386507,Preferred(Non-CB),28488737190,"MEWRE มิวเร่ น้ำดื่มเพื่อสุขภาพที่ดีของน้องเเมว ขนาด 3,800 ML ผสานเทคโนโลยี NANOSS",260733783489,Normal Product,,อาหารและเครื่องดื่ม,เครื่องดื่ม,น้ำดื่ม,238,1,คอมมิชชั่นจาก Shopee,,190,,1.75%,3.325,0.00%,0,3.325,3.325,0,3.325,,0,0.00%,0,100.00%,3.325,รอดำเนินการ,สถานะของสินค้านี้คือ อยู่ระหว่างดำเนินการ คอมมิชชั่นจะถูกคำนวณเพื่อจ่ายหลังสถานะเป็นสำเร็จแล้วเท่านั้น,คำสั่งซื้อจากร้านค้าต่างกัน,ที่มีอยู่,2599adboostco,paris,mng,m01PetKit0520,,Facebook
25090812YJW3DV,รอดำเนินการ,211037567239440,2025-09-08 20:32:48,,2025-09-08 12:06:15,TH -Shop,718606161,Preferred(Non-CB),21162788771,ชุดอุปกรณ์ตัดขนสุนัข ปัตตาเลี่ยนตัดขนสัตว์เลี้ยง ที่ตัดขนแมว ที่ตัดขนหมา 4in1 pet trimmer hairclipper พร้อมหัวที่่กรอเล็,221284404366,Normal Product,,สัตว์เลี้ยง,อุปกรณ์ทำความสะอาดและตกแต่งขน,อุปกรณ์ดูแลขนสัตว์เลี้ยง,295,1,คอมมิชชั่นจากร้านค้า,,234,,1.75%,4.095,4.00%,9.36,13.455,4.095,9.36,13.455,,0,0.00%,0,100.00%,13.455,รอดำเนินการ,สถานะของสินค้านี้คือ อยู่ระหว่างดำเนินการ คอมมิชชั่นจะถูกคำนวณเพื่อจ่ายหลังสถานะเป็นสำเร็จแล้วเท่านั้น,สั่งซื้อในร้านค้าเดียวกัน,ที่มีอยู่,2599adboostco,paris,mng,m01PetKit0520,,Facebook
25090812VX279D,สำเร็จ,211037478272679,2025-09-08 20:31:19,2025-09-09 08:44:16,2025-09-08 16:51:59,iQIYI Official Store,1213423807,Shopee Mall(Non-CB),28000756485,[E-voucher] iQIYI STANDARD VIP มาตรฐาน 3 วัน แอปดูหนัง/ซีรีส์ แบบซับไทยและพากย์,236364306069,Normal Product,,ตั๋วและบัตรกำนัล,สื่อบันเทิงออนไลน์,,20,1,คอมมิชชั่นจาก Shopee,,20,,2.00%,0.4,0.00%,0,0.4,0.4,0,0.4,,0,0.00%,0,100.00%,0.4,สำเร็จ,,คำสั่งซื้อจากร้านค้าต่างกัน,ที่มีอยู่,2599adboostco,paris,mng,m01KFdika0520,,Facebook
25090812V2BYX1,รอดำเนินการ,211037449236437,2025-09-08 20:30:50,,2025-09-08 19:13:20,MEGA.Home,1100289317,Preferred(Non-CB),24572717397,แถบกันเสียงตะเข็บประตู ที่กันประต ที่กั้นประตูกันแมลง แถบปิดผนึกด้านล่างประตูสามชั้น แถบกันน้ำ,98899365972,Normal Product,,เครื่องใช้ในบ้าน,เฟอร์นิเจอร์,ที่กั้นประตู,33,1,คอมมิชชั่นจากร้านค้า,,31,,1.50%,0.465,13.00%,0,0.465,0.465,0,0.465,,0,0.00%,0,100.00%,0.465,รอดำเนินการ,สถานะของสินค้านี้คือ อยู่ระหว่างดำเนินการ คอมมิชชั่นจะถูกคำนวณเพื่อจ่ายหลังสถานะเป็นสำเร็จแล้วเท่านั้น,คำสั่งซื้อจากร้านค้าต่างกัน,ที่มีอยู่,2599adboostco,paris,mng,m01KFdika0520,,Facebook
25090812UG71XW,รอดำเนินการ,211037430200330,2025-09-08 20:30:30,,2025-09-08 20:23:53,waranya.shop&8693,276671426,Preferred(Non-CB),26824615316,New!อัดเกรดรุ่นใหม่ทนกว่าเดิม ผ้าคลุมเบาะมอเตอร์ไซค์ ผ้าเบาะรถมอไซ ที่คุ้มเบาะรถมอไซ,129225609783,Normal Product,,รถมอเตอร์ไซค์ อะไหล่และอุปกรณ์เสริมมอเตอร์ไซค์,อุปกรณ์ตกแต่งมอเตอร์ไซค์,ผ้าคลุมมอเตอร์ไซค์,59,2,คอมมิชชั่นจากร้านค้า,,105,,1.75%,1.8375,11.00%,0,1.8375,1.8375,0,1.8375,,0,0.00%,0,100.00%,1.8375,รอดำเนินการ,สถานะของสินค้านี้คือ อยู่ระหว่างดำเนินการ คอมมิชชั่นจะถูกคำนวณเพื่อจ่ายหลังสถานะเป็นสำเร็จแล้วเท่านั้น,คำสั่งซื้อจากร้านค้าต่างกัน,ที่มีอยู่,2599adboostco,paris,mng,m01BMavk0821,,Facebook
25090812UDCAFT,สำเร็จ,211037427222691,2025-09-08 20:30:27,2025-09-09 21:13:26,2025-09-08 14:02:37,SCREW N' BOLT,243485752,Preferred(Non-CB),16163053100,น็อต สกรู หัวจมแบน หัวกลมแบน งานเฟอร์ฯ สแตนเลส 304 เกลียวมิล หยาบ M6 M8 M10 / Round Flat Hex Socket,135602416781,Normal Product,,เครื่องใช้ในบ้าน,เครื่องมือและอุปกรณ์ปรับปรุงบ้าน,เครื่องมือช่าง,12,4,คอมมิชชั่นจากร้านค้า,,42,,1.50%,0.63,10.00%,0,0.63,1.8,0,1.8,,0,0.00%,0,100.00%,1.8,สำเร็จ,,คำสั่งซื้อจากร้านค้าต่างกัน,ที่มีอยู่,2599adboostco,paris,mng,m02Rooftop0706,,Facebook
25090812UDCAFT,สำเร็จ,211037427222691,2025-09-08 20:30:27,2025-09-09 21:13:26,2025-09-08 14:02:37,SCREW N' BOLT,243485752,Preferred(Non-CB),21568263495,แหวนรอง 4 เหลี่ยม สี่เหลี่ยม ขอบมน สแตนเลส 304 - M3 M4 M5 M6 M8 / Square Washer SUS304,175332904017,Normal Product,,เครื่องใช้ในบ้าน,เครื่องมือและอุปกรณ์ปรับปรุงบ้าน,เครื่องมือช่าง,12,2,คอมมิชชั่นจากร้านค้า,,21,,1.50%,0.315,10.00%,0,0.315,0,0,0,,0,0.00%,0,100.00%,0,สำเร็จ,,คำสั่งซื้อจากร้านค้าต่างกัน,ที่มีอยู่,2599adboostco,paris,mng,m02Rooftop0706,,Facebook
25090812UDCAFT,สำเร็จ,211037427222691,2025-09-08 20:30:27,2025-09-09 21:13:26,2025-09-08 14:02:37,SCREW N' BOLT,243485752,Preferred(Non-CB),21568263495,แหวนรอง 4 เหลี่ยม สี่เหลี่ยม ขอบมน สแตนเลส 304 - M3 M4 M5 M6 M8 / Square Washer SUS304,175332904022,Normal Product,,เครื่องใช้ในบ้าน,เครื่องมือและอุปกรณ์ปรับปรุงบ้าน,เครื่องมือช่าง,10,4,คอมมิชชั่นจากร้านค้า,,35,,1.50%,0.525,10.00%,0,0.525,0,0,0,,0,0.00%,0,100.00%,0,สำเร็จ,,คำสั่งซื้อจากร้านค้าต่างกัน,ที่มีอยู่,2599adboostco,paris,mng,m02Rooftop0706,,Facebook
25090812UDCAFT,สำเร็จ,211037427222691,2025-09-08 20:30:27,2025-09-09 21:13:26,2025-09-08 14:02:37,SCREW N' BOLT,243485752,Preferred(Non-CB),16163053100,น็อต สกรู หัวจมแบน หัวกลมแบน งานเฟอร์ฯ สแตนเลส 304 เกลียวมิล หยาบ M6 M8 M10 / Round Flat Hex Socket,135602416756,Normal Product,,เครื่องใช้ในบ้าน,เครื่องมือและอุปกรณ์ปรับปรุงบ้าน,เครื่องมือช่าง,11,2,คอมมิชชั่นจากร้านค้า,,22,,1.50%,0.33,10.00%,0,0.33,0,0,0,,0,0.00%,0,100.00%,0,สำเร็จ,,คำสั่งซื้อจากร้านค้าต่างกัน,ที่มีอยู่,2599adboostco,paris,mng,m02Rooftop0706,,Facebook
25090812U1XUXG,สำเร็จ,211037415259592,2025-09-08 20:30:15,2025-09-10 18:10:14,2025-09-08 15:01:56,รวย89,494806246,C2C(Non-CB),28579465878,(2 ห่อ) NAPA PLUS GOLD นภา พลัส โกลด์ สูตร คอลลาเจน ไทป์-ทู,128253061397,Normal Product,,กลุ่มผลิตภัณฑ์เพื่อสุขภาพ,อาหารเสริม,อาหารเสริมเพื่อความงาม,430,1,คอมมิชชั่นจาก Shopee,,387,,1.50%,5.805,0.00%,0,5.805,5.805,0,5.805,,0,0.00%,0,100.00%,5.805,สำเร็จ,,คำสั่งซื้อจากร้านค้าต่างกัน,ที่มีอยู่,2599adboostco,paris,mng,m01KFdika0520,,Facebook
25090812THRD7V,สำเร็จ,211037398269482,2025-09-08 20:29:58,2025-09-10 18:59:27,2025-09-08 11:48:30,Hello Polo,943456793,Shopee Mall(Non-CB),40151761684,Hello Polo รองเท้าหัวโตผู้หญิง รองเท้าแตะผู้หญิงแฟชั่น พื้นหนานุ่ม แบบรัดส้น ลำลอง กันลื่น วัสดุEVA ส้นหนา 5.5 ซม HP8050,248443597053,Normal Product,,รองเท้าผู้หญิง,รองเท้าแตะ,รองเท้าแตะส้นแบน,139,1,คอมมิชชั่นจากร้านค้า,,96,,2.00%,1.92,11.00%,0,1.92,1.92,0,1.92,,0,0.00%,0,100.00%,1.92,สำเร็จ,,คำสั่งซื้อจากร้านค้าต่างกัน,ที่มีอยู่,2599adboostco,paris,mng,m01Tik0803,,Facebook
25090812THRD7U,สำเร็จ,211037398269481,2025-09-08 20:29:58,2025-09-10 18:54:53,2025-09-08 11:48:30,Uniqare official,1088550760,Preferred(Non-CB),21885029468,"Uniqare ผ้าอ้อมผู้ใหญ่ แบบกางเกง 40 ชิ้น นุ่มสบาย ซึมซับมากถึง 1000 ซีซี ไซส์ S,M,L,XL,XXL",98799698704,Normal Product,,กลุ่มผลิตภัณฑ์เพื่อสุขภาพ,ของใช้ส่วนตัว,ผ้าอ้อมผู้ใหญ่,420,1,คอมมิชชั่นจาก Shopee,,333,,1.50%,4.995,0.00%,0,4.995,4.995,0,4.995,,0,0.00%,0,100.00%,4.995,สำเร็จ,,คำสั่งซื้อจากร้านค้าต่างกัน,ที่มีอยู่,2599adboostco,paris,mng,m01Tik0803,,Facebook
25090812THRD7T,รอดำเนินการ,211037398269480,2025-09-08 20:29:58,,2025-09-08 11:48:30,Sportshouse.,288631951,Preferred(Non-CB),8911223461,🛵ส่งด่วน 🛵(เฉพาะพื้นที่ไกล้เคียง)Sp พร้อมส่ง ชุดเซ็ทพรมปูพื้นขนสั้นในห้องครัวYF-1585 (ไม่มีขอบ),245883776893,Normal Product,,เครื่องใช้ในบ้าน,อุปกรณ์ตกแต่งบ้าน,พรมปูพื้น,52,1,คอมมิชชั่นจาก Shopee,,51,,1.50%,0.765,0.00%,0,0.765,0.765,0,0.765,,0,0.00%,0,100.00%,0.765,รอดำเนินการ,สถานะของสินค้านี้คือ อยู่ระหว่างดำเนินการ คอมมิชชั่นจะถูกคำนวณเพื่อจ่ายหลังสถานะเป็นสำเร็จแล้วเท่านั้น,คำสั่งซื้อจากร้านค้าต่างกัน,ที่มีอยู่,2599adboostco,paris,mng,m01Tik0803,,Facebook
25090812MF5H7R,สำเร็จ,211037194226480,2025-09-08 20:26:34,2025-09-11 07:58:38,2025-09-08 14:13:42,Cloudnest Mall ,28582852,C2C(Non-CB),25970689550,เสื้อซับในเด็กหญิง เสื้อกล้ามเด็ก ลายคุโรมิ kuromi sanrio นุ่มระบายอากาศได้ดี ไซส์ 1-11 ปี 10-50 กิโลกรัม,226165779820,Normal Product,,เสื้อผ้าแฟชั่นเด็ก,เสื้อผ้าเด็กผู้หญิง,ชุดชั้นใน,69,1,ดีลพิเศษเฉพาะคุณ,,62,,1.75%,1.085,12.00%,0,1.085,2.2575,0,2.2575,,0,0.00%,0,100.00%,2.2575,สำเร็จ,,คำสั่งซื้อจากร้านค้าต่างกัน,ที่มีอยู่,2599adboostco,paris,mng,m01KFdika0520,,Facebook
25090812MF5H7R,สำเร็จ,211037194226480,2025-09-08 20:26:34,2025-09-11 07:58:38,2025-09-08 14:13:42,Cloudnest Mall ,28582852,C2C(Non-CB),43961008710,กางเกงซับในเด็กสีนมชมพู(รุ่นใหม่หนานุ่มขึ้น) กางเกงใน กันโป๊  ลายซานรีโอ้ 2025 ขาไม่บาน ยืดหยุ่นเบาสบาย 2-12 ปี,280924869439,Normal Product,,เสื้อผ้าแฟชั่นเด็ก,เสื้อผ้าเด็กผู้หญิง,ชุดชั้นใน,75,1,คอมมิชชั่นจากร้านค้า,,67,,1.75%,1.1725,10.00%,0,1.1725,0,0,0,,0,0.00%,0,100.00%,0,สำเร็จ,,คำสั่งซื้อจากร้านค้าต่างกัน,ที่มีอยู่,2599adboostco,paris,mng,m01KFdika0520,,Facebook
25090812KCT8WB,ยกเลิก,211037158203093,2025-09-08 20:25:57,--,2025-09-08 11:16:01,SKINPRO Rx Official Store,73455892,Preferred(Non-CB),23452298090,SKINPRO Rx Acne X Cleansing Gel คลีนซิ่งเจลสูตรสำหรับผิวมัน/เป็นสิว ลดการเกิดสิว ไซส์ใหญ่ 200ml.,59691514597,Normal Product,,ผลิตภัณฑ์บำรุงและเสริมความงาม,ผลิตภัณฑ์บำรุงบริเวณใบหน้า,ผลิตภัณฑ์ทำความสะอาดใบหน้า,595,0,คอมมิชชั่นจากร้านค้า,,0,472,1.75%,0,12.00%,0,0,0,0,0,,0,0.00%,0,100.00%,0,ยกเลิก,คำสั่งซื้อไม่ถูกต้อง.,คำสั่งซื้อจากร้านค้าต่างกัน,ที่มีอยู่,2599adboostco,paris,mng,m01FahRain0805,,Facebook
25090812K2B848,รอดำเนินการ,211037147228531,2025-09-08 20:25:47,,2025-09-08 20:24:55,Super cool_shop,1144590236,C2C(Non-CB),28120127948,หมวกกันน็อค หมวกกันน๊อก รถจักรยานยนต์ กันลม กันน้ำ แข็งแรงใส่สบายหมวกกันน็อคเต็ม ทนต่อการใช้งาน หมวกกันน็อคเต็มใบ,208047752857,Normal Product,,รถมอเตอร์ไซค์ อะไหล่และอุปกรณ์เสริมมอเตอร์ไซค์,หมวกกันน็อคและอุปกรณ์สวมใส่สำหรับขับขี่,,179,1,คอมมิชชั่นจากร้านค้า,,136,,1.75%,2.38,13.00%,17.68,20.06,2.38,17.68,20.06,,0,0.00%,0,100.00%,20.06,รอดำเนินการ,สถานะของสินค้านี้คือ อยู่ระหว่างดำเนินการ คอมมิชชั่นจะถูกคำนวณเพื่อจ่ายหลังสถานะเป็นสำเร็จแล้วเท่านั้น,สั่งซื้อในร้านค้าเดียวกัน,ที่มีอยู่,2599adboostco,paris,mng,m01BMavk0821,,Facebook
25090812HT97Q7,รอดำเนินการ,211037105215056,2025-09-08 20:25:05,,2025-09-08 20:14:30,LQW123.th,1470614870,Preferred(CB),27988143004,ฤดูใบไม้ผลิฤดูร้อนสไตล์ใหม่ญี่ปุ่นเกาหลี อิน สไตล์วาฟเฟิลเสื้อกั๊กสัตว์เลี้ยงแบบฉุดได้สีเหลืองสีชมพูสีขาวหมีลูกหมูหมีแพนด้าแบบ,248573846900,Normal Product,,สัตว์เลี้ยง,เสื้อผ้าและอุปกรณ์สำหรับสัตว์เลี้ยง,เสื้อผ้าสัตว์เลี้ยง,49,1,คอมมิชชั่นจาก Shopee,,49,,1.75%,0.8575,0.00%,0,0.8575,0.8575,0,0.8575,,0,0.00%,0,100.00%,0.8575,รอดำเนินการ,สถานะของสินค้านี้คือ อยู่ระหว่างดำเนินการ คอมมิชชั่นจะถูกคำนวณเพื่อจ่ายหลังสถานะเป็นสำเร็จแล้วเท่านั้น,คำสั่งซื้อจากร้านค้าต่างกัน,ที่มีอยู่,2599adboostco,paris,mng,m02Rooftop0706,,Facebook
25090812GDF1DX,รอดำเนินการ,211037058218688,2025-09-08 20:24:18,,2025-09-08 19:29:01,Cyber.Auto,1093991495,C2C(Non-CB),24643171170,byd sealion 7 เคสกุญแจเหมาะสำหรับ byd sealion 6 byd dolphin atto3 seal accessories พวงกุญแจ เคสป้องกันรอยกุญแจ,258001241894,Normal Product,,รถยนต์ อะไหล่และอุปกรณ์เสริมรถยนต์,พวงกุญแจรถยนต์และปลอกหุ้ม,,109,1,คอมมิชชั่นจากร้านค้า,,86,,1.75%,1.505,10.00%,0,1.505,4.725,0,4.725,,0,0.00%,0,100.00%,4.725,รอดำเนินการ,สถานะของสินค้านี้คือ อยู่ระหว่างดำเนินการ คอมมิชชั่นจะถูกคำนวณเพื่อจ่ายหลังสถานะเป็นสำเร็จแล้วเท่านั้น,คำสั่งซื้อจากร้านค้าต่างกัน,ที่มีอยู่,2599adboostco,paris,mng,m01YPf0821,,Facebook
25090812GDF1DX,รอดำเนินการ,211037058218688,2025-09-08 20:24:18,,2025-09-08 19:29:01,Cyber.Auto,1093991495,C2C(Non-CB),26682633072,ที่ปิดซอกเบาะช่องว่างด้านข้างที่นั่ง 1คู่ ซ้ายขวา เบาะรถยนต์ ตกแต่งภายในรถ ช่องว่างที่นั่ง อุปกรณ์ตกแต่งสากล,195968797673,Normal Product,,รถยนต์ อะไหล่และอุปกรณ์เสริมรถยนต์,อุปกรณ์เสริมภายในรถยนต์,ที่วางและเก็บของในรถยนต์,54,1,คอมมิชชั่นจากร้านค้า,,43,,1.75%,0.7525,10.00%,0,0.7525,0,0,0,,0,0.00%,0,100.00%,0,รอดำเนินการ,สถานะของสินค้านี้คือ อยู่ระหว่างดำเนินการ คอมมิชชั่นจะถูกคำนวณเพื่อจ่ายหลังสถานะเป็นสำเร็จแล้วเท่านั้น,คำสั่งซื้อจากร้านค้าต่างกัน,ที่มีอยู่,2599adboostco,paris,mng,m01YPf0821,,Facebook
25090812GDF1DX,รอดำเนินการ,211037058218688,2025-09-08 20:24:18,,2025-09-08 19:29:01,Cyber.Auto,1093991495,C2C(Non-CB),27575121684,ฝาครอบพอร์ตที่ชาร์จแม่เหล็ก 360  EV แบบสากล อุปกรณ์ป้องกันที่ชาร์จ  พื้นที่ขนาดใหญ่โต  กันฝุ่น กันน้ํา ทรงกลม สําหรับรถย,198190595849,Normal Product,,รถยนต์ อะไหล่และอุปกรณ์เสริมรถยนต์,อุปกรณ์เสริมภายนอกรถยนต์,อุปกรณ์ภายนอกรถยนต์อื่นๆ,49,1,คอมมิชชั่นจากร้านค้า,,40,,1.75%,0.7,10.00%,0,0.7,0,0,0,,0,0.00%,0,100.00%,0,รอดำเนินการ,สถานะของสินค้านี้คือ อยู่ระหว่างดำเนินการ คอมมิชชั่นจะถูกคำนวณเพื่อจ่ายหลังสถานะเป็นสำเร็จแล้วเท่านั้น,คำสั่งซื้อจากร้านค้าต่างกัน,ที่มีอยู่,2599adboostco,paris,mng,m01YPf0821,,Facebook
25090812GDF1DX,รอดำเนินการ,211037058218688,2025-09-08 20:24:18,,2025-09-08 19:29:01,Cyber.Auto,1093991495,C2C(Non-CB),29625105509,2PCS【กรุงเทพฯ จัดส่ง】BYD ตะขอเก็บของในรถ ตะขอที่นั่งสปอร์ตสำหรับรถยนต์ ที่แขวนในรถยนต์ ตะขอแขวนของ อะไหล่รถยนต์ BYDAtto3,237337419665,Normal Product,,รถยนต์ อะไหล่และอุปกรณ์เสริมรถยนต์,อุปกรณ์เสริมภายในรถยนต์,ที่วางและเก็บของในรถยนต์,129,1,คอมมิชชั่นจากร้านค้า,,101,,1.75%,1.7675,14.00%,0,1.7675,0,0,0,,0,0.00%,0,100.00%,0,รอดำเนินการ,สถานะของสินค้านี้คือ อยู่ระหว่างดำเนินการ คอมมิชชั่นจะถูกคำนวณเพื่อจ่ายหลังสถานะเป็นสำเร็จแล้วเท่านั้น,คำสั่งซื้อจากร้านค้าต่างกัน,ที่มีอยู่,2599adboostco,paris,mng,m01YPf0821,,Facebook
25090812EBNW9A,สำเร็จ,211036989239757,2025-09-08 20:23:09,2025-09-11 10:44:13,2025-09-08 11:59:38,Geniushome,358841788,Preferred(Non-CB),20395468371,ถ้วยชงชาเขียว ถ้วยชงมัทฉะ matcha chawan หม้อชงชาเขียว matcha bowl อุปกรณ์มัทฉะ ถ้วยเซรามิคสำหรับชงชาเขียวมัทฉะ 🍵จัดส่งภา,187168910697,Normal Product,,เครื่องใช้ในบ้าน,เครื่องใช้บนโต๊ะอาหาร,ชาม,205,1,คอมมิชชั่นจากร้านค้า,,154,,1.50%,2.31,4.00%,0,2.31,4.545,0,4.545,,0,0.00%,0,100.00%,4.545,สำเร็จ,,คำสั่งซื้อจากร้านค้าต่างกัน,ที่มีอยู่,2599adboostco,paris,mng,m01YPf0821,,Facebook
25090812EBNW9A,สำเร็จ,211036989239757,2025-09-08 20:23:09,2025-09-11 10:44:13,2025-09-08 11:59:38,Geniushome,358841788,Preferred(Non-CB),20395468371,ถ้วยชงชาเขียว ถ้วยชงมัทฉะ matcha chawan หม้อชงชาเขียว matcha bowl อุปกรณ์มัทฉะ ถ้วยเซรามิคสำหรับชงชาเขียวมัทฉะ 🍵จัดส่งภา,195904899537,Normal Product,,เครื่องใช้ในบ้าน,เครื่องใช้บนโต๊ะอาหาร,ชาม,195,1,คอมมิชชั่นจากร้านค้า,,149,,1.50%,2.235,4.00%,0,2.235,0,0,0,,0,0.00%,0,100.00%,0,สำเร็จ,,คำสั่งซื้อจากร้านค้าต่างกัน,ที่มีอยู่,2599adboostco,paris,mng,m01YPf0821,,Facebook
25090812EBNW99,รอดำเนินการ,211036989239757,2025-09-08 20:23:09,,2025-09-08 11:59:38,PetStern,262382045,C2C(Non-CB),6297507951,PetStern Cat Teaser ของเล่นแมว ไม้ล่อแมว,102784788821,Normal Product,355420124692697_0_0,สัตว์เลี้ยง,อุปกรณ์สำหรับสัตว์เลี้ยง,ของเล่น,0,1,คอมมิชชั่นจากร้านค้า,,0,,1.75%,0,4.00%,0,0,4.41,0,4.41,,0,0.00%,0,100.00%,4.41,รอดำเนินการ,สถานะของสินค้านี้คือ อยู่ระหว่างดำเนินการ คอมมิชชั่นจะถูกคำนวณเพื่อจ่ายหลังสถานะเป็นสำเร็จแล้วเท่านั้น,คำสั่งซื้อจากร้านค้าต่างกัน,ที่มีอยู่,2599adboostco,paris,mng,m01YPf0821,,Facebook
25090812EBNW99,รอดำเนินการ,211036989239757,2025-09-08 20:23:09,,2025-09-08 11:59:38,PetStern,262382045,C2C(Non-CB),27037070607,PetStern 18L ครอกแมว ทรายเต้าหู้ ออร์แกนิค100% จับเป็นก้อนอย่างรวดเร็ว ทรายเต้าหู้ Tofu Cat Litter มีให้เลือก 5กลิ่น,260221194520,Normal Product,355420124692697_0_0,สัตว์เลี้ยง,ห้องน้ำและทราย,ทรายแมวและกระบะทรายแมว,319,1,คอมมิชชั่นจากร้านค้า,,252,,1.75%,4.41,4.00%,0,4.41,0,0,0,,0,0.00%,0,100.00%,0,รอดำเนินการ,สถานะของสินค้านี้คือ อยู่ระหว่างดำเนินการ คอมมิชชั่นจะถูกคำนวณเพื่อจ่ายหลังสถานะเป็นสำเร็จแล้วเท่านั้น,คำสั่งซื้อจากร้านค้าต่างกัน,ที่มีอยู่,2599adboostco,paris,mng,m01YPf0821,,Facebook
25090812EAQ100,รอดำเนินการ,211036988226027,2025-09-08 20:23:08,,2025-09-08 18:56:14,Cobrafly,1394589238,Preferred(Non-CB),25838907077,【เคส+สาย】 สําหรับ Xiaomi Redmi Watch 5active นาฬิกา สาย สำรอง สายซิลิโคน mi watch 5 lite เคส Redmi watch 5 active,168572569066,Normal Product,,มือถือและอุปกรณ์เสริม,อุปกรณ์เสริม,อุปกรณ์เสริมอุปกรณ์สวมใส่,81,1,คอมมิชชั่นจากร้านค้า,,76,,1.50%,1.14,8.00%,0,1.14,1.14,0,1.14,,0,0.00%,0,100.00%,1.14,รอดำเนินการ,สถานะของสินค้านี้คือ อยู่ระหว่างดำเนินการ คอมมิชชั่นจะถูกคำนวณเพื่อจ่ายหลังสถานะเป็นสำเร็จแล้วเท่านั้น,คำสั่งซื้อจากร้านค้าต่างกัน,ที่มีอยู่,2599adboostco,paris,mng,m01YPf0821,,Facebook
25090812DVFBS7,รอดำเนินการ,211036973290146,2025-09-08 20:22:53,,2025-09-08 16:51:42,hoco_Local,392934250,Preferred(Non-CB),28831571876,🔥 โซ่มอเตอร์ไซค์ Did Oring 520 จำนวน 120L-520HV โซ่มอเตอร์ไซค์ Motorcycle Chain โซ่มอเตอร์ไซค์หนา,243046305861,Normal Product,,รถมอเตอร์ไซค์ อะไหล่และอุปกรณ์เสริมมอเตอร์ไซค์,ชิ้นส่วนอะไหล่มอเตอร์ไซค์,เกียร์และระบบขับเคลื่อน,437,1,คอมมิชชั่นจากร้านค้า,,332,,1.75%,5.81,8.00%,0,5.81,5.81,0,5.81,,0,0.00%,0,100.00%,5.81,รอดำเนินการ,สถานะของสินค้านี้คือ อยู่ระหว่างดำเนินการ คอมมิชชั่นจะถูกคำนวณเพื่อจ่ายหลังสถานะเป็นสำเร็จแล้วเท่านั้น,คำสั่งซื้อจากร้านค้าต่างกัน,ที่มีอยู่,2599adboostco,paris,mng,m01KFdika0520,,Facebook
250908128V8BBU,รอดำเนินการ,211036805290884,2025-09-08 20:20:05,,2025-09-08 08:54:49,ATC Michelin Accessories TH,786242394,Shopee Mall(Non-CB),24780422911,ใบปัดน้ำฝนโครงเหล็กไฮบริด มิชลิน ขนาด 14 - 28 นิ้ว แพ็คเดี่ยว (single pack 1 ชิ้น) มีอะแดปเตอร์ในกล่อง,168202058158,Normal Product,,รถยนต์ อะไหล่และอุปกรณ์เสริมรถยนต์,ชิ้นส่วนอะไหล่รถยนต์,ที่ปัดน้ำฝน และตัวชะล้าง,365,1,คอมมิชชั่นจากร้านค้า,,295,,1.75%,5.1625,7.00%,20.65,25.8125,11.0775,44.31,55.3875,,0,0.00%,0,100.00%,55.3875,รอดำเนินการ,สถานะของสินค้านี้คือ อยู่ระหว่างดำเนินการ คอมมิชชั่นจะถูกคำนวณเพื่อจ่ายหลังสถานะเป็นสำเร็จแล้วเท่านั้น,สั่งซื้อในร้านค้าเดียวกัน,ที่มีอยู่,2599adboostco,paris,mng,m01FahRain0805,,Facebook
250908128V8BBU,รอดำเนินการ,211036805290884,2025-09-08 20:20:05,,2025-09-08 08:54:49,ATC Michelin Accessories TH,786242394,Shopee Mall(Non-CB),24780422911,ใบปัดน้ำฝนโครงเหล็กไฮบริด มิชลิน ขนาด 14 - 28 นิ้ว แพ็คเดี่ยว (single pack 1 ชิ้น) มีอะแดปเตอร์ในกล่อง,168202058159,Normal Product,,รถยนต์ อะไหล่และอุปกรณ์เสริมรถยนต์,ชิ้นส่วนอะไหล่รถยนต์,ที่ปัดน้ำฝน และตัวชะล้าง,419,1,คอมมิชชั่นจากร้านค้า,,338,,1.75%,5.915,7.00%,23.66,29.575,0,0,0,,0,0.00%,0,100.00%,0,รอดำเนินการ,สถานะของสินค้านี้คือ อยู่ระหว่างดำเนินการ คอมมิชชั่นจะถูกคำนวณเพื่อจ่ายหลังสถานะเป็นสำเร็จแล้วเท่านั้น,สั่งซื้อในร้านค้าเดียวกัน,ที่มีอยู่,2599adboostco,paris,mng,m01FahRain0805,,Facebook
250908128KJWD8,รอดำเนินการ,211036796206577,2025-09-08 20:19:55,,2025-09-08 20:13:57,MOTOTEC THAILAND,1046880862,Shopee Mall(Non-CB),26863484116,MOTOTEC MT-QD06 PLUS (แบบคอสั้นไม่มีหัวบอล) ที่จับมือถือ สำหรับมอเตอร์ไซด์ แบบปลดล็อคเร็วพร้อมระบบลดการสั่นสะเทือน,89659759860,Normal Product,,รถมอเตอร์ไซค์ อะไหล่และอุปกรณ์เสริมมอเตอร์ไซค์,อุปกรณ์ตกแต่งมอเตอร์ไซค์,ที่ยึดโทรศัพท์สำหรับมอเตอร์ไซค์,589,1,คอมมิชชั่นจากร้านค้า,,431,,1.75%,7.5425,7.00%,0,7.5425,7.5425,0,7.5425,,0,0.00%,0,100.00%,7.5425,รอดำเนินการ,สถานะของสินค้านี้คือ อยู่ระหว่างดำเนินการ คอมมิชชั่นจะถูกคำนวณเพื่อจ่ายหลังสถานะเป็นสำเร็จแล้วเท่านั้น,คำสั่งซื้อจากร้านค้าต่างกัน,ที่มีอยู่,2599adboostco,paris,mng,m01KFdika0520,,Facebook
250908125YRASN,สำเร็จ,211036708298001,2025-09-08 20:18:28,2025-09-10 16:00:18,2025-09-08 08:19:38,HOLO TH,1128049590,Shopee Mall(Non-CB),24856263626,ร่มพับอัตโนมัติ อัตโนมัติ UV สำหรับวันที่แดดจัดและฝนตกคุณภาพร่ม UV เสริมโครง (10 กระดูก),255776376093,Normal Product,,กีฬาและกิจกรรมกลางแจ้ง,อุปกรณ์เสริมสำหรับเล่นกีฬาและกิจกรรมกลางแจ้ง,ร่ม,112,1,คอมมิชชั่นจากร้านค้า,,90,,1.75%,1.575,10.00%,0,1.575,1.575,0,1.575,,0,0.00%,0,100.00%,1.575,สำเร็จ,,คำสั่งซื้อจากร้านค้าต่างกัน,ที่มีอยู่,2599adboostco,paris,mng,m01Tik0803,,Facebook
250908124KSSNW,รอดำเนินการ,211036662207329,2025-09-08 20:17:42,,2025-09-08 14:45:18,FOLLOW MELLOW,278816965,C2C(Non-CB),29977563372,FM NEW ผ้าม่าน ผ้าม่านตีนตุ๊กแก กันแสงUV100% ผ้าม่านกันแสง สไตล์มินิมอล ม่านประตู ติดตั้งง่าย ผ้าม่านมีกาวในตัว,257733915708,Normal Product,0_368080803278882_1,เครื่องใช้ในบ้าน,อุปกรณ์ตกแต่งบ้าน,ม่าน,115.9207,1,คอมมิชชั่นจากร้านค้า,,100.9207,,1.50%,1.51381,7.00%,0,1.51381,2.93999,0,2.93999,,0,0.00%,0,100.00%,2.93999,รอดำเนินการ,สถานะของสินค้านี้คือ อยู่ระหว่างดำเนินการ คอมมิชชั่นจะถูกคำนวณเพื่อจ่ายหลังสถานะเป็นสำเร็จแล้วเท่านั้น,คำสั่งซื้อจากร้านค้าต่างกัน,ที่มีอยู่,2599adboostco,paris,mng,m01KFdika0520,,Facebook
250908124KSSNW,รอดำเนินการ,211036662207329,2025-09-08 20:17:42,,2025-09-08 14:45:18,FOLLOW MELLOW,278816965,C2C(Non-CB),29977563372,FM NEW ผ้าม่าน ผ้าม่านตีนตุ๊กแก กันแสงUV100% ผ้าม่านกันแสง สไตล์มินิมอล ม่านประตู ติดตั้งง่าย ผ้าม่านมีกาวในตัว,257733915707,Normal Product,0_368080803278882_1,เครื่องใช้ในบ้าน,อุปกรณ์ตกแต่งบ้าน,ม่าน,107.07929,1,คอมมิชชั่นจากร้านค้า,,95.07929,,1.50%,1.42618,7.00%,0,1.42618,0,0,0,,0,0.00%,0,100.00%,0,รอดำเนินการ,สถานะของสินค้านี้คือ อยู่ระหว่างดำเนินการ คอมมิชชั่นจะถูกคำนวณเพื่อจ่ายหลังสถานะเป็นสำเร็จแล้วเท่านั้น,คำสั่งซื้อจากร้านค้าต่างกัน,ที่มีอยู่,2599adboostco,paris,mng,m01KFdika0520,,Facebook
25090812336UP2,สำเร็จ,211036611250316,2025-09-08 20:16:51,2025-09-10 15:55:57,2025-09-08 14:47:08,Buffet(P)Shop,11235863,Preferred(Non-CB),22379282175,น้ำมันสุขกายะ จากวัดโพธิ์  บรรเทาอาการปวด แถมยาดม และ สบู่สุขกายะ,157849055853,Normal Product,,ผลิตภัณฑ์บำรุงและเสริมความงาม,สบู่อาบน้ำและผลิตภัณฑ์ดูแลผิวกาย,น้ำมันนวด,1190,1,คอมมิชชั่นจาก Shopee,,943,,1.75%,16.5025,0.00%,0,16.5025,16.5025,0,16.5025,,0,0.00%,0,100.00%,16.5025,สำเร็จ,,คำสั่งซื้อจากร้านค้าต่างกัน,ที่มีอยู่,2599adboostco,paris,mng,m56Fazzi0830,,Facebook
25090812336UP1,สำเร็จ,211036611250316,2025-09-08 20:16:51,2025-09-10 23:05:56,2025-09-08 14:47:08,ส.ทวีภัณฑ์สโตร์ ซุปเปอร์เซฟ,165029938,C2C(Non-CB),18470944062,โชกุบุสซึ โมโนกาตาริ วิปโฟมอาบน้ำแบบถุงเติม  450มล.,156534322983,Normal Product,,ผลิตภัณฑ์บำรุงและเสริมความงาม,สบู่อาบน้ำและผลิตภัณฑ์ดูแลผิวกาย,สบู่ชำระผิวกาย,57,1,คอมมิชชั่นจากร้านค้า,,46,,1.75%,0.805,10.00%,0,0.805,0.805,0,0.805,,0,0.00%,0,100.00%,0.805,สำเร็จ,,คำสั่งซื้อจากร้านค้าต่างกัน,ที่มีอยู่,2599adboostco,paris,mng,m56Fazzi0830,,Facebook
25090812336UP0,สำเร็จ,211036611250316,2025-09-08 20:16:51,2025-09-11 18:11:08,2025-09-08 14:47:08,MayJo Family,36422193,Preferred(Non-CB),16993474083,Nivea Men Black&White Spray นีเวีย เมน อินวิชิเบิ้ล ฟอร์ แบล็ค แอนด์ ไวท์ สเปรย์ 150ml. x2,194028915798,Normal Product,,ผลิตภัณฑ์บำรุงและเสริมความงาม,สบู่อาบน้ำและผลิตภัณฑ์ดูแลผิวกาย,ผลิตภัณฑ์ระงับกลิ่นกาย,259,1,คอมมิชชั่นจาก Shopee,,207,,1.75%,3.6225,0.00%,0,3.6225,3.6225,0,3.6225,,0,0.00%,0,100.00%,3.6225,สำเร็จ,,คำสั่งซื้อจากร้านค้าต่างกัน,ที่มีอยู่,2599adboostco,paris,mng,m56Fazzi0830,,Facebook
2509081222QMTS,รอดำเนินการ,211036577208039,2025-09-08 20:16:17,,2025-09-08 20:01:59,Yuedpao - ยืดเปล่า Official Store,240723932,Shopee Mall(Non-CB),41400048187,Yuedpao Sportswear เสื้อออกกำลังกายแขนกุด เสื้อกีฬา เสื้อกล้ามออกกำลังกาย เสื้อสำหรับวิ่ง Ultra Flow Sleeveless,290002806342,Normal Product,,กีฬาและกิจกรรมกลางแจ้ง,เสื้อผ้ากีฬา,เสื้อกีฬา,150,1,คอมมิชชั่นจากร้านค้า,,118,,1.75%,2.065,10.00%,11.8,13.865,4.13,23.6,27.73,,0,0.00%,0,100.00%,27.73,รอดำเนินการ,สถานะของสินค้านี้คือ อยู่ระหว่างดำเนินการ คอมมิชชั่นจะถูกคำนวณเพื่อจ่ายหลังสถานะเป็นสำเร็จแล้วเท่านั้น,สั่งซื้อในร้านค้าเดียวกัน,ที่มีอยู่,2599adboostco,paris,mng,m01YPf0821,,Websites
2509081222QMTS,รอดำเนินการ,211036577208039,2025-09-08 20:16:17,,2025-09-08 20:01:59,Yuedpao - ยืดเปล่า Official Store,240723932,Shopee Mall(Non-CB),41400048187,Yuedpao Sportswear เสื้อออกกำลังกายแขนกุด เสื้อกีฬา เสื้อกล้ามออกกำลังกาย เสื้อสำหรับวิ่ง Ultra Flow Sleeveless,300002801472,Normal Product,,กีฬาและกิจกรรมกลางแจ้ง,เสื้อผ้ากีฬา,เสื้อกีฬา,150,1,คอมมิชชั่นจากร้านค้า,,118,,1.75%,2.065,10.00%,11.8,13.865,0,0,0,,0,0.00%,0,100.00%,0,รอดำเนินการ,สถานะของสินค้านี้คือ อยู่ระหว่างดำเนินการ คอมมิชชั่นจะถูกคำนวณเพื่อจ่ายหลังสถานะเป็นสำเร็จแล้วเท่านั้น,สั่งซื้อในร้านค้าเดียวกัน,ที่มีอยู่,2599adboostco,paris,mng,m01YPf0821,,Websites
25090811VR2WBE,รอดำเนินการ,211036398261124,2025-09-08 20:13:19,,2025-09-08 14:00:37,marcos,1488931249,Preferred(Non-CB),27979719176,MARCOS รองเท้าปิดหัว รองเท้าแตะชายหาด รองเท้าหัวโตแบบมีรู สไตล์เกาหลี แฟชั่น พื้นหนา 5 ซม.ไฟ,242899078591,Normal Product,,รองเท้าผู้หญิง,รองเท้าแตะ,รองเท้าแตะส้นแบน,54,1,คอมมิชชั่นจากร้านค้า,,54,,2.00%,1.08,8.00%,0,1.08,1.08,0,1.08,,0,0.00%,0,100.00%,1.08,รอดำเนินการ,สถานะของสินค้านี้คือ อยู่ระหว่างดำเนินการ คอมมิชชั่นจะถูกคำนวณเพื่อจ่ายหลังสถานะเป็นสำเร็จแล้วเท่านั้น,คำสั่งซื้อจากร้านค้าต่างกัน,ที่มีอยู่,2599adboostco,paris,mng,m56ProwaVDO0905,,Facebook
25090811VJCK6V,สำเร็จ,211036392295771,2025-09-08 20:13:12,2025-09-11 13:23:15,2025-09-08 18:11:18,annyboat,51640221,Preferred(Non-CB),29609639951,Medifix เทปกาวปิดแผล เหมือน Fixomull 10 cm.x10 m.,241494935735,Normal Product,,กลุ่มผลิตภัณฑ์เพื่อสุขภาพ,เครื่องมือและอุปกรณ์ในการดูแลสุขภาพ,อุปกรณ์ปฐมพยาบาล,133,1,คอมมิชชั่นจาก Shopee,,113,,1.50%,1.695,0.00%,0,1.695,1.695,0,1.695,,0,0.00%,0,100.00%,1.695,สำเร็จ,,คำสั่งซื้อจากร้านค้าต่างกัน,ที่มีอยู่,2599adboostco,paris,mng,m01kaofangMeow0303,,Facebook
25090811T7WPW9,รอดำเนินการ,211036314201844,2025-09-08 20:11:54,,2025-09-08 08:48:35,919JEANS,1431942181,C2C(Non-CB),28526243756,🌺919JEANS🌺กางเกงยีนส์วินเทจ Fade Long Tube กางเกงยีนส์ผู้หญิง กางเกงยีน ทรงหลวม,252642377647,Normal Product,,เสื้อผ้าผู้หญิง,ผ้ายีนส์,,186,1,คอมมิชชั่นจากร้านค้า,,171,,1.50%,2.565,7.00%,0,2.565,2.565,0,2.565,,0,0.00%,0,100.00%,2.565,รอดำเนินการ,สถานะของสินค้านี้คือ อยู่ระหว่างดำเนินการ คอมมิชชั่นจะถูกคำนวณเพื่อจ่ายหลังสถานะเป็นสำเร็จแล้วเท่านั้น,คำสั่งซื้อจากร้านค้าต่างกัน,ที่มีอยู่,241225adboostco,paris,mng,m06Nasa1228,m06Nasa1228photo,Others
25090811RPCVD6,สำเร็จ,211036262274489,2025-09-08 20:11:03,2025-09-11 13:52:40,2025-09-08 16:45:07,coucoustore,1106340966,Preferred(Non-CB),27516951645,[12 ซอง] VEVอาหารแมวโภชนาการระดับไฮเอนด์นำเข้าจากญี่ปุ่น รสทูน่า ไก่ ปลาแซลมอน และหอยเชลล อาหารเปียกแมว อาหารแมวสูงวัย,251980514742,Normal Product,,สัตว์เลี้ยง,อาหารสัตว์,อาหารแมว,158,1,คอมมิชชั่นจากร้านค้า,,122,,1.75%,2.135,10.00%,0,2.135,4.27,0,4.27,,0,0.00%,0,100.00%,4.27,สำเร็จ,,คำสั่งซื้อจากร้านค้าต่างกัน,ที่มีอยู่,2599adboostco,paris,mng,m01PetKit0520,,Facebook
25090811RPCVD6,สำเร็จ,211036262274489,2025-09-08 20:11:03,2025-09-11 13:52:40,2025-09-08 16:45:07,coucoustore,1106340966,Preferred(Non-CB),27516951645,[12 ซอง] VEVอาหารแมวโภชนาการระดับไฮเอนด์นำเข้าจากญี่ปุ่น รสทูน่า ไก่ ปลาแซลมอน และหอยเชลล อาหารเปียกแมว อาหารแมวสูงวัย,251980514744,Normal Product,,สัตว์เลี้ยง,อาหารสัตว์,อาหารแมว,158,1,คอมมิชชั่นจากร้านค้า,,122,,1.75%,2.135,10.00%,0,2.135,0,0,0,,0,0.00%,0,100.00%,0,สำเร็จ,,คำสั่งซื้อจากร้านค้าต่างกัน,ที่มีอยู่,2599adboostco,paris,mng,m01PetKit0520,,Facebook
25090811R38KUH,รอดำเนินการ,211036242213939,2025-09-08 20:10:42,,2025-09-08 10:39:54,M&N  (536) ชุดตรวจ ชุดทดสอบ,174145511,Preferred(Non-CB),42906027645,สบู่ซักผ้าขาว สบู่กาลอง การอง Galong ขนาด 180g.,275504051727,Normal Product,,เครื่องใช้ในบ้าน,อุปกรณ์ซักรีดและผลิตภัณฑ์ดูแลบ้าน,ผลิตภัณฑ์ซักรีด,20,5,คอมมิชชั่นจาก Shopee,,85,,1.50%,1.275,0.00%,0,1.275,1.275,0,1.275,,0,0.00%,0,100.00%,1.275,รอดำเนินการ,สถานะของสินค้านี้คือ อยู่ระหว่างดำเนินการ คอมมิชชั่นจะถูกคำนวณเพื่อจ่ายหลังสถานะเป็นสำเร็จแล้วเท่านั้น,คำสั่งซื้อจากร้านค้าต่างกัน,ที่มีอยู่,2599adboostco,paris,mng,m01PetKit0520,,Facebook
25090811KQ2R8D,สำเร็จ,211036095225211,2025-09-08 20:08:15,2025-09-11 19:21:35,2025-09-08 14:46:26,BēME STORE,655138637,C2C(Non-CB),25109006837,บอดี้สูทแขนสั้นคอกลม ทรงเว้าเอวสูง สีพื้น,232461280803,Normal Product,,เสื้อผ้าผู้หญิง,เสื้อ,บอดี้สูท,93,1,คอมมิชชั่นจากร้านค้า,,71,,1.50%,1.065,7.00%,0,1.065,1.065,0,1.065,,0,0.00%,0,100.00%,1.065,สำเร็จ,,คำสั่งซื้อจากร้านค้าต่างกัน,ที่มีอยู่,2599adboostco,paris,mng,m01jjshop0803,,Facebook
25090811KQ2R8C,สำเร็จ,211036095225210,2025-09-08 20:08:15,2025-09-10 20:30:55,2025-09-08 14:46:26,Floinn shop,1090697662,Preferred(Non-CB),22657623545,🔥ส่งเร็ว ⚡(NO.Q87)รองเท้าผ้าใบส้นหนา สไตล์เกาหลีสุดฮิต ระบายอากาศได้ดี ใส่สบาย ดูดีสุดๆ เท่ๆ สําหรับผู้หญิง ไซส์ 35-44,89455361773,Normal Product,,รองเท้าผู้หญิง,รองเท้าผ้าใบ,,199,1,คอมมิชชั่นจากร้านค้า,,158,,2.00%,3.16,8.00%,0,3.16,3.16,0,3.16,,0,0.00%,0,100.00%,3.16,สำเร็จ,,คำสั่งซื้อจากร้านค้าต่างกัน,ที่มีอยู่,2599adboostco,paris,mng,m01jjshop0803,,Facebook
25090811GPR1E8,รอดำเนินการ,211035994207744,2025-09-08 20:06:34,,2025-09-08 18:26:17,WayOfficial,420466609,Preferred(Non-CB),21293987611,[ซอง] ซิสทูซิส สเตย์ ซาติน กลอสซี่ ลิป 2 กรัม Sis2Sis Stay Satin Glossy Lip 2g,232112601231,Normal Product,,ผลิตภัณฑ์บำรุงและเสริมความงาม,เครื่องสําอาง,เครื่องสำอางสำหรับริมฝีปาก,9,1,คอมมิชชั่นจาก Shopee,,8,,1.75%,0.14,0.00%,0,0.14,1.715,0,1.715,,0,0.00%,0,100.00%,1.715,รอดำเนินการ,สถานะของสินค้านี้คือ อยู่ระหว่างดำเนินการ คอมมิชชั่นจะถูกคำนวณเพื่อจ่ายหลังสถานะเป็นสำเร็จแล้วเท่านั้น,คำสั่งซื้อจากร้านค้าต่างกัน,ที่มีอยู่,2599adboostco,paris,mng,m01BMavk0821,,Facebook
25090811GPR1E8,รอดำเนินการ,211035994207744,2025-09-08 20:06:34,,2025-09-08 18:26:17,WayOfficial,420466609,Preferred(Non-CB),29256519236,Cathy Doll Glow Gel Tint 2.4g เคที่ดอลล์ โกลว์ เจล ทินท์ 2.4g,157398496835,Normal Product,,ผลิตภัณฑ์บำรุงและเสริมความงาม,เครื่องสําอาง,เครื่องสำอางสำหรับริมฝีปาก,59,1,คอมมิชชั่นจาก Shopee,,53,,1.75%,0.9275,0.00%,0,0.9275,0,0,0,,0,0.00%,0,100.00%,0,รอดำเนินการ,สถานะของสินค้านี้คือ อยู่ระหว่างดำเนินการ คอมมิชชั่นจะถูกคำนวณเพื่อจ่ายหลังสถานะเป็นสำเร็จแล้วเท่านั้น,คำสั่งซื้อจากร้านค้าต่างกัน,ที่มีอยู่,2599adboostco,paris,mng,m01BMavk0821,,Facebook
25090811GPR1E8,รอดำเนินการ,211035994207744,2025-09-08 20:06:34,,2025-09-08 18:26:17,WayOfficial,420466609,Preferred(Non-CB),17894955663,[ซอง] ซิสทูซิส เวลเวท แมตต์ นุนิว คอลเลคชั่น 2g Sis2Sis Velvet Matte Nunew Collection 2g,156896625753,Normal Product,,ผลิตภัณฑ์บำรุงและเสริมความงาม,เครื่องสําอาง,เครื่องสำอางสำหรับริมฝีปาก,9,1,คอมมิชชั่นจาก Shopee,,9,,1.75%,0.1575,0.00%,0,0.1575,0,0,0,,0,0.00%,0,100.00%,0,รอดำเนินการ,สถานะของสินค้านี้คือ อยู่ระหว่างดำเนินการ คอมมิชชั่นจะถูกคำนวณเพื่อจ่ายหลังสถานะเป็นสำเร็จแล้วเท่านั้น,คำสั่งซื้อจากร้านค้าต่างกัน,ที่มีอยู่,2599adboostco,paris,mng,m01BMavk0821,,Facebook
25090811GPR1E8,รอดำเนินการ,211035994207744,2025-09-08 20:06:34,,2025-09-08 18:26:17,WayOfficial,420466609,Preferred(Non-CB),21138539787,ซิสทูซิส ซุปเปอร์ ชาร์ป มินิ อายไลเนอร์ ดับบลิวพี 01 SIS2SIS Super Sharp Mini Eyeliner WP 01 0.5ml.,192022983446,Normal Product,,ผลิตภัณฑ์บำรุงและเสริมความงาม,เครื่องสําอาง,เครื่องสําอางสำหรับดวงตา,32,1,คอมมิชชั่นจาก Shopee,,28,,1.75%,0.49,0.00%,0,0.49,0,0,0,,0,0.00%,0,100.00%,0,รอดำเนินการ,สถานะของสินค้านี้คือ อยู่ระหว่างดำเนินการ คอมมิชชั่นจะถูกคำนวณเพื่อจ่ายหลังสถานะเป็นสำเร็จแล้วเท่านั้น,คำสั่งซื้อจากร้านค้าต่างกัน,ที่มีอยู่,2599adboostco,paris,mng,m01BMavk0821,,Facebook
25090811DKMDR0,สำเร็จ,211035890286649,2025-09-08 20:04:51,2025-09-11 20:11:34,2025-09-08 07:28:40,ทิชชู่ Mart,1208822693,Preferred(Non-CB),29885012251,[ยกลัง 24แพค] River pro กระดาษทิชชู่เช็ดมือรักษ์โลก ริเวอร์โปร ห่อ300แผ่น,186038268500,Normal Product,,เครื่องใช้ในบ้าน,อุปกรณ์ซักรีดและผลิตภัณฑ์ดูแลบ้าน,กระดาษชำระ,1140,1,คอมมิชชั่นจาก Shopee,,912,,1.50%,13.68,0.00%,0,13.68,13.68,0,13.68,,0,0.00%,0,100.00%,13.68,สำเร็จ,,คำสั่งซื้อจากร้านค้าต่างกัน,ที่มีอยู่,2599adboostco,paris,mng,m01kaofangMeow0303,,Facebook
25090811BHU62N,สำเร็จ,211035821290714,2025-09-08 20:03:41,2025-09-11 14:33:28,2025-09-08 19:27:43,ISDIN TH,599773713,Shopee Mall(Non-CB),12655853779,ISDIN FOTOULTRA 100 ISDIN ACTIVE UNIFY FUSION FLUID SPF50+ กันแดดต้านฝ้า ป้องกันรังสีที่ก่อให้เกิดฝ้า กระ ผิวหมองคล้ำ,241059769549,Normal Product,,ผลิตภัณฑ์บำรุงและเสริมความงาม,ผลิตภัณฑ์บำรุงบริเวณใบหน้า,ผลิตภัณฑ์กันแดดสำหรับใบหน้า,1299,1,คอมมิชชั่นจากร้านค้า,,1039,,1.75%,18.1825,5.00%,0,18.1825,18.1825,0,18.1825,,0,0.00%,0,100.00%,18.1825,สำเร็จ,,คำสั่งซื้อจากร้านค้าต่างกัน,ที่มีอยู่,2599adboostco,paris,mng,m01FahRain0805,,Facebook
25090811A33816,รอดำเนินการ,211035772276019,2025-09-08 20:02:53,,2025-09-08 08:30:58,Sportmag100 รามอินทรา,41678247,Preferred(Non-CB),24428112760,ล้อแม็ก Kspeed Watanabe 4รู100 ET30 กันเงา กว้าง6 ขอบ14นิ้ว(ราคา4วง),215074880060,Normal Product,,รถยนต์ อะไหล่และอุปกรณ์เสริมรถยนต์,ชิ้นส่วนอะไหล่รถยนต์,ล้อแม็กและอุปกรณ์เสริม,11368,1,คอมมิชชั่นจาก Shopee,,8354,,1.75%,146.195,0.00%,0,146.195,146.195,0,146.195,,0,0.00%,0,100.00%,146.195,รอดำเนินการ,สถานะของสินค้านี้คือ อยู่ระหว่างดำเนินการ คอมมิชชั่นจะถูกคำนวณเพื่อจ่ายหลังสถานะเป็นสำเร็จแล้วเท่านั้น,คำสั่งซื้อจากร้านค้าต่างกัน,ที่มีอยู่,2599adboostco,paris,mng,m56Fazzi0830,,Facebook
25090811638M6X,ยกเลิก,211035638238587,2025-09-08 20:00:39,--,2025-09-08 13:20:31,SKYWALKER SHOP หมวกกันน็อค,36470143,Preferred(Non-CB),25389368651,หมวกกันน็อค MT Helmets รุ่น BRAKER SV *รองรับการติดตั้งบลูทูธ รุ่นใหม่ล่าสุดจากสเปน มาพร้อมดีไซน์และเทคโนโลยีที่ล้ำสมัย,261380382267,Normal Product,,รถมอเตอร์ไซค์ อะไหล่และอุปกรณ์เสริมมอเตอร์ไซค์,หมวกกันน็อคและอุปกรณ์สวมใส่สำหรับขับขี่,,2990,0,คอมมิชชั่นจาก Shopee,,0,2392,1.75%,0,0.00%,0,0,0,0,0,,0,0.00%,0,100.00%,0,ยกเลิก,คำสั่งซื้อไม่ถูกต้อง.,คำสั่งซื้อจากร้านค้าต่างกัน,ที่มีอยู่,2599adboostco,paris,mng,m01FahRain0805,,Facebook
250908110KRJN6,รอดำเนินการ,211035454201092,2025-09-08 19:57:34,,2025-09-08 09:53:44,BabyKimji2023,490458536,Preferred(Non-CB),23926024462,Happy Noz สติ๊กเกอร์หัวหอม HappyNoz (1 กล่อง 6 ชิ้น),156641700521,Normal Product,,แม่และเด็ก,ผลิตภัณฑ์ดูแลสุขภาพเด็ก,ผลิตภัณฑ์ดูแลโพรงจมูกเด็ก,70,2,คอมมิชชั่นจาก Shopee,,97,,1.75%,1.6975,0.00%,0,1.6975,1.6975,0,1.6975,,0,0.00%,0,100.00%,1.6975,รอดำเนินการ,สถานะของสินค้านี้คือ อยู่ระหว่างดำเนินการ คอมมิชชั่นจะถูกคำนวณเพื่อจ่ายหลังสถานะเป็นสำเร็จแล้วเท่านั้น,คำสั่งซื้อจากร้านค้าต่างกัน,ที่มีอยู่,2599adboostco,paris,mng,m01FahRain0805,,Facebook
25090810YJC8E1,รอดำเนินการ,211035456293953,2025-09-08 19:56:59,,2025-09-08 06:51:23,NY168 Packaging,398407,Preferred(Non-CB),22053082389,(แพ็ค 100 ใบ) ขวดทรงโบว์ลิ่ง ขนาด 150ml. (ขายพร้อมฝา มีให้ เลือกสีขาว/ดำ) NY168 Packaging,138726462818,Normal Product,,เครื่องใช้ในบ้าน,เครื่องใช้บนโต๊ะอาหาร,ขวดน้ำ,180,1,คอมมิชชั่นจาก Shopee,,180,,1.50%,2.7,0.00%,0,2.7,2.7,0,2.7,,0,0.00%,0,100.00%,2.7,รอดำเนินการ,สถานะของสินค้านี้คือ อยู่ระหว่างดำเนินการ คอมมิชชั่นจะถูกคำนวณเพื่อจ่ายหลังสถานะเป็นสำเร็จแล้วเท่านั้น,คำสั่งซื้อจากร้านค้าต่างกัน,ที่มีอยู่,2599adboostco,paris,mng,m06Nasa1228,,Facebook
25090810W46B7E,สำเร็จ,211035337211188,2025-09-08 19:55:37,2025-09-10 19:46:08,2025-09-08 14:53:58,Relax times.,574826396,Preferred(Non-CB),22288394347,🔥แมส 5D 🔥 10ชิ้น เเมส หน้ากากอนามัย 5D เเมสผู้ใหญ่  หน้าเรียว พร้อมส่ง หน้ากากอนามัย,204816930019,Normal Product,,กลุ่มผลิตภัณฑ์เพื่อสุขภาพ,เครื่องมือและอุปกรณ์ในการดูแลสุขภาพ,ถุงมือและหน้ากากอนามัย,17,10,คอมมิชชั่นจากร้านค้า,,144,,1.50%,2.16,7.00%,0,2.16,2.16,0,2.16,,0,0.00%,0,100.00%,2.16,สำเร็จ,,คำสั่งซื้อจากร้านค้าต่างกัน,ที่มีอยู่,2599adboostco,paris,mng,m01KFdika0520,,Facebook
25090810KTPWB9,รอดำเนินการ,211035025284613,2025-09-08 19:50:25,,2025-09-08 19:44:55,ladyjewy,119112439,Preferred(Non-CB),17305482905,ถ้วยบราวน์นี่ 4.5 cm แถวล่ะ 250 ชิ้น,180482298737,Normal Product,,เครื่องใช้ในบ้าน,เครื่องครัว,อุปกรณ์ทำขนม,58,2,คอมมิชชั่นจากร้านค้า,,104,,1.50%,1.56,4.00%,0,1.56,1.56,0,1.56,,0,0.00%,0,100.00%,1.56,รอดำเนินการ,สถานะของสินค้านี้คือ อยู่ระหว่างดำเนินการ คอมมิชชั่นจะถูกคำนวณเพื่อจ่ายหลังสถานะเป็นสำเร็จแล้วเท่านั้น,คำสั่งซื้อจากร้านค้าต่างกัน,ที่มีอยู่,2599adboostco,paris,mng,m01BMavk0821,,Facebook
25090810G5DDRW,รอดำเนินการ,211034902298630,2025-09-08 19:48:22,,2025-09-08 19:46:43,LABZAA Fashion,1397524484,Preferred(CB),26823649349,เสื้อยืดผู้ชาย เปล่า โอเวอร์ไซส์ ไม่ยับ ไม่ย้วย ดีไซน์คลาสสิค สไตล์วินเทจ ระบายอากาศ ผ้าแห้งเร็ว YG0,218509916362,Normal Product,,เสื้อผ้าผู้ชาย,เสื้อ,เสื้อยืด,148,1,คอมมิชชั่นจากร้านค้า,,133,,1.75%,2.3275,10.00%,0,2.3275,2.3275,0,2.3275,,0,0.00%,0,100.00%,2.3275,รอดำเนินการ,สถานะของสินค้านี้คือ อยู่ระหว่างดำเนินการ คอมมิชชั่นจะถูกคำนวณเพื่อจ่ายหลังสถานะเป็นสำเร็จแล้วเท่านั้น,คำสั่งซื้อจากร้านค้าต่างกัน,ที่มีอยู่,2599adboostco,paris,mng,m01KFdika0520,,Facebook
25090810F5V89G,รอดำเนินการ,211034869221432,2025-09-08 19:47:49,,2025-09-08 19:25:45,SIM NET Unlimited,11575485,Shopee Mall(Non-CB),11667996224,(เล่นฟรีเดือนแรก) ซิมเทพเล่นเน็ตไม่อั้น ความเร็ว 15Mbps +โทรฟรีทุกค่าย24ชม. (ใช้ฟรี wifi ทุกแพ็กเกจ),108363804057,Normal Product,,มือถือและอุปกรณ์เสริม,ซิมการ์ด,,459,1,คอมมิชชั่นจากร้านค้า,,352,,1.50%,5.28,8.00%,0,5.28,5.28,0,5.28,,0,0.00%,0,100.00%,5.28,รอดำเนินการ,สถานะของสินค้านี้คือ อยู่ระหว่างดำเนินการ คอมมิชชั่นจะถูกคำนวณเพื่อจ่ายหลังสถานะเป็นสำเร็จแล้วเท่านั้น,คำสั่งซื้อจากร้านค้าต่างกัน,ที่มีอยู่,2599adboostco,paris,mng,m01FahRain0805,,Facebook
25090810E4J2C4,รอดำเนินการ,211034834286361,2025-09-08 19:47:15,,2025-09-08 08:12:44,Dental 2U,33133199,Preferred(Non-CB),42405478201,RD+ อาร์ดีพลัส โพรไบโอติกส์ ผสมพรีไบโอติก Oral Plus Probiotics Shot สายพันธุ์ที่ช่วยลดกลิ่นปาก เสริมภูมิ 1 กล่องมี 7 ซอง,305462208418,Normal Product,,กลุ่มผลิตภัณฑ์เพื่อสุขภาพ,อาหารเสริม,อาหารเสริมเพื่อสุขภาพ,645,1,คอมมิชชั่นจากร้านค้า,,580,,1.50%,8.7,4.00%,0,8.7,8.7,0,8.7,,0,0.00%,0,100.00%,8.7,รอดำเนินการ,สถานะของสินค้านี้คือ อยู่ระหว่างดำเนินการ คอมมิชชั่นจะถูกคำนวณเพื่อจ่ายหลังสถานะเป็นสำเร็จแล้วเท่านั้น,คำสั่งซื้อจากร้านค้าต่างกัน,ที่มีอยู่,2599adboostco,paris,mng,m01YPf0821,,Facebook
25090810D5YQPK,สำเร็จ,211034802227945,2025-09-08 19:46:43,2025-09-11 20:43:27,2025-09-08 10:14:52,LULU8888,1170393409,C2C(Non-CB),28627156811,【เซ็ต 5/10 ชิ้น!!!】ชุดชั้นในแฟชั่นสตรี ชุดชั้นในผ้าฝ้าย ไม่อับชื้น เย็นสบายและยืดหยุ่นได้ดี ผ้านุ่มและสวมใส่สบาย,233839372286,Normal Product,,เสื้อผ้าผู้หญิง,ชุดชั้นใน,กางเกงชั้นใน,108,1,คอมมิชชั่นจาก Shopee,,92,,1.50%,1.38,0.00%,0,1.38,1.38,0,1.38,,0,0.00%,0,100.00%,1.38,สำเร็จ,,คำสั่งซื้อจากร้านค้าต่างกัน,ที่มีอยู่,2599adboostco,paris,mng,m01KFdika0520,,Facebook
25090810B0BA3X,รอดำเนินการ,211034729204303,2025-09-08 19:45:29,,2025-09-08 19:45:08,Dika Mall,612712702,Preferred(Non-CB),21491624016,DIKA หมวกกันน็อค แว่น2ชั้น หมวกกันน็อคเต็มใบ สามารถเปิดคางได้ Motorcycle Helmet  ปลอดภัย กันน้ำ,204488838464,Normal Product,368347514875922_0_0,รถมอเตอร์ไซค์ อะไหล่และอุปกรณ์เสริมมอเตอร์ไซค์,หมวกกันน็อคและอุปกรณ์สวมใส่สำหรับขับขี่,,578,1,คอมมิชชั่นจากร้านค้า,,517,,1.75%,9.0475,8.00%,41.36,50.4075,9.0475,41.36,50.4075,,0,0.00%,0,100.00%,50.4075,รอดำเนินการ,สถานะของสินค้านี้คือ อยู่ระหว่างดำเนินการ คอมมิชชั่นจะถูกคำนวณเพื่อจ่ายหลังสถานะเป็นสำเร็จแล้วเท่านั้น,สั่งซื้อในร้านค้าเดียวกัน,ที่มีอยู่,2599adboostco,paris,mng,m01KFdika0520,,Facebook
25090810B0BA3X,รอดำเนินการ,211034729204303,2025-09-08 19:45:29,,2025-09-08 19:45:08,Dika Mall,612712702,Preferred(Non-CB),28682564163,Dika 2 ชิ้นของเครื่องประดับตกแต่งหมีสำหรับหมวกกันน็อคมอเตอร์ไซค์สี เหมาะสำหรับมอเตอร์ไซค์และจักรยาน,167096436404,Normal Product,368347514875922_0_0,รถมอเตอร์ไซค์ อะไหล่และอุปกรณ์เสริมมอเตอร์ไซค์,หมวกกันน็อคและอุปกรณ์สวมใส่สำหรับขับขี่,,0,1,คอมมิชชั่นจากร้านค้า,,0,,1.75%,0,8.00%,0,0,0,0,0,,0,0.00%,0,100.00%,0,รอดำเนินการ,สถานะของสินค้านี้คือ อยู่ระหว่างดำเนินการ คอมมิชชั่นจะถูกคำนวณเพื่อจ่ายหลังสถานะเป็นสำเร็จแล้วเท่านั้น,สั่งซื้อในร้านค้าเดียวกัน,ที่มีอยู่,2599adboostco,paris,mng,m01KFdika0520,,Facebook
250908107U97BJ,สำเร็จ,211034623237744,2025-09-08 19:43:43,2025-09-11 20:33:24,2025-09-08 19:07:38,gdolfin shop,599611732,C2C(Non-CB),24684091716,ส่งจากไทย🚀ลิปสติก ลิปกลอส เนื้อแมตต์ กํามะหยี่ เนื้อแมตต์ ไม่ติดแก้ว 6 สี ติดทนนาน,246283288011,Normal Product,,ผลิตภัณฑ์บำรุงและเสริมความงาม,เครื่องสําอาง,เครื่องสำอางสำหรับริมฝีปาก,25,1,คอมมิชชั่นจาก Shopee,,18,,1.75%,0.315,0.00%,0,0.315,1.0325,0,1.0325,,0,0.00%,0,100.00%,1.0325,สำเร็จ,,คำสั่งซื้อจากร้านค้าต่างกัน,ที่มีอยู่,2599adboostco,paris,mng,m06Nasa1228,,Facebook
250908107U97BJ,สำเร็จ,211034623237744,2025-09-08 19:43:43,2025-09-11 20:33:24,2025-09-08 19:07:38,gdolfin shop,599611732,C2C(Non-CB),24684091716,ส่งจากไทย🚀ลิปสติก ลิปกลอส เนื้อแมตต์ กํามะหยี่ เนื้อแมตต์ ไม่ติดแก้ว 6 สี ติดทนนาน,246283288014,Normal Product,,ผลิตภัณฑ์บำรุงและเสริมความงาม,เครื่องสําอาง,เครื่องสำอางสำหรับริมฝีปาก,25,1,คอมมิชชั่นจาก Shopee,,18,,1.75%,0.315,0.00%,0,0.315,0,0,0,,0,0.00%,0,100.00%,0,สำเร็จ,,คำสั่งซื้อจากร้านค้าต่างกัน,ที่มีอยู่,2599adboostco,paris,mng,m06Nasa1228,,Facebook
250908107U97BJ,สำเร็จ,211034623237744,2025-09-08 19:43:43,2025-09-11 20:33:24,2025-09-08 19:07:38,gdolfin shop,599611732,C2C(Non-CB),25987030163,กระเป๋าใส่เหรียญ กระเป๋าสตางค์ กระเป๋าลิปสติก PU แบบพกพา เก็บเหรียญ กุญแจ หูฟัง ลิปสติก อเนกประสงค์,251770880502,Normal Product,,ผลิตภัณฑ์บำรุงและเสริมความงาม,เครื่องมือแต่งหน้า,อุปกรณ์แต่งหน้า,14,1,คอมมิชชั่นจาก Shopee,,11,,1.75%,0.1925,0.00%,0,0.1925,0,0,0,,0,0.00%,0,100.00%,0,สำเร็จ,,คำสั่งซื้อจากร้านค้าต่างกัน,ที่มีอยู่,2599adboostco,paris,mng,m06Nasa1228,,Facebook
250908107U97BJ,สำเร็จ,211034623237744,2025-09-08 19:43:43,2025-09-11 20:33:24,2025-09-08 19:07:38,gdolfin shop,599611732,C2C(Non-CB),26406447771,Famoty บลัชออน บลัชออนปัดแก้ม เนื้อครีม บลัชออนเนื้อครีม บลัชออนทาแก้มฉ่ำสดใส เนื้อแมตต์ ธรรมชาติ,139016296019,Normal Product,,ผลิตภัณฑ์บำรุงและเสริมความงาม,เครื่องสําอาง,เครื่องสําอางสำหรับผิวหน้า,17,1,คอมมิชชั่นจาก Shopee,,12,,1.75%,0.21,0.00%,0,0.21,0,0,0,,0,0.00%,0,100.00%,0,สำเร็จ,,คำสั่งซื้อจากร้านค้าต่างกัน,ที่มีอยู่,2599adboostco,paris,mng,m06Nasa1228,,Facebook
250908106YMK4E,รอดำเนินการ,211034594240403,2025-09-08 19:43:15,,2025-09-08 19:42:41,JJshop 888,347700833,Preferred(Non-CB),20273829574,"JJ shop 💜พร้อมส่ง ชุดบอดี้สูทลายลูกไม้เก๋ๆแต่งสายไขว้ข้างแอบเซ็กซี่ ""SS-5"" -H",137411523387,Normal Product,,เสื้อผ้าผู้หญิง,เสื้อ,บอดี้สูท,115,1,คอมมิชชั่นจากร้านค้า,,103,,1.50%,1.545,4.00%,4.12,5.665,1.545,4.12,5.665,,0,0.00%,0,100.00%,5.665,รอดำเนินการ,สถานะของสินค้านี้คือ อยู่ระหว่างดำเนินการ คอมมิชชั่นจะถูกคำนวณเพื่อจ่ายหลังสถานะเป็นสำเร็จแล้วเท่านั้น,สั่งซื้อในร้านค้าเดียวกัน,ที่มีอยู่,2599adboostco,paris,mng,m01jjshop0803,,Facebook
2509081065WXPF,รอดำเนินการ,211034567280465,2025-09-08 19:42:47,,2025-09-08 12:58:54,เจ้าของแบรนด์พะพิม,355608286,C2C(Non-CB),26435561936,สครับพะพิม แพ็คเก็จใหม่ (2 แถม 1) 400กรัม/1ถุง,159167841307,Normal Product,,ผลิตภัณฑ์บำรุงและเสริมความงาม,สบู่อาบน้ำและผลิตภัณฑ์ดูแลผิวกาย,ผลิตภัณฑ์ขัดและลอกผิว,100,1,คอมมิชชั่นจาก Shopee,,90,,1.75%,1.575,0.00%,0,1.575,3.15,0,3.15,,0,0.00%,0,100.00%,3.15,รอดำเนินการ,สถานะของสินค้านี้คือ อยู่ระหว่างดำเนินการ คอมมิชชั่นจะถูกคำนวณเพื่อจ่ายหลังสถานะเป็นสำเร็จแล้วเท่านั้น,คำสั่งซื้อจากร้านค้าต่างกัน,ที่มีอยู่,2599adboostco,paris,mng,m01jjshop0803,,Facebook
2509081065WXPF,รอดำเนินการ,211034567280465,2025-09-08 19:42:47,,2025-09-08 12:58:54,เจ้าของแบรนด์พะพิม,355608286,C2C(Non-CB),26435561936,สครับพะพิม แพ็คเก็จใหม่ (2 แถม 1) 400กรัม/1ถุง,159167841306,Normal Product,,ผลิตภัณฑ์บำรุงและเสริมความงาม,สบู่อาบน้ำและผลิตภัณฑ์ดูแลผิวกาย,ผลิตภัณฑ์ขัดและลอกผิว,100,1,คอมมิชชั่นจาก Shopee,,90,,1.75%,1.575,0.00%,0,1.575,0,0,0,,0,0.00%,0,100.00%,0,รอดำเนินการ,สถานะของสินค้านี้คือ อยู่ระหว่างดำเนินการ คอมมิชชั่นจะถูกคำนวณเพื่อจ่ายหลังสถานะเป็นสำเร็จแล้วเท่านั้น,คำสั่งซื้อจากร้านค้าต่างกัน,ที่มีอยู่,2599adboostco,paris,mng,m01jjshop0803,,Facebook
250908105X9K62,รอดำเนินการ,211034559288029,2025-09-08 19:42:39,,2025-09-08 16:50:29,IamSoftServe,270673170,Preferred(Non-CB),29209671885,เทปกาว 3M เทปกาวใส 2 หน้า ยาว 3 เมตร แบบใสกันน้ำ แรงยึดเหนียวสูง,215354171353,Normal Product,,เครื่องใช้ในบ้าน,เครื่องมือและอุปกรณ์ปรับปรุงบ้าน,เทปและกาว,35,1,คอมมิชชั่นจาก Shopee,,35,,1.50%,0.525,0.00%,0,0.525,0.765,0,0.765,,0,0.00%,0,100.00%,0.765,รอดำเนินการ,สถานะของสินค้านี้คือ อยู่ระหว่างดำเนินการ คอมมิชชั่นจะถูกคำนวณเพื่อจ่ายหลังสถานะเป็นสำเร็จแล้วเท่านั้น,คำสั่งซื้อจากร้านค้าต่างกัน,ที่มีอยู่,2599adboostco,paris,mng,m02Rooftop0623,,Facebook
250908105X9K62,รอดำเนินการ,211034559288029,2025-09-08 19:42:39,,2025-09-08 16:50:29,IamSoftServe,270673170,Preferred(Non-CB),23387851271,ตะขอติดผนังสแตนเลส sus304 ตะขอแขวนสิ่งของ แถมเทปกาว 3M,194798590828,Normal Product,,เครื่องใช้ในบ้าน,อุปกรณ์สำหรับจัดเก็บ,ตะขอ,8,2,คอมมิชชั่นจาก Shopee,,16,,1.50%,0.24,0.00%,0,0.24,0,0,0,,0,0.00%,0,100.00%,0,รอดำเนินการ,สถานะของสินค้านี้คือ อยู่ระหว่างดำเนินการ คอมมิชชั่นจะถูกคำนวณเพื่อจ่ายหลังสถานะเป็นสำเร็จแล้วเท่านั้น,คำสั่งซื้อจากร้านค้าต่างกัน,ที่มีอยู่,2599adboostco,paris,mng,m02Rooftop0623,,Facebook
2509081048TMJQ,รอดำเนินการ,211034503212147,2025-09-08 19:41:43,,2025-09-08 11:27:04,ออกทะเล Out of the sea,23183981,C2C(Non-CB),4888475275,ปลาหมึกแห้ง มีตา ตัวดำ 🦑🦑🦑 ทอดง่าย ไม่เค็มขายดี,91913859776,Normal Product,,อาหารและเครื่องดื่ม,วัตถุดิบ,อาหารแห้ง,75,1,คอมมิชชั่นจากร้านค้า,,75,,1.75%,1.3125,8.00%,0,1.3125,1.3125,0,1.3125,,0,0.00%,0,100.00%,1.3125,รอดำเนินการ,สถานะของสินค้านี้คือ อยู่ระหว่างดำเนินการ คอมมิชชั่นจะถูกคำนวณเพื่อจ่ายหลังสถานะเป็นสำเร็จแล้วเท่านั้น,คำสั่งซื้อจากร้านค้าต่างกัน,ที่มีอยู่,2599adboostco,paris,mng,m02Rooftop0706,,Facebook
2509081035KWG1,รอดำเนินการ,211034493251611,2025-09-08 19:41:06,,2025-09-08 19:28:32,MP DECORATIVE BOLT,236629193,Preferred(Non-CB),18694224702,บูชกันร้อน Honda หลีด Lead จีออโน่ Giorno PCX งานกลึงมือ ลายเรียบร่อง ลายเกลี้ยงปีก 1ชุด2ชิ้น,246304079010,Normal Product,,รถมอเตอร์ไซค์ อะไหล่และอุปกรณ์เสริมมอเตอร์ไซค์,อุปกรณ์ตกแต่งมอเตอร์ไซค์,อุปกรณ์ตกแต่งมอเตอร์ไซค์อื่นๆ,69,1,คอมมิชชั่นจากร้านค้า,,69,,1.75%,1.2075,7.00%,0,1.2075,1.2075,0,1.2075,,0,0.00%,0,100.00%,1.2075,รอดำเนินการ,สถานะของสินค้านี้คือ อยู่ระหว่างดำเนินการ คอมมิชชั่นจะถูกคำนวณเพื่อจ่ายหลังสถานะเป็นสำเร็จแล้วเท่านั้น,คำสั่งซื้อจากร้านค้าต่างกัน,ที่มีอยู่,2599adboostco,paris,mng,m56ProwaVDO0905,,Facebook
250908101TNN9T,รอดำเนินการ,211034421262580,2025-09-08 19:40:22,,2025-09-08 19:23:19,bunnylittlesridadom,118773169,C2C(Non-CB),5760476514,แคปหมูกรอบ กากหมูกรอบ หนังหมูกรอบ ของฝากโคราช,71631876493,Normal Product,,อาหารและเครื่องดื่ม,ขนมขบเคี้ยว,มันฝรั่งทอดกรอบ,200,1,คอมมิชชั่นจาก Shopee,,180,,1.75%,3.15,0.00%,0,3.15,3.15,0,3.15,,0,0.00%,0,100.00%,3.15,รอดำเนินการ,สถานะของสินค้านี้คือ อยู่ระหว่างดำเนินการ คอมมิชชั่นจะถูกคำนวณเพื่อจ่ายหลังสถานะเป็นสำเร็จแล้วเท่านั้น,คำสั่งซื้อจากร้านค้าต่างกัน,ที่มีอยู่,2599adboostco,paris,mng,m01YPf0821,,Facebook
2509080YVB63H6,รอดำเนินการ,211034237257609,2025-09-08 19:37:17,,2025-09-08 14:40:15,MAO T-shirt official store,1178559917,C2C(Non-CB),26010091447,COD✅ (จัดส่งในกรุงเทพฯ) MAO Shop เสื้อยืด oversize - แฟชั่นชุดชั้นในเซ็กซี่พิมพ์แขนสั้นผู้หญิงเสื้อยืด #52808,251511823011,Normal Product,,เสื้อผ้าผู้หญิง,เสื้อ,เสื้อยืด,129,1,คอมมิชชั่นจากร้านค้า,,87,,1.50%,1.305,10.00%,0,1.305,1.305,0,1.305,,0,0.00%,0,100.00%,1.305,รอดำเนินการ,สถานะของสินค้านี้คือ อยู่ระหว่างดำเนินการ คอมมิชชั่นจะถูกคำนวณเพื่อจ่ายหลังสถานะเป็นสำเร็จแล้วเท่านั้น,คำสั่งซื้อจากร้านค้าต่างกัน,ที่มีอยู่,2599adboostco,paris,mng,m01Tik0803,,Facebook
2509080YMWP6EE,รอดำเนินการ,211033988220931,2025-09-08 19:33:09,,2025-09-08 08:03:12,LUCKY WOOD (Minimal style),57003525,C2C(Non-CB),40454991858,ชั้นไม้ 2ขั้นบันได ขนาด 20-50cm วางของใช้ โชว์โมเดล วางต้นกระบองเพชร (ไม้สนนอก),237884589800,Normal Product,,เครื่องใช้ในบ้าน,เฟอร์นิเจอร์,ชั้นวางของและลิ้นชัก,145,1,คอมมิชชั่นจาก Shopee,,130,,1.50%,1.95,0.00%,0,1.95,1.95,0,1.95,,0,0.00%,0,100.00%,1.95,รอดำเนินการ,สถานะของสินค้านี้คือ อยู่ระหว่างดำเนินการ คอมมิชชั่นจะถูกคำนวณเพื่อจ่ายหลังสถานะเป็นสำเร็จแล้วเท่านั้น,คำสั่งซื้อจากร้านค้าต่างกัน,ที่มีอยู่,2599adboostco,paris,mng,m56ProwaVDO0905,,Facebook
2509080YH5HRHB,รอดำเนินการ,211033862243292,2025-09-08 19:31:03,,2025-09-08 18:41:23,HOHO Official Store,1017184019,Shopee Mall(Non-CB),22152953361,GB สายสะพายโทรศัพท์ สายคล้องคอ เคสสายสะพาย,138725472604,Normal Product,,มือถือและอุปกรณ์เสริม,อุปกรณ์เสริม,สายห้อยมือถือ,59,1,คอมมิชชั่นจากร้านค้า,,59,,1.50%,0.885,4.00%,0,0.885,0.885,0,0.885,,0,0.00%,0,100.00%,0.885,รอดำเนินการ,สถานะของสินค้านี้คือ อยู่ระหว่างดำเนินการ คอมมิชชั่นจะถูกคำนวณเพื่อจ่ายหลังสถานะเป็นสำเร็จแล้วเท่านั้น,คำสั่งซื้อจากร้านค้าต่างกัน,ที่มีอยู่,2599adboostco,paris,mng,m01KFdika0520,,Facebook
2509080YGCSH73,รอดำเนินการ,211033836289675,2025-09-08 19:30:37,,2025-09-08 16:18:01,Buzz Lightyear,1207930935,C2C(Non-CB),41203300691,สายชาร์จข้อมูลแบบสายคล้องแบบพกพาเจลอ่อน TPE 20W สายชาร์จเร็วแบบ Type-C ใช้ห้อยกุญแจ กระเป๋าเป้ และโทรศัพท์มือถือได้,224273081979,Normal Product,0_364093215551519_1,มือถือและอุปกรณ์เสริม,อุปกรณ์เสริม,สายชาร์จและตัวแปลง,28,1,คอมมิชชั่นจากร้านค้า,,28,,1.50%,0.42,8.00%,0,0.42,0.84,0,0.84,,0,0.00%,0,100.00%,0.84,รอดำเนินการ,สถานะของสินค้านี้คือ อยู่ระหว่างดำเนินการ คอมมิชชั่นจะถูกคำนวณเพื่อจ่ายหลังสถานะเป็นสำเร็จแล้วเท่านั้น,คำสั่งซื้อจากร้านค้าต่างกัน,ที่มีอยู่,2599adboostco,paris,mng,m01Tik0803,,Facebook
2509080YGCSH73,รอดำเนินการ,211033836289675,2025-09-08 19:30:37,,2025-09-08 16:18:01,Buzz Lightyear,1207930935,C2C(Non-CB),41203300691,สายชาร์จข้อมูลแบบสายคล้องแบบพกพาเจลอ่อน TPE 20W สายชาร์จเร็วแบบ Type-C ใช้ห้อยกุญแจ กระเป๋าเป้ และโทรศัพท์มือถือได้,224273081981,Normal Product,0_364093215551519_1,มือถือและอุปกรณ์เสริม,อุปกรณ์เสริม,สายชาร์จและตัวแปลง,28,1,คอมมิชชั่นจากร้านค้า,,28,,1.50%,0.42,8.00%,0,0.42,0,0,0,,0,0.00%,0,100.00%,0,รอดำเนินการ,สถานะของสินค้านี้คือ อยู่ระหว่างดำเนินการ คอมมิชชั่นจะถูกคำนวณเพื่อจ่ายหลังสถานะเป็นสำเร็จแล้วเท่านั้น,คำสั่งซื้อจากร้านค้าต่างกัน,ที่มีอยู่,2599adboostco,paris,mng,m01Tik0803,,Facebook
2509080YECVC0X,รอดำเนินการ,211033769274874,2025-09-08 19:29:29,,2025-09-08 19:23:20,tgxufengzhuang.th,235495017,C2C(CB),15982035175,ปลอกหมอน ลายน่ารัก ขนาด 48 * 74 ซม. (19 * 29 นิ้ว) 1 ชิ้น,38750263231,Normal Product,,เครื่องใช้ในบ้าน,ห้องนอน,ผ้าปูที่นอน,25,2,คอมมิชชั่นจากร้านค้า,,50,,1.50%,0.75,4.00%,0,0.75,0.75,0,0.75,,0,0.00%,0,100.00%,0.75,รอดำเนินการ,สถานะของสินค้านี้คือ อยู่ระหว่างดำเนินการ คอมมิชชั่นจะถูกคำนวณเพื่อจ่ายหลังสถานะเป็นสำเร็จแล้วเท่านั้น,คำสั่งซื้อจากร้านค้าต่างกัน,ที่มีอยู่,2599adboostco,paris,mng,m01BMavk0821,,Facebook
2509080YBDFB7N,สำเร็จ,211033669220009,2025-09-08 19:27:50,2025-09-09 12:38:57,2025-09-08 18:15:24,PRINCE AUTO SHOP,256839325,C2C(Non-CB),29827577113,น้ำยาเติมหม้อพักกระจก GETSUN WIND SHIELD WASHER ADDITIVE 2ลิตร ทำความสะอาดกระจกรถ ช่วยขจัดสิ่งสกปรก ล้างคราบน่้ำมัน ฝุ่น,224065899093,Normal Product,,รถยนต์ อะไหล่และอุปกรณ์เสริมรถยนต์,ผลิตภัณฑ์ดูแลรถยนต์,ผลิตภัณฑ์ดูแลรักษากระจก,229,1,คอมมิชชั่นจากร้านค้า,,206,,1.75%,3.605,7.00%,0,3.605,3.605,0,3.605,,0,0.00%,0,100.00%,3.605,สำเร็จ,,คำสั่งซื้อจากร้านค้าต่างกัน,ที่มีอยู่,2599adboostco,paris,mng,m01FahRain0805,,Facebook
2509080Y47PGDA,รอดำเนินการ,211033428291315,2025-09-08 19:23:48,,2025-09-08 08:06:11,Nasalee.,1220824351,Preferred(CB),24835288927,เสื้อยืดผ้าฝ้าย NASA รุ่นใหม่ฤดูร้อน 2024 ดีไซน์แฟชั่นทันสมัย แบบหลวมช่วยให้ดูเพรียว,233150916860,Normal Product,,เสื้อผ้าผู้ชาย,เสื้อ,เสื้อยืด,165,1,ดีลพิเศษเฉพาะคุณ,,149,,1.75%,2.6075,25.00%,37.25,39.8575,2.6075,37.25,39.8575,,0,0.00%,0,100.00%,39.8575,รอดำเนินการ,สถานะของสินค้านี้คือ อยู่ระหว่างดำเนินการ คอมมิชชั่นจะถูกคำนวณเพื่อจ่ายหลังสถานะเป็นสำเร็จแล้วเท่านั้น,สั่งซื้อในร้านค้าเดียวกัน,ที่มีอยู่,2599adboostco,paris,mng,m06Nasa1228,,Facebook
2509080Y3RE019,ยกเลิก,211033412286835,2025-09-08 19:23:32,--,2025-09-08 15:02:37,Vegamae Official,1026269817,Shopee Mall(Non-CB),26378091869,ตะกร้าสินค้าของแถมโปรโมชั่น กาแฟเวกาเม่1กล่อง5ซอง,233876487614,Normal Product,368525361758455_0_0,อาหารและเครื่องดื่ม,เครื่องดื่ม,กาแฟ,0,0,คอมมิชชั่นจากร้านค้า,,0,,1.75%,0,22.00%,0,0,0,0,0,,0,0.00%,0,100.00%,0,ยกเลิก,ผู้ซื้อยกเลิกคำสั่งซื้อ.,คำสั่งซื้อจากร้านค้าต่างกัน,ที่มีอยู่,2599adboostco,paris,mng,m01FahRain0805,,Facebook
2509080Y3RE019,ยกเลิก,211033412286835,2025-09-08 19:23:32,--,2025-09-08 15:02:37,Vegamae Official,1026269817,Shopee Mall(Non-CB),27435986702,เซ็ตโปรตีนพืชเวกาเม่2กระปุก+เวกาเม่1ซอง,167167307716,Normal Product,368525361758455_0_0,กลุ่มผลิตภัณฑ์เพื่อสุขภาพ,อาหารเสริม,อาหารเสริมการออกกำลังกาย,1490,0,คอมมิชชั่นจากร้านค้า,,0,1341,1.50%,0,22.00%,0,0,0,0,0,,0,0.00%,0,100.00%,0,ยกเลิก,ผู้ซื้อยกเลิกคำสั่งซื้อ.,คำสั่งซื้อจากร้านค้าต่างกัน,ที่มีอยู่,2599adboostco,paris,mng,m01FahRain0805,,Facebook
2509080Y3MK619,รอดำเนินการ,211033408263763,2025-09-08 19:23:29,,2025-09-08 19:14:15,PensiriNoww,758464219,Preferred(Non-CB),26210577068,ยางปัดน้ำฝนแท้ ตรงรุ่น TOYOTA YARIS ATIV ปี2023-ล่าสุด 1คู่ซ้ายขวา ตรงรุ่นแท้ ใช้กับก้านปัดแท้ศูนย์,223196922284,Normal Product,,รถยนต์ อะไหล่และอุปกรณ์เสริมรถยนต์,ชิ้นส่วนอะไหล่รถยนต์,ที่ปัดน้ำฝน และตัวชะล้าง,125,1,คอมมิชชั่นจาก Shopee,,112,,1.75%,1.96,0.00%,0,1.96,1.96,0,1.96,,0,0.00%,0,100.00%,1.96,รอดำเนินการ,สถานะของสินค้านี้คือ อยู่ระหว่างดำเนินการ คอมมิชชั่นจะถูกคำนวณเพื่อจ่ายหลังสถานะเป็นสำเร็จแล้วเท่านั้น,คำสั่งซื้อจากร้านค้าต่างกัน,ที่มีอยู่,2599adboostco,paris,mng,m01FahRain0805,,Facebook
2509080Y3KKFN7,รอดำเนินการ,211033407227243,2025-09-08 19:23:27,,2025-09-08 15:40:04,Sports Shoes No.1,729812591,Preferred(Non-CB),41605204259,ADDA รองเท้าหัวโต สูง2.5นิ้ว รุ่น 59G01 ขนาด 4-7 พร้อมส่ง!!,285439073425,Normal Product,,รองเท้าผู้หญิง,รองเท้าแตะ,รองเท้าแตะส้นแบน,179,1,คอมมิชชั่นจาก Shopee,,179,,2.00%,3.58,0.00%,0,3.58,3.58,0,3.58,,0,0.00%,0,100.00%,3.58,รอดำเนินการ,สถานะของสินค้านี้คือ อยู่ระหว่างดำเนินการ คอมมิชชั่นจะถูกคำนวณเพื่อจ่ายหลังสถานะเป็นสำเร็จแล้วเท่านั้น,คำสั่งซื้อจากร้านค้าต่างกัน,ที่มีอยู่,2599adboostco,paris,mng,m01BMavk0821,,Facebook
2509080XWYCF7K,รอดำเนินการ,211033218247174,2025-09-08 19:20:19,,2025-09-08 11:58:13,TIAN Shopping Mall,1360915457,Preferred(Non-CB),42307168005,[ใหม่!!!] ยาสีฟัน บีเฮิร์บ พลัส Be Herb Plus 80 กรัม ลดปวดฟัน เหงือกอักเสบ,300607240075,Normal Product,,กลุ่มผลิตภัณฑ์เพื่อสุขภาพ,ของใช้ส่วนตัว,ผลิตภัณฑ์ดูแลช่องปาก,195,1,คอมมิชชั่นจากร้านค้า,,175,,1.50%,2.625,7.00%,0,2.625,2.625,0,2.625,,0,0.00%,0,100.00%,2.625,รอดำเนินการ,สถานะของสินค้านี้คือ อยู่ระหว่างดำเนินการ คอมมิชชั่นจะถูกคำนวณเพื่อจ่ายหลังสถานะเป็นสำเร็จแล้วเท่านั้น,คำสั่งซื้อจากร้านค้าต่างกัน,ที่มีอยู่,2599adboostco,paris,mng,m56ProwaVDO0905,,Facebook
2509080XRDY02K,ยกเลิก,211033032209021,2025-09-08 19:17:11,--,2025-09-08 15:56:27,maoingmen.th,1051203169,Preferred(CB),29715511659,[MAOINGMEN ] เสื้อกล้าม แขนกุด สีพื้น เรียบง่าย สําหรับผู้ชาย ใส่ออกกําลังกาย ฟิตเนส เสื้อกล้ามสไตล์อเมริกันแห้งเร็ว,197915860166,Normal Product,,เสื้อผ้าผู้ชาย,เสื้อ,เสื้อแขนกุด,212,0,คอมมิชชั่นจากร้านค้า,,0,161,1.75%,0,10.00%,0,0,0,0,0,,0,0.00%,0,100.00%,0,ยกเลิก,คำสั่งซื้อไม่ถูกต้อง.,คำสั่งซื้อจากร้านค้าต่างกัน,ที่มีอยู่,2599adboostco,paris,mng,m56Fazzi0830,,Facebook
2509080XJ7NBYP,รอดำเนินการ,211032824275513,2025-09-08 19:13:45,,2025-09-08 10:30:35,kevin88.th case airpods case iphone,158638900,Preferred(CB),24627347372,【Non-slip border strips/Carbon fiber texture/Acrylic hard case/With Metal Len Protection/Gold】เคส compatible for iPhone 11 12 13,89555697046,Normal Product,0_361142984061026_1,มือถือและอุปกรณ์เสริม,อุปกรณ์เสริม,เคสมือถือและแท็บเล็ต,161.97087,1,คอมมิชชั่นจากร้านค้า,,118.97087,,1.50%,1.78456,4.00%,0,1.78456,4.45499,0,4.45499,,0,0.00%,0,100.00%,4.45499,รอดำเนินการ,สถานะของสินค้านี้คือ อยู่ระหว่างดำเนินการ คอมมิชชั่นจะถูกคำนวณเพื่อจ่ายหลังสถานะเป็นสำเร็จแล้วเท่านั้น,คำสั่งซื้อจากร้านค้าต่างกัน,ที่มีอยู่,2599adboostco,paris,mng,m01Tik0803,,Facebook
2509080XJ7NBYP,รอดำเนินการ,211032824275513,2025-09-08 19:13:45,,2025-09-08 10:30:35,kevin88.th case airpods case iphone,158638900,Preferred(CB),29108409850,【Twill/Ultra-thin Matte Pc hard case/Gray】เคส compatible for iphone 13 14 15 pro max case,207736953992,Normal Product,0_361142984061026_1,มือถือและอุปกรณ์เสริม,อุปกรณ์เสริม,เคสมือถือและแท็บเล็ต,80.98543,1,คอมมิชชั่นจากร้านค้า,,61.98543,,1.50%,0.92978,4.00%,0,0.92978,0,0,0,,0,0.00%,0,100.00%,0,รอดำเนินการ,สถานะของสินค้านี้คือ อยู่ระหว่างดำเนินการ คอมมิชชั่นจะถูกคำนวณเพื่อจ่ายหลังสถานะเป็นสำเร็จแล้วเท่านั้น,คำสั่งซื้อจากร้านค้าต่างกัน,ที่มีอยู่,2599adboostco,paris,mng,m01Tik0803,,Facebook
2509080XJ7NBYP,รอดำเนินการ,211032824275513,2025-09-08 19:13:45,,2025-09-08 10:30:35,kevin88.th case airpods case iphone,158638900,Preferred(CB),23159710104,【Anti-slip strips/Corrugated stripes/Matte Acrylic hard case/Orange】เคส compatible for iPhone 12 13 14 15 16 pro max case,166189253061,Normal Product,0_361142984061026_1,มือถือและอุปกรณ์เสริม,อุปกรณ์เสริม,เคสมือถือและแท็บเล็ต,159.04368,1,คอมมิชชั่นจากร้านค้า,,116.04368,,1.50%,1.74065,4.00%,0,1.74065,0,0,0,,0,0.00%,0,100.00%,0,รอดำเนินการ,สถานะของสินค้านี้คือ อยู่ระหว่างดำเนินการ คอมมิชชั่นจะถูกคำนวณเพื่อจ่ายหลังสถานะเป็นสำเร็จแล้วเท่านั้น,คำสั่งซื้อจากร้านค้าต่างกัน,ที่มีอยู่,2599adboostco,paris,mng,m01Tik0803,,Facebook
2509080XH1GJ9C,ยกเลิก,211032784270381,2025-09-08 19:13:05,--,2025-09-08 11:11:56,Lnw Guru,342707363,C2C(Non-CB),28583162498,"แบตเตอรี่ทดแทน เครื่องดูดฝุ่นไดสัน  Dyson V11 V15  SV15 SV22 25.2V 4,000mAh. รับประกัน 1 ปีเต็ม",99807842546,Normal Product,,เครื่องใช้ไฟฟ้าภายในบ้าน,เครื่องใช้ไฟฟ้าขนาดเล็กภายในบ้าน,เครื่องดูดฝุ่น  และ อุปกรณ์ดูแลพื้น,2390,0,คอมมิชชั่นจาก Shopee,,0,2090,1.50%,0,0.00%,0,0,0,0,0,,0,0.00%,0,100.00%,0,ยกเลิก,คำสั่งซื้อไม่ถูกต้อง.,คำสั่งซื้อจากร้านค้าต่างกัน,ที่มีอยู่,2599adboostco,paris,mng,m01FahRain0805,,Facebook
2509080XAW0G8J,รอดำเนินการ,211032578229606,2025-09-08 19:09:38,,2025-09-08 19:04:35,Healthysmart4U,81512924,Preferred(Non-CB),27626265513,Veldent Mouth Spray 18ML เวลเดนท์ เมาท์ สเปรย์ สเปรย์สำหรับช่องปาก ช่วยลดเชื้อไวรัสลงปอด,257644031225,Normal Product,,กลุ่มผลิตภัณฑ์เพื่อสุขภาพ,ของใช้ส่วนตัว,ผลิตภัณฑ์ดูแลช่องปาก,175,2,คอมมิชชั่นจาก Shopee,,280,,1.50%,4.2,0.00%,0,4.2,4.2,0,4.2,,0,0.00%,0,100.00%,4.2,รอดำเนินการ,สถานะของสินค้านี้คือ อยู่ระหว่างดำเนินการ คอมมิชชั่นจะถูกคำนวณเพื่อจ่ายหลังสถานะเป็นสำเร็จแล้วเท่านั้น,คำสั่งซื้อจากร้านค้าต่างกัน,ที่มีอยู่,2599adboostco,paris,mng,m02Rooftop0706,,Facebook
2509080XARA2VG,ยกเลิก,211032573298530,2025-09-08 19:09:33,--,2025-09-08 18:03:28,coolpow,77541443,C2C(Non-CB),26104210428,(ขายยกลัง) สินค้าพร้อมส่ง!!! ชุดถ้วยแก้วกาแฟ แบบคละลาย ชุดถ้วยกาแฟ มีช้อนแถมค่ะ พร้อมกล่องลายการ์ตูน,256117578599,Normal Product,,เครื่องใช้ในบ้าน,เครื่องใช้บนโต๊ะอาหาร,แก้วน้ำ,1750,0,คอมมิชชั่นจาก Shopee,,0,1550,1.50%,0,0.00%,0,0,0,0,0,,0,0.00%,0,100.00%,0,ยกเลิก,คำสั่งซื้อไม่ถูกต้อง.,คำสั่งซื้อจากร้านค้าต่างกัน,ที่มีอยู่,2599adboostco,paris,mng,m01jjshop0803,,Facebook
2509080X4GYV2M,รอดำเนินการ,211032364292907,2025-09-08 19:06:04,,2025-09-08 12:07:27,lookproud_LD,267979380,C2C(Non-CB),5536690597,มะพร้าวกะทิ 1 ลูก จากธรรมชาติ💯,72157268370,Normal Product,,อาหารและเครื่องดื่ม,อาหารสด และอาหารแช่แข็ง,ผลไม้สด,145,1,คอมมิชชั่นจาก Shopee,,123,,1.75%,2.1525,0.00%,0,2.1525,2.1525,0,2.1525,,0,0.00%,0,100.00%,2.1525,รอดำเนินการ,สถานะของสินค้านี้คือ อยู่ระหว่างดำเนินการ คอมมิชชั่นจะถูกคำนวณเพื่อจ่ายหลังสถานะเป็นสำเร็จแล้วเท่านั้น,คำสั่งซื้อจากร้านค้าต่างกัน,ที่มีอยู่,2599adboostco,paris,mng,m01Tik0803,,Facebook
2509080WQ4PXVA,สำเร็จ,211031915214629,2025-09-08 18:58:35,2025-09-10 22:06:34,2025-09-08 18:26:04,ราชาก๋วยจั๊บ​อุบล​,22919604,Preferred(Non-CB),21071698261,ก๋วยจั๊บอุบลเส้นสด  (มี​หมูยอ)​ โปร 12 ซอง 10 แถม2  199 บาท,175495491168,Normal Product,,อาหารและเครื่องดื่ม,อาหารสำเร็จรูป,บะหมี่กึ่งสำเร็จรูป,189,1,คอมมิชชั่นจากร้านค้า,,160,,1.75%,2.8,7.00%,0,2.8,2.8,0,2.8,,0,0.00%,0,100.00%,2.8,สำเร็จ,,คำสั่งซื้อจากร้านค้าต่างกัน,ที่มีอยู่,2599adboostco,paris,mng,m01BMavk0821,,Facebook
2509080WNK6NCG,รอดำเนินการ,211031863297546,2025-09-08 18:57:43,,2025-09-08 06:44:12,Coco Case ขอนแก่น Shop,423320599,Preferred(CB),24322071741,พร้อมส่ง! นําไปใช้กับ VIVO TWS 3E เคส Case เคสหูฟัง การ์ตูนชุดนวัตกรรม ซิลิโคนนุ่ม เคส เคสหูฟัง NO.1,226188771843,Normal Product,,มือถือและอุปกรณ์เสริม,อุปกรณ์เสริม,เคสมือถือและแท็บเล็ต,63,1,คอมมิชชั่นจาก Shopee,,61,,1.50%,0.915,0.00%,0,0.915,0.915,0,0.915,,0,0.00%,0,100.00%,0.915,รอดำเนินการ,สถานะของสินค้านี้คือ อยู่ระหว่างดำเนินการ คอมมิชชั่นจะถูกคำนวณเพื่อจ่ายหลังสถานะเป็นสำเร็จแล้วเท่านั้น,คำสั่งซื้อจากร้านค้าต่างกัน,ที่มีอยู่,2599adboostco,paris,mng,m02Rooftop0706,,Facebook
2509080WHEKH19,รอดำเนินการ,211031724255060,2025-09-08 18:55:24,,2025-09-08 13:03:10,saimanee9,495425875,Preferred(Non-CB),44403214777,สกรูจานจักร หัวหกเลี่ยม สแตนเลส เกลียวมิลตลอด M8 Serrated Hex Flange Screws Stainless Steel 304.,300267393358,Normal Product,,เครื่องใช้ในบ้าน,เครื่องมือและอุปกรณ์ปรับปรุงบ้าน,เครื่องมือช่าง,19,2,คอมมิชชั่นจากร้านค้า,,35,,1.50%,0.525,8.00%,0,0.525,2.28,0,2.28,,0,0.00%,0,100.00%,2.28,รอดำเนินการ,สถานะของสินค้านี้คือ อยู่ระหว่างดำเนินการ คอมมิชชั่นจะถูกคำนวณเพื่อจ่ายหลังสถานะเป็นสำเร็จแล้วเท่านั้น,คำสั่งซื้อจากร้านค้าต่างกัน,ที่มีอยู่,2599adboostco,paris,mng,m01KFdika0520,,Facebook
2509080WHEKH19,รอดำเนินการ,211031724255060,2025-09-08 18:55:24,,2025-09-08 13:03:10,saimanee9,495425875,Preferred(Non-CB),44403214777,สกรูจานจักร หัวหกเลี่ยม สแตนเลส เกลียวมิลตลอด M8 Serrated Hex Flange Screws Stainless Steel 304.,300267393359,Normal Product,,เครื่องใช้ในบ้าน,เครื่องมือและอุปกรณ์ปรับปรุงบ้าน,เครื่องมือช่าง,21,2,คอมมิชชั่นจากร้านค้า,,37,,1.50%,0.555,8.00%,0,0.555,0,0,0,,0,0.00%,0,100.00%,0,รอดำเนินการ,สถานะของสินค้านี้คือ อยู่ระหว่างดำเนินการ คอมมิชชั่นจะถูกคำนวณเพื่อจ่ายหลังสถานะเป็นสำเร็จแล้วเท่านั้น,คำสั่งซื้อจากร้านค้าต่างกัน,ที่มีอยู่,2599adboostco,paris,mng,m01KFdika0520,,Facebook
2509080WHEKH19,รอดำเนินการ,211031724255060,2025-09-08 18:55:24,,2025-09-08 13:03:10,saimanee9,495425875,Preferred(Non-CB),26878121532,แหวนรอง บูชรอง สแตนเลส 304 ขนาด M8 Stanless Steel 304 Round Spacer.[CNC],242774742491,Normal Product,,เครื่องใช้ในบ้าน,เครื่องมือและอุปกรณ์ปรับปรุงบ้าน,เครื่องมือช่าง,15,6,คอมมิชชั่นจากร้านค้า,,80,,1.50%,1.2,8.00%,0,1.2,0,0,0,,0,0.00%,0,100.00%,0,รอดำเนินการ,สถานะของสินค้านี้คือ อยู่ระหว่างดำเนินการ คอมมิชชั่นจะถูกคำนวณเพื่อจ่ายหลังสถานะเป็นสำเร็จแล้วเท่านั้น,คำสั่งซื้อจากร้านค้าต่างกัน,ที่มีอยู่,2599adboostco,paris,mng,m01KFdika0520,,Facebook
2509080WH08G9A,รอดำเนินการ,211031709218104,2025-09-08 18:55:09,,2025-09-08 07:50:18,LivingPlus+,1399635005,Preferred(Non-CB),28680681307,ผ้ารองรีดเคลือบสารสะท้อนความร้อน เสริมฟองน้ำ กันความร้อน เลือกไซส์ได้ สินค้าคุณภาพ ผลิตในไทย,178805773048,Normal Product,,เครื่องใช้ในบ้าน,อุปกรณ์ซักรีดและผลิตภัณฑ์ดูแลบ้าน,ผลิตภัณฑ์ซักรีด,114,1,คอมมิชชั่นจากร้านค้า,,102,,1.50%,1.53,7.00%,0,1.53,1.53,0,1.53,,0,0.00%,0,100.00%,1.53,รอดำเนินการ,สถานะของสินค้านี้คือ อยู่ระหว่างดำเนินการ คอมมิชชั่นจะถูกคำนวณเพื่อจ่ายหลังสถานะเป็นสำเร็จแล้วเท่านั้น,คำสั่งซื้อจากร้านค้าต่างกัน,ที่มีอยู่,2599adboostco,paris,mng,m01YPf0821,,Facebook
2509080WFGK4R0,สำเร็จ,211031659232156,2025-09-08 18:54:20,2025-09-11 16:39:55,2025-09-08 15:30:26,เฮง 456,1079928074,C2C(Non-CB),43903956494,🌟(แพ็ค 12 ชิ้น) ราคาพิเศษสุ่มลายการ์ตูน🌟ไม้บรรทัดพลาสติกยาว 30 ซม.หลากสีสัน เครื่องเขียน เครื่องใช้ โรงเรียน,270603644915,Normal Product,,เครื่องเขียน,อุปกรณ์สำนักงานและโรงเรียน,ไม้บรรทัด,58,1,คอมมิชชั่นจาก Shopee,,58,,1.75%,1.015,0.00%,0,1.015,1.015,0,1.015,,0,0.00%,0,100.00%,1.015,สำเร็จ,,คำสั่งซื้อจากร้านค้าต่างกัน,ที่มีอยู่,2599adboostco,paris,mng,m01KFdika0520,,Facebook
2509080WEK0CXV,รอดำเนินการ,211031628217560,2025-09-08 18:53:48,,2025-09-08 16:05:09,Petcho Official Shop,287201971,Shopee Mall(Non-CB),10571097906,Petcho กรงแมว กรงแมวพับได้ กรงแมวขนาดใหญ่ คอกกรงแมว กรงสัตว์เลี้ยง กรงกระต่าย ประกอบง่าย เคลื่อนย้ายได้ ขนาดใหญ่,166332503677,Normal Product,366552600232117_0_0,สัตว์เลี้ยง,อุปกรณ์สำหรับสัตว์เลี้ยง,เฟอร์นิเจอร์สัตว์เลี้ยง,1229,2,คอมมิชชั่นจากร้านค้า,,1775,,1.75%,31.0625,7.00%,0,31.0625,31.0625,0,31.0625,,0,0.00%,0,100.00%,31.0625,รอดำเนินการ,สถานะของสินค้านี้คือ อยู่ระหว่างดำเนินการ คอมมิชชั่นจะถูกคำนวณเพื่อจ่ายหลังสถานะเป็นสำเร็จแล้วเท่านั้น,คำสั่งซื้อจากร้านค้าต่างกัน,ที่มีอยู่,2599adboostco,paris,mng,m02Rooftop0706,,Facebook
2509080WEK0CXV,รอดำเนินการ,211031628217560,2025-09-08 18:53:48,,2025-09-08 16:05:09,Petcho Official Shop,287201971,Shopee Mall(Non-CB),7090407025,Petcho Pet Cool Mat แผ่นเจลเย็น ที่นอนเย็น แผ่นเย็นแมว เบาะเย็นแมว เจลเย็นหมา แผ่นเย็นหมา ที่นอนแมว ที่นอนหมา,146781822777,Normal Product,366552600232117_0_0,สัตว์เลี้ยง,อุปกรณ์สำหรับสัตว์เลี้ยง,เฟอร์นิเจอร์สัตว์เลี้ยง,0,1,คอมมิชชั่นจากร้านค้า,,0,,1.75%,0,7.00%,0,0,0,0,0,,0,0.00%,0,100.00%,0,รอดำเนินการ,สถานะของสินค้านี้คือ อยู่ระหว่างดำเนินการ คอมมิชชั่นจะถูกคำนวณเพื่อจ่ายหลังสถานะเป็นสำเร็จแล้วเท่านั้น,คำสั่งซื้อจากร้านค้าต่างกัน,ที่มีอยู่,2599adboostco,paris,mng,m02Rooftop0706,,Facebook
2509080WAWQ1UV,รอดำเนินการ,211031505226178,2025-09-08 18:51:46,,2025-09-08 13:47:06,Active24_Offcial,791667367,C2C(Non-CB),23581778993,(🌼แท้ / พร้อมส่ง🌼) COCOLLY COLLAGEN โคคอลลี่คอลาเจน ช่วยคุมหิวระหว่างวัน เพิ่มการเผาผลาญ ผิวใส แถม หุ่นดี ในกระปุกเดียว,225684447615,Normal Product,,กลุ่มผลิตภัณฑ์เพื่อสุขภาพ,อาหารเสริม,อาหารเสริมการควบคุมน้ำหนัก,390,1,คอมมิชชั่นจากร้านค้า,,351,,1.50%,5.265,4.00%,0,5.265,5.265,0,5.265,,0,0.00%,0,100.00%,5.265,รอดำเนินการ,สถานะของสินค้านี้คือ อยู่ระหว่างดำเนินการ คอมมิชชั่นจะถูกคำนวณเพื่อจ่ายหลังสถานะเป็นสำเร็จแล้วเท่านั้น,คำสั่งซื้อจากร้านค้าต่างกัน,ที่มีอยู่,2599adboostco,paris,mng,m01KFdika0520,,Facebook
2509080W7B9PTH,สำเร็จ,211031385249724,2025-09-08 18:49:45,2025-09-11 20:50:16,2025-09-08 16:47:08,Scent & Beauty,10724688,Preferred(Non-CB),5177383657,【ไม่ระบุชื่อสินค้า】 PEINEILI ไพเนลลี่ ♻️สเปร์ยบำรุงชาย ( สินค้าล็อตการผลิตใหม่ ),46770105481,Normal Product,,กลุ่มผลิตภัณฑ์เพื่อสุขภาพ,ถุงยางและสารหล่อลื่น,สินค้าอื่นๆ,69,1,คอมมิชชั่นจากร้านค้า,,62,,1.50%,0.93,4.00%,0,0.93,0.93,0,0.93,,0,0.00%,0,100.00%,0.93,สำเร็จ,,คำสั่งซื้อจากร้านค้าต่างกัน,ที่มีอยู่,2599adboostco,paris,mng,m01KFdika0520,,Facebook
2509080W74KDWR,รอดำเนินการ,211031378223509,2025-09-08 18:49:39,,2025-09-08 18:42:31,Baby Hero,41188158,C2C(Non-CB),20286761852,ดินเบาเกรดพรีเมียม 100/500 กรัม สีสันสดใส ผสมสีได้ ติดกันได้โดยไม่ต้องใช้กาว เหมาะสำหรับเด็ก ไม่ต้องอบ,222617878642,Normal Product,,แม่และเด็ก,ของเล่น,ของเล่นเพื่อการศึกษา,14,1,คอมมิชชั่นจากร้านค้า,,14,,1.75%,0.245,4.00%,0,0.245,0.7,0,0.7,,0,0.00%,0,100.00%,0.7,รอดำเนินการ,สถานะของสินค้านี้คือ อยู่ระหว่างดำเนินการ คอมมิชชั่นจะถูกคำนวณเพื่อจ่ายหลังสถานะเป็นสำเร็จแล้วเท่านั้น,คำสั่งซื้อจากร้านค้าต่างกัน,ที่มีอยู่,2599adboostco,paris,mng,m56Fazzi0830,,Facebook
2509080W74KDWR,รอดำเนินการ,211031378223509,2025-09-08 18:49:39,,2025-09-08 18:42:31,Baby Hero,41188158,C2C(Non-CB),20286761852,ดินเบาเกรดพรีเมียม 100/500 กรัม สีสันสดใส ผสมสีได้ ติดกันได้โดยไม่ต้องใช้กาว เหมาะสำหรับเด็ก ไม่ต้องอบ,222617878656,Normal Product,,แม่และเด็ก,ของเล่น,ของเล่นเพื่อการศึกษา,14,1,คอมมิชชั่นจากร้านค้า,,13,,1.75%,0.2275,4.00%,0,0.2275,0,0,0,,0,0.00%,0,100.00%,0,รอดำเนินการ,สถานะของสินค้านี้คือ อยู่ระหว่างดำเนินการ คอมมิชชั่นจะถูกคำนวณเพื่อจ่ายหลังสถานะเป็นสำเร็จแล้วเท่านั้น,คำสั่งซื้อจากร้านค้าต่างกัน,ที่มีอยู่,2599adboostco,paris,mng,m56Fazzi0830,,Facebook
2509080W74KDWR,รอดำเนินการ,211031378223509,2025-09-08 18:49:39,,2025-09-08 18:42:31,Baby Hero,41188158,C2C(Non-CB),20286761852,ดินเบาเกรดพรีเมียม 100/500 กรัม สีสันสดใส ผสมสีได้ ติดกันได้โดยไม่ต้องใช้กาว เหมาะสำหรับเด็ก ไม่ต้องอบ,222617878659,Normal Product,,แม่และเด็ก,ของเล่น,ของเล่นเพื่อการศึกษา,14,1,คอมมิชชั่นจากร้านค้า,,13,,1.75%,0.2275,4.00%,0,0.2275,0,0,0,,0,0.00%,0,100.00%,0,รอดำเนินการ,สถานะของสินค้านี้คือ อยู่ระหว่างดำเนินการ คอมมิชชั่นจะถูกคำนวณเพื่อจ่ายหลังสถานะเป็นสำเร็จแล้วเท่านั้น,คำสั่งซื้อจากร้านค้าต่างกัน,ที่มีอยู่,2599adboostco,paris,mng,m56Fazzi0830,,Facebook
2509080W5MW9XM,รอดำเนินการ,211031328214776,2025-09-08 18:48:48,,2025-09-08 08:47:55,HELLO RUN,491426595,C2C(Non-CB),43461028056,COD ยึดเสาเต็นท์ สแตนเลส สามารถหดได้ เราสามารถแยกมันออกจากกัน คง ที่ ป้องกันลม 2.1/2.5M,290926237037,Normal Product,,กีฬาและกิจกรรมกลางแจ้ง,อุปกรณ์เล่นกีฬาและกิจกรรมกลางแจ้ง,อุปกรณ์ตั้งแคมป์และเดินป่า,280,1,คอมมิชชั่นจากร้านค้า,,231,,1.75%,4.0425,7.00%,0,4.0425,4.0425,0,4.0425,,0,0.00%,0,100.00%,4.0425,รอดำเนินการ,สถานะของสินค้านี้คือ อยู่ระหว่างดำเนินการ คอมมิชชั่นจะถูกคำนวณเพื่อจ่ายหลังสถานะเป็นสำเร็จแล้วเท่านั้น,คำสั่งซื้อจากร้านค้าต่างกัน,ที่มีอยู่,2599adboostco,paris,mng,m02Rooftop0623,,Facebook
2509080VU0E9UV,สำเร็จ,211030971208822,2025-09-08 18:42:51,2025-09-10 17:31:39,2025-09-08 09:10:31,L'Oreal Paris,29667634,Shopee Mall(Non-CB),425582560,[ใช้โค้ดไลฟ์เหลือชิ้นละ 306.-][แพ็กคู่] ลอรีอัล ปารีส L’Oréal Paris Revitalift เดย์ครีม SPF35 PA++ 50ml + ไนท์ครีม 50ml,30422751489,Normal Product,,ผลิตภัณฑ์บำรุงและเสริมความงาม,ผลิตภัณฑ์บำรุงบริเวณใบหน้า,มอยส์เจอร์ไรเซอร์บำรุงผิวหน้า,719,2,คอมมิชชั่นจากร้านค้า,,954,,1.75%,16.695,9.00%,0,16.695,16.695,0,16.695,,0,0.00%,0,100.00%,16.695,สำเร็จ,,คำสั่งซื้อจากร้านค้าต่างกัน,ที่มีอยู่,2599adboostco,paris,mng,m56Fazzi0830,,Facebook
2509080VS0JWJG,สำเร็จ,211030904256576,2025-09-08 18:41:45,2025-09-10 13:22:14,2025-09-08 07:03:17,Adult Kids,427771196,Preferred(Non-CB),8273932651,ลดเพิ่ม 30% 🔥 ถุงยางอนามัย กล่องใหญ่ 10-12 ชิ้น ดูเร็กซ์ วันทัช โอกาโมโต้ ONETOUCH OKAMOTO DUREX รวม,232503567549,Normal Product,,กลุ่มผลิตภัณฑ์เพื่อสุขภาพ,ถุงยางและสารหล่อลื่น,ถุงยาง,189,1,คอมมิชชั่นจาก Shopee,,168,,1.50%,2.52,0.00%,0,2.52,2.52,0,2.52,,0,0.00%,0,100.00%,2.52,สำเร็จ,,คำสั่งซื้อจากร้านค้าต่างกัน,ที่มีอยู่,2599adboostco,paris,mng,m01KFdika0520,,Facebook
2509080VG0JQAE,สำเร็จ,211030602253566,2025-09-08 18:36:43,2025-09-11 10:06:09,2025-09-08 15:50:40,นกเพนกวิน 3 ตัว,66588039,Preferred(Non-CB),8284073294,1000 ml ++ 2 ชิ้น เพียง 114 บาท ++ นกเพนกวิน 3 ตัว ซอสหอยนางรม (Oyster Sauce) ซอสหอยนางรมตรานกเพนกวิน,141869722076,Normal Product,,อาหารและเครื่องดื่ม,เครื่องปรุง และส่วนผสมปรุงอาหาร,เครื่องปรุงและผงปรุงรส,59,1,คอมมิชชั่นจากร้านค้า,,59,,1.75%,1.0325,4.00%,0,1.0325,1.0325,0,1.0325,,0,0.00%,0,100.00%,1.0325,สำเร็จ,,คำสั่งซื้อจากร้านค้าต่างกัน,ที่มีอยู่,2599adboostco,paris,mng,m01Tik0803,,Facebook
2509080VBGJW6A,รอดำเนินการ,211030451269582,2025-09-08 18:34:11,,2025-09-08 12:28:57,Ugreen Store Thailand,1284427353,Shopee Mall(Non-CB),29167261593,[ลดเหลือ 476] Ugreen HiTune S3 หูฟังไร้สาย หูฟังบลูทูธ หูฟัง True Wireless Earbuds กันน้ำ IPX5  รุ่น WS209,247734721899,Normal Product,,เครื่องเสียง,หูฟัง,,355,1,คอมมิชชั่นจาก Shopee,,284,,1.50%,4.26,0.00%,0,4.26,4.26,0,4.26,,0,0.00%,0,100.00%,4.26,รอดำเนินการ,สถานะของสินค้านี้คือ อยู่ระหว่างดำเนินการ คอมมิชชั่นจะถูกคำนวณเพื่อจ่ายหลังสถานะเป็นสำเร็จแล้วเท่านั้น,คำสั่งซื้อจากร้านค้าต่างกัน,ที่มีอยู่,2599adboostco,paris,mng,m02Rooftop0623,,Facebook
2509080V9ES23Y,รอดำเนินการ,211030382268552,2025-09-08 18:33:03,,2025-09-08 16:11:26,AP Store 5010,293419371,Preferred(Non-CB),8120477633,AP กางเกงสามส่วนสปอร์ต ผ้าระบายอากาศ เอวยางยืด เหมาะใส่ออกกำลังกาย,33920506120,Normal Product,,เสื้อผ้าผู้ชาย,กางเกงขาสั้น,,52,1,คอมมิชชั่นจากร้านค้า,,45,,1.75%,0.7875,7.00%,0,0.7875,1.5575,0,1.5575,,0,0.00%,0,100.00%,1.5575,รอดำเนินการ,สถานะของสินค้านี้คือ อยู่ระหว่างดำเนินการ คอมมิชชั่นจะถูกคำนวณเพื่อจ่ายหลังสถานะเป็นสำเร็จแล้วเท่านั้น,คำสั่งซื้อจากร้านค้าต่างกัน,ที่มีอยู่,2599adboostco,paris,mng,m06Nasa1228,,Facebook
2509080V9ES23Y,รอดำเนินการ,211030382268552,2025-09-08 18:33:03,,2025-09-08 16:11:26,AP Store 5010,293419371,Preferred(Non-CB),8120477633,AP กางเกงสามส่วนสปอร์ต ผ้าระบายอากาศ เอวยางยืด เหมาะใส่ออกกำลังกาย,33920506123,Normal Product,,เสื้อผ้าผู้ชาย,กางเกงขาสั้น,,53,1,คอมมิชชั่นจากร้านค้า,,44,,1.75%,0.77,7.00%,0,0.77,0,0,0,,0,0.00%,0,100.00%,0,รอดำเนินการ,สถานะของสินค้านี้คือ อยู่ระหว่างดำเนินการ คอมมิชชั่นจะถูกคำนวณเพื่อจ่ายหลังสถานะเป็นสำเร็จแล้วเท่านั้น,คำสั่งซื้อจากร้านค้าต่างกัน,ที่มีอยู่,2599adboostco,paris,mng,m06Nasa1228,,Facebook
2509080V10W56C,รอดำเนินการ,211030099282598,2025-09-08 18:28:19,,2025-09-08 17:04:13,Rosy​ Shop,43671054,Preferred(Non-CB),23242384648,พริกแกงใต้จากจังหวัดตรัง กลุ่มเครื่องแกงนาโยง,148207205067,Normal Product,,อาหารและเครื่องดื่ม,เครื่องปรุง และส่วนผสมปรุงอาหาร,พริกแกง,70,1,คอมมิชชั่นจาก Shopee,,70,,1.75%,1.225,0.00%,0,1.225,2.625,0,2.625,,0,0.00%,0,100.00%,2.625,รอดำเนินการ,สถานะของสินค้านี้คือ อยู่ระหว่างดำเนินการ คอมมิชชั่นจะถูกคำนวณเพื่อจ่ายหลังสถานะเป็นสำเร็จแล้วเท่านั้น,คำสั่งซื้อจากร้านค้าต่างกัน,ที่มีอยู่,2599adboostco,paris,mng,m01BMavk0821,,Facebook
2509080V10W56C,รอดำเนินการ,211030099282598,2025-09-08 18:28:19,,2025-09-08 17:04:13,Rosy​ Shop,43671054,Preferred(Non-CB),23242384648,พริกแกงใต้จากจังหวัดตรัง กลุ่มเครื่องแกงนาโยง,251245995834,Normal Product,,อาหารและเครื่องดื่ม,เครื่องปรุง และส่วนผสมปรุงอาหาร,พริกแกง,80,1,คอมมิชชั่นจาก Shopee,,80,,1.75%,1.4,0.00%,0,1.4,0,0,0,,0,0.00%,0,100.00%,0,รอดำเนินการ,สถานะของสินค้านี้คือ อยู่ระหว่างดำเนินการ คอมมิชชั่นจะถูกคำนวณเพื่อจ่ายหลังสถานะเป็นสำเร็จแล้วเท่านั้น,คำสั่งซื้อจากร้านค้าต่างกัน,ที่มีอยู่,2599adboostco,paris,mng,m01BMavk0821,,Facebook
2509080UXW6G9R,รอดำเนินการ,211030028285616,2025-09-08 18:27:08,,2025-09-08 18:13:43,D_MartTH,365605178,C2C(Non-CB),8860053716,🔥ถูกสุดๆ🔥 ตาข่ายกรองเศษอาหาร ล้างผักผลไม้ กรองเศษอาหาร ตะแกรงแยกเศษอาหาร ถุงแยกอาหาร ชุดขาแขวน ถุงกรองเศษอาหาร ถุงตาข่าย,101702375368,Normal Product,,เครื่องใช้ในบ้าน,เครื่องครัว,เครื่องกรอง,49,1,คอมมิชชั่นจากร้านค้า,,49,,1.50%,0.735,8.00%,0,0.735,0.735,0,0.735,,0,0.00%,0,100.00%,0.735,รอดำเนินการ,สถานะของสินค้านี้คือ อยู่ระหว่างดำเนินการ คอมมิชชั่นจะถูกคำนวณเพื่อจ่ายหลังสถานะเป็นสำเร็จแล้วเท่านั้น,คำสั่งซื้อจากร้านค้าต่างกัน,ที่มีอยู่,2599adboostco,paris,mng,m56Fazzi0830,,Facebook
2509080UX59JJ5,ยกเลิก,211030003212212,2025-09-08 18:26:43,--,2025-09-08 14:19:55,3C.carecase,952367963,C2C(Non-CB),27737336905,เสื้อกันฝนผู้ใหญ่ เนื้อหนา มีหมวก แขนจั๊ม คละสี ยกโหล 12 ตัว,290305734336,Normal Product,,กีฬาและกิจกรรมกลางแจ้ง,อุปกรณ์เสริมสำหรับเล่นกีฬาและกิจกรรมกลางแจ้ง,เสื้อกันฝน,163,0,คอมมิชชั่นจาก Shopee,,0,130,1.75%,0,0.00%,0,0,0,0,0,,0,0.00%,0,100.00%,0,ยกเลิก,คำสั่งซื้อไม่ถูกต้อง.,คำสั่งซื้อจากร้านค้าต่างกัน,ที่มีอยู่,2599adboostco,paris,mng,m56Fazzi0830,,Facebook
2509080UUR1XX5,สำเร็จ,211029922226772,2025-09-08 18:25:22,2025-09-11 15:23:48,2025-09-08 11:23:18,GiDEE.Autopart,312143017,Preferred(Non-CB),18868896479,"แท้100% NGK (ราคา /4หัว) หัวเทียนเข็ม irridium Honda Civic FB,FC ปี12-15/HRV ปี 14-21/Accord 2.4 ปี 08-13/CRV ปี12-17",175365458850,Normal Product,,รถยนต์ อะไหล่และอุปกรณ์เสริมรถยนต์,ชิ้นส่วนอะไหล่รถยนต์,อุปกรณ์อิเล็กทรอนิกส์,1390,1,คอมมิชชั่นจากร้านค้า,,1390,,1.75%,24.325,7.00%,0,24.325,24.325,0,24.325,,0,0.00%,0,100.00%,24.325,สำเร็จ,,คำสั่งซื้อจากร้านค้าต่างกัน,ที่มีอยู่,2599adboostco,paris,mng,m02Rooftop0706,,Facebook
2509080UUHDWNE,สำเร็จ,211029915283744,2025-09-08 18:25:15,2025-09-11 07:55:41,2025-09-08 07:10:02,SWDM-HOME,1329703235,C2C(Non-CB),26025557778,ผ้าปูที่นอนกันน้ํา100% ผ้าปูที่นอน3ฟุต 3.5ฟุต 4ฟุต 5ฟุต 6ฟุต กันฝุ่น ระบายอากาศได้ ผ้าปูเสริมใย(เฉพาะผ้าปู OnlyBedsheet),208197573101,Normal Product,,เครื่องใช้ในบ้าน,ห้องนอน,ผ้าปูที่นอน,339,1,คอมมิชชั่นจากร้านค้า,,296,,1.50%,4.44,7.00%,0,4.44,4.44,0,4.44,,0,0.00%,0,100.00%,4.44,สำเร็จ,,คำสั่งซื้อจากร้านค้าต่างกัน,ที่มีอยู่,2599adboostco,paris,mng,m01Tik0803,,Facebook
2509080UU16KMD,สำเร็จ,211029898268703,2025-09-08 18:24:58,2025-09-11 19:00:09,2025-09-08 17:56:00,CathyDoll,904296383,Shopee Mall(Non-CB),19664383332,"Cathy Doll อัลตร้าไลท์ซันฟลูอิด เอสพีเอฟ50+ พีเอ++++  ขนาด 15ml,40ml,70ml",220598904470,Normal Product,,ผลิตภัณฑ์บำรุงและเสริมความงาม,ผลิตภัณฑ์บำรุงบริเวณใบหน้า,ผลิตภัณฑ์กันแดดสำหรับใบหน้า,450,1,คอมมิชชั่นจากร้านค้า,,328,,1.75%,5.74,11.00%,0,5.74,5.74,0,5.74,,0,0.00%,0,100.00%,5.74,สำเร็จ,,คำสั่งซื้อจากร้านค้าต่างกัน,ที่มีอยู่,2599adboostco,paris,mng,m01BMavk0821,,Facebook
2509080UN4BNH0,สำเร็จ,211029700240122,2025-09-08 18:21:41,2025-09-11 07:58:42,2025-09-08 16:41:44,UNION K K,53034485,C2C(Non-CB),25658447404,"HITACHI เครื่องดูดฝุ่น 2,000 วัตต์ รุ่น CV-SF20V พลังไซโคลน ( CV-975 CV-SF20V  CV-960F CV-SE22V )",246603566401,Normal Product,,เครื่องใช้ไฟฟ้าภายในบ้าน,เครื่องใช้ไฟฟ้าขนาดเล็กภายในบ้าน,เครื่องดูดฝุ่น  และ อุปกรณ์ดูแลพื้น,3259,1,คอมมิชชั่นจาก Shopee,,2607,,1.50%,39.105,0.00%,0,39.105,39.105,0,39.105,,0,0.00%,0,100.00%,39.105,สำเร็จ,,คำสั่งซื้อจากร้านค้าต่างกัน,ที่มีอยู่,2599adboostco,paris,mng,m01FahRain0805,,Facebook
2509080UKMQ7QJ,รอดำเนินการ,211029650295644,2025-09-08 18:20:50,,2025-09-08 18:14:20,Mee PRO Pet Shop,179359716,Preferred(Non-CB),16895705510,[ยกโหล] Pramy อาหารเปียกแมว (12ซอง) ทำจากปลาเนื้อขาว 100% Functional ไม่เติมเกลือ โซเดี่ยมต่ำ,234081984634,Normal Product,,สัตว์เลี้ยง,อาหารสัตว์,อาหารแมว,209,1,คอมมิชชั่นจาก Shopee,,167,,1.75%,2.9225,0.00%,0,2.9225,5.845,0,5.845,,0,0.00%,0,100.00%,5.845,รอดำเนินการ,สถานะของสินค้านี้คือ อยู่ระหว่างดำเนินการ คอมมิชชั่นจะถูกคำนวณเพื่อจ่ายหลังสถานะเป็นสำเร็จแล้วเท่านั้น,คำสั่งซื้อจากร้านค้าต่างกัน,ที่มีอยู่,2599adboostco,paris,mng,m01kaofangMeow0303,,Facebook
2509080UKMQ7QJ,รอดำเนินการ,211029650295644,2025-09-08 18:20:50,,2025-09-08 18:14:20,Mee PRO Pet Shop,179359716,Preferred(Non-CB),16895705510,[ยกโหล] Pramy อาหารเปียกแมว (12ซอง) ทำจากปลาเนื้อขาว 100% Functional ไม่เติมเกลือ โซเดี่ยมต่ำ,234081984624,Normal Product,,สัตว์เลี้ยง,อาหารสัตว์,อาหารแมว,209,1,คอมมิชชั่นจาก Shopee,,167,,1.75%,2.9225,0.00%,0,2.9225,0,0,0,,0,0.00%,0,100.00%,0,รอดำเนินการ,สถานะของสินค้านี้คือ อยู่ระหว่างดำเนินการ คอมมิชชั่นจะถูกคำนวณเพื่อจ่ายหลังสถานะเป็นสำเร็จแล้วเท่านั้น,คำสั่งซื้อจากร้านค้าต่างกัน,ที่มีอยู่,2599adboostco,paris,mng,m01kaofangMeow0303,,Facebook
2509080UDJ3TSE,ยกเลิก,211029446236337,2025-09-08 18:17:27,--,2025-09-08 05:23:49,hilux_shop,208408601,C2C(Non-CB),9611138427,กรอบไฟหน้า D4D ตาโบ๋ ตาลึก จัดเป็นเซ็ต พร้อมขายึดตรงรุ่น นำไปติดตั้งได้เลย ของใหม่ เทียบแท้ สำหรับ D4D ปี2002-2004,164161591708,Normal Product,,รถยนต์ อะไหล่และอุปกรณ์เสริมรถยนต์,ชิ้นส่วนอะไหล่รถยนต์,อุปกรณ์อิเล็กทรอนิกส์,2935,0,คอมมิชชั่นจาก Shopee,,0,2935,1.75%,0,0.00%,0,0,0,0,0,,0,0.00%,0,100.00%,0,ยกเลิก,ผู้ซื้อยกเลิกคำสั่งซื้อ.,คำสั่งซื้อจากร้านค้าต่างกัน,ที่มีอยู่,2599adboostco,paris,mng,m01FahRain0805,,Facebook
2509080UDDC1XD,รอดำเนินการ,211029441262996,2025-09-08 18:17:22,,2025-09-08 07:25:22,ครีมซองบิวตี้,204593145,C2C(Non-CB),22986555587,Smooto สมูทโตะ อโล อี แอคเน่ ไวท์ เซรั่ม โซป 60ก (กล่อง 4 ซอง ),217152763940,Normal Product,,ผลิตภัณฑ์บำรุงและเสริมความงาม,ผลิตภัณฑ์บำรุงบริเวณใบหน้า,ผลิตภัณฑ์ทำความสะอาดใบหน้า,189,1,คอมมิชชั่นจาก Shopee,,151,,1.75%,2.6425,0.00%,0,2.6425,5.285,0,5.285,,0,0.00%,0,100.00%,5.285,รอดำเนินการ,สถานะของสินค้านี้คือ อยู่ระหว่างดำเนินการ คอมมิชชั่นจะถูกคำนวณเพื่อจ่ายหลังสถานะเป็นสำเร็จแล้วเท่านั้น,คำสั่งซื้อจากร้านค้าต่างกัน,ที่มีอยู่,2599adboostco,paris,mng,m01kaofangMeow0303,,Facebook
2509080UDDC1XD,รอดำเนินการ,211029441262996,2025-09-08 18:17:22,,2025-09-08 07:25:22,ครีมซองบิวตี้,204593145,C2C(Non-CB),25251203861,Smooto สมูทโตะ โทเมโท คอลลาเจน ไวท์เทนนิ่ง เซรั่ม โซป 60ก. (กล่อง 4 ซอง),39374069156,Normal Product,,ผลิตภัณฑ์บำรุงและเสริมความงาม,ชุดแพ็กเกจผลิตภัณฑ์เสริมความงาม,,189,1,คอมมิชชั่นจาก Shopee,,151,,1.75%,2.6425,0.00%,0,2.6425,0,0,0,,0,0.00%,0,100.00%,0,รอดำเนินการ,สถานะของสินค้านี้คือ อยู่ระหว่างดำเนินการ คอมมิชชั่นจะถูกคำนวณเพื่อจ่ายหลังสถานะเป็นสำเร็จแล้วเท่านั้น,คำสั่งซื้อจากร้านค้าต่างกัน,ที่มีอยู่,2599adboostco,paris,mng,m01kaofangMeow0303,,Facebook
2509080UBQ0V1H,รอดำเนินการ,211029384272027,2025-09-08 18:16:25,,2025-09-08 16:06:30,Feiyu ร้านขายนาฬิกา,1245384215,Preferred(CB),24277286516,กันน ้ ําซิลิโคนสายนาฬิกายางรูปแบบ WatchBands 18 มม.20 มม.22 มม.24 มม.หนาข ้ อมือสร ้ อยข ้ อมือ Universal ผู ้ ชายผู ้ หญิงนาฬิ,245734373808,Normal Product,,นาฬิกา,อุปกรณ์เสริมสำหรับนาฬิกา,สายนาฬิกา,57,1,คอมมิชชั่นจากร้านค้า,,56,,1.75%,0.98,13.00%,0,0.98,0.98,0,0.98,,0,0.00%,0,100.00%,0.98,รอดำเนินการ,สถานะของสินค้านี้คือ อยู่ระหว่างดำเนินการ คอมมิชชั่นจะถูกคำนวณเพื่อจ่ายหลังสถานะเป็นสำเร็จแล้วเท่านั้น,คำสั่งซื้อจากร้านค้าต่างกัน,ที่มีอยู่,2599adboostco,paris,mng,m01FahRain0805,,Facebook
2509080U8D5XAH,รอดำเนินการ,211029273299743,2025-09-08 18:14:33,,2025-09-08 08:22:20,yodyclothesi1.th,1235488200,Preferred(CB),24577624050,โยดี้ กางเกงยีนส์ขายาวผู้หญิงทรงกระบอกเอวสูงปรี๊ดสุด QJN3076,178181026071,Normal Product,,เสื้อผ้าผู้หญิง,ผ้ายีนส์,,817,1,คอมมิชชั่นจาก Shopee,,708,,1.50%,10.62,0.00%,0,10.62,10.62,0,10.62,,0,0.00%,0,100.00%,10.62,รอดำเนินการ,สถานะของสินค้านี้คือ อยู่ระหว่างดำเนินการ คอมมิชชั่นจะถูกคำนวณเพื่อจ่ายหลังสถานะเป็นสำเร็จแล้วเท่านั้น,คำสั่งซื้อจากร้านค้าต่างกัน,ที่มีอยู่,2599adboostco,paris,mng,m01KFdika0520,,Facebook
2509080U6J2093,สำเร็จ,211029211297090,2025-09-08 18:13:31,2025-09-10 19:58:05,2025-09-08 18:05:35,YOYO earphones,1233673622,Preferred(Non-CB),41450042121,X55ชุดหูฟังนอนหลับกันน้ำ iPX5 ไมโครโฟนในตัวคุย HD คุณภาพเสียง HiFi Bone Conduction หูฟังไร้สายบลูทู ธ หูฟังสำหรับเล่นเกม,177173624638,Normal Product,,เครื่องเสียง,หูฟัง,,69,1,คอมมิชชั่นจากร้านค้า,,67,,1.50%,1.005,13.00%,0,1.005,1.005,0,1.005,,0,0.00%,0,100.00%,1.005,สำเร็จ,,คำสั่งซื้อจากร้านค้าต่างกัน,ที่มีอยู่,2599adboostco,paris,mng,m01FahRain0805,,Others
2509080U62QQU6,สำเร็จ,211029233239511,2025-09-08 18:13:16,2025-09-11 16:12:54,2025-09-08 09:22:11,CHWshop,126773576,C2C(Non-CB),42856505326,*ส่งด่วน24ชม* Buzz Beyond - 1KG อาหารแมว บัซซ์ บียอนด์ กลูเตนฟรี สำหรับแมว ทุกสายพันธุ์,285546017893,Normal Product,,สัตว์เลี้ยง,อาหารสัตว์,อาหารแมว,105,1,คอมมิชชั่นจาก Shopee,,94,,1.75%,1.645,0.00%,0,1.645,1.645,0,1.645,,0,0.00%,0,100.00%,1.645,สำเร็จ,,คำสั่งซื้อจากร้านค้าต่างกัน,ที่มีอยู่,2599adboostco,paris,mng,m01kaofangMeow0303,,Facebook
2509080U0Q3JGT,สำเร็จ,211029015269275,2025-09-08 18:10:15,2025-09-11 17:05:43,2025-09-08 17:48:15,P&M Fruit Shop,94868087,Preferred(Non-CB),24038394131,ถั่วต้ม ลายเสือ 1กิโลกรัม คัดพิเศษ fruit,176802864031,Normal Product,,อาหารและเครื่องดื่ม,อาหารสด และอาหารแช่แข็ง,ผลไม้สด,149,1,คอมมิชชั่นจากร้านค้า,,104,,1.75%,1.82,9.00%,0,1.82,1.82,0,1.82,,0,0.00%,0,100.00%,1.82,สำเร็จ,,คำสั่งซื้อจากร้านค้าต่างกัน,ที่มีอยู่,2599adboostco,paris,mng,m01kaofangMeow0303,,Facebook
2509080TVPA8TC,สำเร็จ,211028880214243,2025-09-08 18:08:00,2025-09-10 17:18:50,2025-09-08 06:04:59,The Toys-Shop,523436241,Preferred(Non-CB),16612574571,⛄BHQ⛄Penguin Trap เกมส์ทุบน้ำแข็งอย่าให้เพนกวินร่วงลงมา เกมทุบน้ำแข็ง ของเล่นเด็ก ของเล่นฝึกสมอง ของเล่นฝึกทักษะ,142703421544,Normal Product,,แม่และเด็ก,ของเล่น,ของเล่นเพื่อการศึกษา,85,1,คอมมิชชั่นจากร้านค้า,,69,,1.75%,1.2075,9.00%,0,1.2075,4.0075,0,4.0075,,0,0.00%,0,100.00%,4.0075,สำเร็จ,,คำสั่งซื้อจากร้านค้าต่างกัน,ที่มีอยู่,2599adboostco,paris,mng,m01KFdika0520,,Facebook
2509080TVPA8TC,สำเร็จ,211028880214243,2025-09-08 18:08:00,2025-09-10 17:18:50,2025-09-08 06:04:59,The Toys-Shop,523436241,Preferred(Non-CB),22070401179,👶พร้อมส่ง🧸 ของเล่นตีตัวตุ่น ของเล่นเด็ก ของเล่นเสริมพัฒนาการ ฝึกสมอง  ความสามารถในการตอบสนอง,167697465086,Normal Product,,แม่และเด็ก,ของเล่น,สไลม์และสกุชชี่,71,1,คอมมิชชั่นจาก Shopee,,60,,1.75%,1.05,0.00%,0,1.05,0,0,0,,0,0.00%,0,100.00%,0,สำเร็จ,,คำสั่งซื้อจากร้านค้าต่างกัน,ที่มีอยู่,2599adboostco,paris,mng,m01KFdika0520,,Facebook
2509080TVPA8TC,สำเร็จ,211028880214243,2025-09-08 18:08:00,2025-09-10 17:18:50,2025-09-08 06:04:59,The Toys-Shop,523436241,Preferred(Non-CB),27950426852,พร้อมส่ง ของเล่นโมเดลไดโนเสาร์ ชุดเครื่องเขียนไดโนเสาร์ 5 In 1 พร้อมกบเหลาดินสอ ไม้บรรทัดตบ สร้อยข้อมือ ยางลบ,148634209583,Normal Product,,แม่และเด็ก,ของเล่น,ของเล่นเพื่อการศึกษา,123,1,คอมมิชชั่นจาก Shopee,,100,,1.75%,1.75,0.00%,0,1.75,0,0,0,,0,0.00%,0,100.00%,0,สำเร็จ,,คำสั่งซื้อจากร้านค้าต่างกัน,ที่มีอยู่,2599adboostco,paris,mng,m01KFdika0520,,Facebook
2509080TVMEVM2,รอดำเนินการ,211028878270527,2025-09-08 18:07:59,,2025-09-08 16:09:33,King of_3C,180098577,Preferred(Non-CB),27979059184,รุ่นใหม่ ฟิล์มกระจก กันรอย เลนส์กล้อง สำหรับ ไอโฟน iPhone 16 15 Pro 14 Pro Max 14Plus 13 Pro 12 Mini 11 เลนส์กล้องไอโฟ,59530937631,Normal Product,,มือถือและอุปกรณ์เสริม,อุปกรณ์เสริม,ฟิล์มกันรอย/กระจกกันรอย,29,2,คอมมิชชั่นจากร้านค้า,,57,,1.50%,0.855,15.00%,0,0.855,0.855,0,0.855,,0,0.00%,0,100.00%,0.855,รอดำเนินการ,สถานะของสินค้านี้คือ อยู่ระหว่างดำเนินการ คอมมิชชั่นจะถูกคำนวณเพื่อจ่ายหลังสถานะเป็นสำเร็จแล้วเท่านั้น,คำสั่งซื้อจากร้านค้าต่างกัน,ที่มีอยู่,2599adboostco,paris,mng,m01kaofangMeow0303,,Facebook
2509080TTV6UGR,ยกเลิก,211028819283665,2025-09-08 18:06:59,--,2025-09-08 10:09:54,tailwags.th,1230279810,Preferred(CB),27805042756,😸พร้อมส่ง📦ที่ตักทรายแมวสแตนเลส โลหะสเตนเลส ช้อนตักทรายแม  ที่ตักอึแมว พลั่วตักอึสัตว์เลี้ยง,166567915647,Normal Product,,สัตว์เลี้ยง,ห้องน้ำและทราย,ถุงเก็บมูล และที่คีบมูล สัตว์เลี้ยง,49,0,คอมมิชชั่นจากร้านค้า,,0,49,1.75%,0,9.00%,0,0,0,0,0,,0,0.00%,0,100.00%,0,ยกเลิก,คำสั่งซื้อไม่ถูกต้อง.,คำสั่งซื้อจากร้านค้าต่างกัน,ที่มีอยู่,2599adboostco,paris,mng,m01PetKit0520,,Facebook
2509080TTB1GGP,รอดำเนินการ,211028801288438,2025-09-08 18:06:42,,2025-09-08 12:18:49,CarryMall.th,1526521989,Preferred(CB),44306611082,🐜ตายยกรัง ไม่มีมด100ปี🐜ยาฆ่ามด เหยื่อมด กำจัดมด 1 กล่อง 10 เม็ด 1 เม็ด ใช้ได้ 90 วัน ผงฆ่ามด ผงยาฆ่ามด สูตรตายยกรัง ภายใน ยาปลวก,149216423010,Normal Product,,เครื่องใช้ในบ้าน,อุปกรณ์ซักรีดและผลิตภัณฑ์ดูแลบ้าน,ผลิตภัณฑ์กำจัดแมลง,87,1,คอมมิชชั่นจากร้านค้า,,70,,1.50%,1.05,14.00%,0,1.05,1.05,0,1.05,,0,0.00%,0,100.00%,1.05,รอดำเนินการ,สถานะของสินค้านี้คือ อยู่ระหว่างดำเนินการ คอมมิชชั่นจะถูกคำนวณเพื่อจ่ายหลังสถานะเป็นสำเร็จแล้วเท่านั้น,คำสั่งซื้อจากร้านค้าต่างกัน,ที่มีอยู่,2599adboostco,paris,mng,m01KFdika0520,,Facebook
2509080TTB1GGN,รอดำเนินการ,211028801288438,2025-09-08 18:06:42,,2025-09-08 12:18:49,everything.shop06,923629812,C2C(Non-CB),26386592988,THE ANT ผงกำจัด มด ปลวก แมลงสาป ขนาด 50กรัม,285074653917,Normal Product,,เครื่องใช้ในบ้าน,อุปกรณ์ซักรีดและผลิตภัณฑ์ดูแลบ้าน,ผลิตภัณฑ์กำจัดแมลง,85,1,คอมมิชชั่นจากร้านค้า,,76,,1.50%,1.14,7.00%,0,1.14,1.14,0,1.14,,0,0.00%,0,100.00%,1.14,รอดำเนินการ,สถานะของสินค้านี้คือ อยู่ระหว่างดำเนินการ คอมมิชชั่นจะถูกคำนวณเพื่อจ่ายหลังสถานะเป็นสำเร็จแล้วเท่านั้น,คำสั่งซื้อจากร้านค้าต่างกัน,ที่มีอยู่,2599adboostco,paris,mng,m01KFdika0520,,Facebook
2509080TTB1GGM,รอดำเนินการ,211028801288438,2025-09-08 18:06:42,,2025-09-08 12:18:49,BETTER_GOOD_LIFE,61090010,Preferred(Non-CB),17397840482,กำจัดมด #ล๊อตใหม่ # ยาฆ่ามด #ยากำจัดมด # มดตายยกรังGERMANY ANT KILLER #ANT BAIT,265420627686,Normal Product,,เครื่องใช้ในบ้าน,อุปกรณ์ซักรีดและผลิตภัณฑ์ดูแลบ้าน,ผลิตภัณฑ์กำจัดแมลง,95,1,คอมมิชชั่นจากร้านค้า,,83,,1.50%,1.245,33.00%,0,1.245,1.245,0,1.245,,0,0.00%,0,100.00%,1.245,รอดำเนินการ,สถานะของสินค้านี้คือ อยู่ระหว่างดำเนินการ คอมมิชชั่นจะถูกคำนวณเพื่อจ่ายหลังสถานะเป็นสำเร็จแล้วเท่านั้น,คำสั่งซื้อจากร้านค้าต่างกัน,ที่มีอยู่,2599adboostco,paris,mng,m01KFdika0520,,Facebook
2509080TQ22ETX,รอดำเนินการ,211028691218924,2025-09-08 18:04:51,,2025-09-08 15:26:57,Natthaphon69 shop,938263843,C2C(Non-CB),22482359338,ร่มแม่ค้า 34/40/48นิ้วร่มขายของ ร่มกันแดดกันฝนเคลือบUVมี3ขนาดให้เลือก,207080242412,Normal Product,,กีฬาและกิจกรรมกลางแจ้ง,อุปกรณ์เสริมสำหรับเล่นกีฬาและกิจกรรมกลางแจ้ง,ร่ม,369,3,คอมมิชชั่นจากร้านค้า,,996,,1.75%,17.43,4.00%,0,17.43,17.43,0,17.43,,0,0.00%,0,100.00%,17.43,รอดำเนินการ,สถานะของสินค้านี้คือ อยู่ระหว่างดำเนินการ คอมมิชชั่นจะถูกคำนวณเพื่อจ่ายหลังสถานะเป็นสำเร็จแล้วเท่านั้น,คำสั่งซื้อจากร้านค้าต่างกัน,ที่มีอยู่,2599adboostco,paris,mng,m06Nasa1228,,Facebook
2509080TNXSHK0,ยกเลิก,211028654227210,2025-09-08 18:04:14,--,2025-09-08 17:12:44,little.clothest,161700248,C2C(Non-CB),24666238212,Blossom dress โทนสีใหม่,240397539578,Normal Product,,เสื้อผ้าผู้หญิง,เดรส,,460,0,คอมมิชชั่นจาก Shopee,,0,414,1.50%,0,0.00%,0,0,0,0,0,,0,0.00%,0,100.00%,0,ยกเลิก,คำสั่งซื้อไม่ถูกต้อง.,คำสั่งซื้อจากร้านค้าต่างกัน,ที่มีอยู่,2599adboostco,paris,mng,m01YPf0821,,Facebook
2509080THSB83G,รอดำเนินการ,211028514298369,2025-09-08 18:01:54,,2025-09-08 15:51:53,Boqi  Factory,101426295,Preferred(Non-CB),1842756151,Boqi factory แบตตาเลียนตัคขนสุนัขTife รุ่น TP2280เเบบไร้สาย สำหรับตัดขนน้องหมาแมวให้ได้ทรงสวย ตัดขนสุนัขที่บ้านด้วบแบตตา,72144454295,Normal Product,,สัตว์เลี้ยง,อุปกรณ์ทำความสะอาดและตกแต่งขน,อุปกรณ์ดูแลขนสัตว์เลี้ยง,349,1,คอมมิชชั่นจากร้านค้า,,279,,1.75%,4.8825,7.00%,0,4.8825,4.8825,0,4.8825,,0,0.00%,0,100.00%,4.8825,รอดำเนินการ,สถานะของสินค้านี้คือ อยู่ระหว่างดำเนินการ คอมมิชชั่นจะถูกคำนวณเพื่อจ่ายหลังสถานะเป็นสำเร็จแล้วเท่านั้น,คำสั่งซื้อจากร้านค้าต่างกัน,ที่มีอยู่,2599adboostco,paris,mng,m02Rooftop0706,,Facebook
2509080TA81PUR,รอดำเนินการ,211028261274214,2025-09-08 17:57:42,,2025-09-08 07:59:12,chutima.online,62467035,Preferred(Non-CB),3819764915,(1 ขวด) แชมพู/ ครีมนวดผม แคร์บิว แฟนตาซี บิวตี้ Carebeau Fantasy Beauty Shampoo/ Conditioner 1000 ml.,14535627470,Normal Product,,ผลิตภัณฑ์บำรุงและเสริมความงาม,ผลิตภัณฑ์ดูแลผม,แชมพู,50,1,คอมมิชชั่นจาก Shopee,,50,,1.75%,0.875,0.00%,0,0.875,0.875,0,0.875,,0,0.00%,0,100.00%,0.875,รอดำเนินการ,สถานะของสินค้านี้คือ อยู่ระหว่างดำเนินการ คอมมิชชั่นจะถูกคำนวณเพื่อจ่ายหลังสถานะเป็นสำเร็จแล้วเท่านั้น,คำสั่งซื้อจากร้านค้าต่างกัน,ที่มีอยู่,2599adboostco,paris,mng,m01jjshop0803,,Facebook
2509080T2UHS0T,สำเร็จ,211028013297934,2025-09-08 17:53:33,2025-09-11 13:00:15,2025-09-08 07:45:59,CCR AUTO EXPERT,369834301,Preferred(Non-CB),18501483701,ใบปัดน้ำฝน คู่หน้า Bosch Clear Advantage frameless ก้านอ่อน ขนาด 18”+26” สำหรับรถ Honda Civic FC/FK ปี 2016-2020,116559785202,Normal Product,,รถยนต์ อะไหล่และอุปกรณ์เสริมรถยนต์,ชิ้นส่วนอะไหล่รถยนต์,ที่ปัดน้ำฝน และตัวชะล้าง,320,1,คอมมิชชั่นจาก Shopee,,256,,1.75%,4.48,0.00%,0,4.48,4.48,0,4.48,,0,0.00%,0,100.00%,4.48,สำเร็จ,,คำสั่งซื้อจากร้านค้าต่างกัน,ที่มีอยู่,2599adboostco,paris,mng,m01FahRain0805,,Facebook
2509080SV7SN6X,รอดำเนินการ,211027813227191,2025-09-08 17:49:51,,2025-09-08 17:45:36,auto_carmotor,264447753,Preferred(Non-CB),26373744302,บล็อกถอดล้อ (อัดแผง) ขันล้อ ตัวแอล อุปกรณ์ประแจขันน็อตล้อรถ บล็อกถอดล้อตัวแอล พร้อมลูกบล็อก 17 19 21 23 สินค้าพร้อมส่ง,178667070014,Normal Product,,เครื่องใช้ในบ้าน,เครื่องมือและอุปกรณ์ปรับปรุงบ้าน,เครื่องมือช่าง,115,1,คอมมิชชั่นจากร้านค้า,,98,,1.50%,1.47,10.00%,0,1.47,1.47,0,1.47,,0,0.00%,0,100.00%,1.47,รอดำเนินการ,สถานะของสินค้านี้คือ อยู่ระหว่างดำเนินการ คอมมิชชั่นจะถูกคำนวณเพื่อจ่ายหลังสถานะเป็นสำเร็จแล้วเท่านั้น,คำสั่งซื้อจากร้านค้าต่างกัน,ที่มีอยู่,2599adboostco,paris,mng,m56ProwaVDO0905,,Facebook
2509080SQ6JPB7,รอดำเนินการ,211027622206859,2025-09-08 17:47:02,,2025-09-08 16:08:48,Peachbaby,208763473,Preferred(Non-CB),42208969566,[สินค้าขายดี]โฟร์โมสต์ โอเมก้า 369 รสจืด 180มล  Foremost Omega 369 Plain 180ml (นมกล่องUHT),99207372232,Normal Product,,อาหารและเครื่องดื่ม,ผลิตภัณฑ์นม เนย และไข่,นม,799,1,คอมมิชชั่นจาก Shopee,,639,,1.75%,11.1825,0.00%,0,11.1825,11.1825,0,11.1825,,0,0.00%,0,100.00%,11.1825,รอดำเนินการ,สถานะของสินค้านี้คือ อยู่ระหว่างดำเนินการ คอมมิชชั่นจะถูกคำนวณเพื่อจ่ายหลังสถานะเป็นสำเร็จแล้วเท่านั้น,คำสั่งซื้อจากร้านค้าต่างกัน,ที่มีอยู่,2599adboostco,paris,mng,m01KFdika0520,,Facebook
2509080SMHS6AS,ยกเลิก,211027533288183,2025-09-08 17:45:34,--,2025-09-08 08:11:48,G-M-K,1280943176,C2C(Non-CB),40653067185,ถ้วยดูดสูญญากาศ อุปกรณ์เสริมรถยนต์ ตั้งแคมป์ เต็นท์ ผ้าใบ สมอ กันสาด ด้านข้าง กลางแจ้ง เครื่องมือตั้งแคมป์ G3342,39915354124,Normal Product,,กีฬาและกิจกรรมกลางแจ้ง,อุปกรณ์เล่นกีฬาและกิจกรรมกลางแจ้ง,อุปกรณ์ตั้งแคมป์และเดินป่า,22,0,คอมมิชชั่นจาก Shopee,,0,41,1.75%,0,0.00%,0,0,0,0,0,,0,0.00%,0,100.00%,0,ยกเลิก,ผู้ขายยกเลิกคำสั่งซื้อ.,คำสั่งซื้อจากร้านค้าต่างกัน,ที่มีอยู่,2599adboostco,paris,mng,m02Rooftop0706,,Facebook
2509080SMHS6AS,ยกเลิก,211027533288183,2025-09-08 17:45:34,--,2025-09-08 08:11:48,G-M-K,1280943176,C2C(Non-CB),40653067185,ถ้วยดูดสูญญากาศ อุปกรณ์เสริมรถยนต์ ตั้งแคมป์ เต็นท์ ผ้าใบ สมอ กันสาด ด้านข้าง กลางแจ้ง เครื่องมือตั้งแคมป์ G3342,49565392617,Normal Product,,กีฬาและกิจกรรมกลางแจ้ง,อุปกรณ์เล่นกีฬาและกิจกรรมกลางแจ้ง,อุปกรณ์ตั้งแคมป์และเดินป่า,22,0,คอมมิชชั่นจาก Shopee,,0,21,1.75%,0,0.00%,0,0,0,0,0,,0,0.00%,0,100.00%,0,ยกเลิก,ผู้ขายยกเลิกคำสั่งซื้อ.,คำสั่งซื้อจากร้านค้าต่างกัน,ที่มีอยู่,2599adboostco,paris,mng,m02Rooftop0706,,Facebook
2509080SMD0B8D,รอดำเนินการ,211027528277946,2025-09-08 17:45:29,,2025-09-08 11:14:49,MantraWay.th,1506704955,Preferred(CB),40767462026,100/200/300ชิ้น แผ่นล้างเครื่องสําอางแบบวงกลมแบบใช้แล้วทิ้ง / ผ้าฝ้ายแบบใช้คู่แบบแห้งและเปียก / การดูแล ผ้าเช็ดทําความสะอาดผิวหน,243857500816,Normal Product,0_362981867601935_1,ผลิตภัณฑ์บำรุงและเสริมความงาม,เครื่องมือแต่งหน้า,อุปกรณ์แต่งหน้า,71,2,คอมมิชชั่นจากร้านค้า,,114,,1.75%,1.995,7.00%,0,1.995,1.995,0,1.995,,0,0.00%,0,100.00%,1.995,รอดำเนินการ,สถานะของสินค้านี้คือ อยู่ระหว่างดำเนินการ คอมมิชชั่นจะถูกคำนวณเพื่อจ่ายหลังสถานะเป็นสำเร็จแล้วเท่านั้น,คำสั่งซื้อจากร้านค้าต่างกัน,ที่มีอยู่,2599adboostco,paris,mng,m01Tik0803,,Facebook
2509080S7E2WWP,รอดำเนินการ,211027093207645,2025-09-08 17:38:13,,2025-09-08 10:19:44,Kobeni Official Store,1147344210,Shopee Mall(Non-CB),27453408529,⭐KOBENI⭐กางเกงเก็บพุง กระชับก้น รุ่น Seamless Classic ทรง High Waist Shorts เก็บพุง เอวสูง กันม้วน เรียบเนียน,157351796713,Normal Product,321955639525959_0_0,เสื้อผ้าผู้หญิง,ชุดชั้นใน,ชุดกระชับสัดส่วน,179,1,คอมมิชชั่นจากร้านค้า,,128,,1.50%,1.92,7.00%,0,1.92,1.92,0,1.92,,0,0.00%,0,100.00%,1.92,รอดำเนินการ,สถานะของสินค้านี้คือ อยู่ระหว่างดำเนินการ คอมมิชชั่นจะถูกคำนวณเพื่อจ่ายหลังสถานะเป็นสำเร็จแล้วเท่านั้น,คำสั่งซื้อจากร้านค้าต่างกัน,ที่มีอยู่,2599adboostco,paris,mng,m01KFdika0520,,Facebook
2509080S7E2WWP,รอดำเนินการ,211027093207645,2025-09-08 17:38:13,,2025-09-08 10:19:44,Kobeni Official Store,1147344210,Shopee Mall(Non-CB),29366698676,⭐KOBENI⭐ยางรัดผมลายการ์ตูน ยางรัดผมผ้ายืด มีความยืดหยุ่นสูง เครื่องประดับผม สไตล์เกาหลี หวานน่ารัก -1Pcs ส่งแบบสุ่ม,246963085959,Normal Product,321955639525959_0_0,เครื่องประดับ,เครื่องประดับผม,ยางรัดผม & โบว์ผูกผม,0,1,คอมมิชชั่นจาก Shopee,,0,,1.75%,0,0.00%,0,0,0,0,0,,0,0.00%,0,100.00%,0,รอดำเนินการ,สถานะของสินค้านี้คือ อยู่ระหว่างดำเนินการ คอมมิชชั่นจะถูกคำนวณเพื่อจ่ายหลังสถานะเป็นสำเร็จแล้วเท่านั้น,คำสั่งซื้อจากร้านค้าต่างกัน,ที่มีอยู่,2599adboostco,paris,mng,m01KFdika0520,,Facebook
2509080S7E2WWN,รอดำเนินการ,211027093207645,2025-09-08 17:38:13,,2025-09-08 10:19:44,COSRX Official store,134962775,Shopee Mall(CB),26602729843,[COSRX OFFICIAL] Ultra-Light Invisible Sunscreen SPF50 PA ++++ 50ml. กันแดด อัลตร้า-ไลท์อินวิซิเบิล ซันสกรีน เอสพีเอฟ50 พีเอ++++,39433147816,Normal Product,,ผลิตภัณฑ์บำรุงและเสริมความงาม,ผลิตภัณฑ์บำรุงบริเวณใบหน้า,ผลิตภัณฑ์กันแดดสำหรับใบหน้า,340,2,คอมมิชชั่นจากร้านค้า,,488,,1.75%,8.54,10.00%,0,8.54,8.54,0,8.54,,0,0.00%,0,100.00%,8.54,รอดำเนินการ,สถานะของสินค้านี้คือ อยู่ระหว่างดำเนินการ คอมมิชชั่นจะถูกคำนวณเพื่อจ่ายหลังสถานะเป็นสำเร็จแล้วเท่านั้น,คำสั่งซื้อจากร้านค้าต่างกัน,ที่มีอยู่,2599adboostco,paris,mng,m01KFdika0520,,Facebook
2509080S6P98F0,สำเร็จ,211027068244082,2025-09-08 17:37:49,2025-09-11 09:01:34,2025-09-08 08:42:16,MOTOWOLF MALL,217215188,Shopee Mall(Non-CB),24825841341,Rider89 ถุงมือ กันแดด ขับรถมอเตอร์ไซค์ แบบบาง 3ไซส์การใช้งาน,29788968078,Normal Product,,รถมอเตอร์ไซค์ อะไหล่และอุปกรณ์เสริมมอเตอร์ไซค์,หมวกกันน็อคและอุปกรณ์สวมใส่สำหรับขับขี่,,99,1,คอมมิชชั่นจากร้านค้า,,99,,1.75%,1.7325,7.00%,0,1.7325,1.7325,0,1.7325,,0,0.00%,0,100.00%,1.7325,สำเร็จ,,คำสั่งซื้อจากร้านค้าต่างกัน,ที่มีอยู่,2599adboostco,paris,mng,m01KFdika0520,,Facebook
2509080S6CRM35,สำเร็จ,211027058264780,2025-09-08 17:37:38,2025-09-11 15:11:24,2025-09-08 14:09:07,Mizu.shopp,102788036,Preferred(Non-CB),25929452038,☀️พร้อมส่ง☀️ โฟมรองในหมวกฟาส รองในหมวกแค็บบร้า Helmet Pads Set อุปกรณ์ทหาร,255794078597,Normal Product,,รถมอเตอร์ไซค์ อะไหล่และอุปกรณ์เสริมมอเตอร์ไซค์,หมวกกันน็อคและอุปกรณ์สวมใส่สำหรับขับขี่,,199,1,คอมมิชชั่นจาก Shopee,,199,,1.75%,3.4825,0.00%,0,3.4825,3.4825,0,3.4825,,0,0.00%,0,100.00%,3.4825,สำเร็จ,,คำสั่งซื้อจากร้านค้าต่างกัน,ที่มีอยู่,2599adboostco,paris,mng,m01KFdika0520,,Facebook
2509080S2B0ECV,รอดำเนินการ,211026922203539,2025-09-08 17:35:22,,2025-09-08 09:29:08,ATC Michelin Accessories TH,786242394,Shopee Mall(Non-CB),25180385364,MICHELIN ใบปัดน้ำฝนโครงเหล็ก แพ็คคู่ U-HOOK RainForce Wiper Blade (twin pack),195098316747,Normal Product,,รถยนต์ อะไหล่และอุปกรณ์เสริมรถยนต์,ชิ้นส่วนอะไหล่รถยนต์,ที่ปัดน้ำฝน และตัวชะล้าง,358,1,คอมมิชชั่นจากร้านค้า,,254,,1.75%,4.445,7.00%,17.78,22.225,4.445,17.78,22.225,,0,0.00%,0,100.00%,22.225,รอดำเนินการ,สถานะของสินค้านี้คือ อยู่ระหว่างดำเนินการ คอมมิชชั่นจะถูกคำนวณเพื่อจ่ายหลังสถานะเป็นสำเร็จแล้วเท่านั้น,สั่งซื้อในร้านค้าเดียวกัน,ที่มีอยู่,2599adboostco,paris,mng,m01FahRain0805,,Facebook
2509080RW7YWWE,รอดำเนินการ,211026751269406,2025-09-08 17:32:32,,2025-09-08 11:21:10,บ้านตรีเนตร,7560135,C2C(Non-CB),19087597883,กาแฟเพื่อสุขภาพไลโคปีน เบาหวาน ความดัน สมอง โรคประจำตัวทานได้,157301953200,Normal Product,,อาหารและเครื่องดื่ม,เครื่องดื่ม,กาแฟ,332,1,คอมมิชชั่นจาก Shopee,,298,,1.75%,5.215,0.00%,0,5.215,5.215,0,5.215,,0,0.00%,0,100.00%,5.215,รอดำเนินการ,สถานะของสินค้านี้คือ อยู่ระหว่างดำเนินการ คอมมิชชั่นจะถูกคำนวณเพื่อจ่ายหลังสถานะเป็นสำเร็จแล้วเท่านั้น,คำสั่งซื้อจากร้านค้าต่างกัน,ที่มีอยู่,2599adboostco,paris,mng,m01jjshop0803,,Facebook
2509080RVBC30Q,รอดำเนินการ,211026721256685,2025-09-08 17:32:01,,2025-09-08 14:22:32,House of Hardware อุปกรณ์ก่อสร้าง เครื่องมือช่าง,11758906,Preferred(Non-CB),5877624005,เกลียวปล่อยดำ สกรูไดร์วอลล์ บรรจุ 1.5 กิโลกรัม,33589195317,Normal Product,,เครื่องใช้ในบ้าน,เครื่องมือและอุปกรณ์ปรับปรุงบ้าน,วัสดุก่อสร้าง,110,1,คอมมิชชั่นจาก Shopee,,99,,1.50%,1.485,0.00%,0,1.485,1.485,0,1.485,,0,0.00%,0,100.00%,1.485,รอดำเนินการ,สถานะของสินค้านี้คือ อยู่ระหว่างดำเนินการ คอมมิชชั่นจะถูกคำนวณเพื่อจ่ายหลังสถานะเป็นสำเร็จแล้วเท่านั้น,คำสั่งซื้อจากร้านค้าต่างกัน,ที่มีอยู่,2599adboostco,paris,mng,m01FahRain0805,,Facebook
2509080RS69B5P,รอดำเนินการ,211026615263121,2025-09-08 17:30:16,,2025-09-08 17:28:10,zm.biker8,1067869574,C2C(Non-CB),42304225849,ที่ปิดซอกเบาะ แถบเติมช่องว่างที่นั่งในรถ 1คู่ ซ้ายขวาเบาะรถยนต์ เติมช่องว่าง ป้องกันการตก ติดตั้งแน่นหนา ,139384711842,Normal Product,,รถยนต์ อะไหล่และอุปกรณ์เสริมรถยนต์,อุปกรณ์เสริมภายในรถยนต์,ที่วางและเก็บของในรถยนต์,31,1,คอมมิชชั่นจากร้านค้า,,24,,1.75%,0.42,7.00%,0,0.42,0.42,0,0.42,,0,0.00%,0,100.00%,0.42,รอดำเนินการ,สถานะของสินค้านี้คือ อยู่ระหว่างดำเนินการ คอมมิชชั่นจะถูกคำนวณเพื่อจ่ายหลังสถานะเป็นสำเร็จแล้วเท่านั้น,คำสั่งซื้อจากร้านค้าต่างกัน,ที่มีอยู่,2599adboostco,paris,mng,m01FahRain0805,,Others
2509080RQD1TD3,รอดำเนินการ,211026578272302,2025-09-08 17:29:16,,2025-09-08 09:14:19,หมอไทยทำเอง,67760784,Preferred(Non-CB),22980389130,สเปรย์สมุนไพร จัดการเห็บหมัด Ticks Fleas ขี้เรื้อนสุนัข แมว เชื้อรา ขนร่วง คันเกา ยีสต์ (มี อย ถูกต้อง) หมอไทยทำเอง,232029608582,Normal Product,,สัตว์เลี้ยง,ผลิตภัณฑ์ดูแลสุขภาพสัตว์เลี้ยง,ผลิตภัณฑ์ป้องกันหมัดและเห็บ,139,1,คอมมิชชั่นจากร้านค้า,,125,,1.75%,2.1875,10.00%,0,2.1875,2.1875,0,2.1875,,0,0.00%,0,100.00%,2.1875,รอดำเนินการ,สถานะของสินค้านี้คือ อยู่ระหว่างดำเนินการ คอมมิชชั่นจะถูกคำนวณเพื่อจ่ายหลังสถานะเป็นสำเร็จแล้วเท่านั้น,คำสั่งซื้อจากร้านค้าต่างกัน,ที่มีอยู่,2599adboostco,paris,mng,m01kaofangMeow0303,,Facebook
2509080RFUSAQJ,รอดำเนินการ,211026302265808,2025-09-08 17:25:02,,2025-09-08 17:04:41,Hello Polo,943456793,Shopee Mall(Non-CB),40151761684,Hello Polo รองเท้าหัวโตผู้หญิง รองเท้าแตะผู้หญิงแฟชั่น พื้นหนานุ่ม แบบรัดส้น ลำลอง กันลื่น วัสดุEVA ส้นหนา 5.5 ซม HP8050,248443597064,Normal Product,,รองเท้าผู้หญิง,รองเท้าแตะ,รองเท้าแตะส้นแบน,139,1,คอมมิชชั่นจากร้านค้า,,119,,2.00%,2.38,11.00%,0,2.38,2.38,0,2.38,,0,0.00%,0,100.00%,2.38,รอดำเนินการ,สถานะของสินค้านี้คือ อยู่ระหว่างดำเนินการ คอมมิชชั่นจะถูกคำนวณเพื่อจ่ายหลังสถานะเป็นสำเร็จแล้วเท่านั้น,คำสั่งซื้อจากร้านค้าต่างกัน,ที่มีอยู่,2599adboostco,paris,mng,m01Tik0803,,Facebook
2509080RDVUCRT,รอดำเนินการ,211026236265333,2025-09-08 17:23:56,,2025-09-08 05:17:26,Bake all day,1082210488,C2C(Non-CB),18494055827,บราวนี่  เซ็ท 50 ชิ้น ขนาด 4*4 ซม. ส่งฟรี,176141725970,Normal Product,,อาหารและเครื่องดื่ม,เบเกอรี่,ขนมอบ,165,1,คอมมิชชั่นจากร้านค้า,,148,,1.75%,2.59,8.00%,0,2.59,2.59,0,2.59,,0,0.00%,0,100.00%,2.59,รอดำเนินการ,สถานะของสินค้านี้คือ อยู่ระหว่างดำเนินการ คอมมิชชั่นจะถูกคำนวณเพื่อจ่ายหลังสถานะเป็นสำเร็จแล้วเท่านั้น,คำสั่งซื้อจากร้านค้าต่างกัน,ที่มีอยู่,2599adboostco,paris,mng,m01KFdika0520,,Facebook
2509080RA6KYUT,รอดำเนินการ,211026112297007,2025-09-08 17:21:52,,2025-09-08 08:07:17,MOONnineone,348902359,C2C(CB),29811308032,ขอบโต๊ะซิลิโคนป้องกันการชนขอบโต๊ะสำหรับเด็ก ขอบโต๊ะซิลิโคนป้องกันการชนขอบโต๊ะสำหรับเด็ก ขอบโต๊ะนิ่มเพื่อความปลอดภัยของเด็ก TH,195391606778,Normal Product,,แม่และเด็ก,อุปกรณ์ดูแลความปลอดภัยเด็ก,อุปกรณ์กันกระแทกมุมโต๊ะ,22,2,คอมมิชชั่นจากร้านค้า,,40,,1.75%,0.7,7.00%,0,0.7,1.3825,0,1.3825,,0,0.00%,0,100.00%,1.3825,รอดำเนินการ,สถานะของสินค้านี้คือ อยู่ระหว่างดำเนินการ คอมมิชชั่นจะถูกคำนวณเพื่อจ่ายหลังสถานะเป็นสำเร็จแล้วเท่านั้น,คำสั่งซื้อจากร้านค้าต่างกัน,ที่มีอยู่,2599adboostco,paris,mng,m01kaofangMeow0303,,Facebook
2509080RA6KYUT,รอดำเนินการ,211026112297007,2025-09-08 17:21:52,,2025-09-08 08:07:17,MOONnineone,348902359,C2C(CB),29811308032,ขอบโต๊ะซิลิโคนป้องกันการชนขอบโต๊ะสำหรับเด็ก ขอบโต๊ะซิลิโคนป้องกันการชนขอบโต๊ะสำหรับเด็ก ขอบโต๊ะนิ่มเพื่อความปลอดภัยของเด็ก TH,195391606779,Normal Product,,แม่และเด็ก,อุปกรณ์ดูแลความปลอดภัยเด็ก,อุปกรณ์กันกระแทกมุมโต๊ะ,22,2,คอมมิชชั่นจากร้านค้า,,39,,1.75%,0.6825,7.00%,0,0.6825,0,0,0,,0,0.00%,0,100.00%,0,รอดำเนินการ,สถานะของสินค้านี้คือ อยู่ระหว่างดำเนินการ คอมมิชชั่นจะถูกคำนวณเพื่อจ่ายหลังสถานะเป็นสำเร็จแล้วเท่านั้น,คำสั่งซื้อจากร้านค้าต่างกัน,ที่มีอยู่,2599adboostco,paris,mng,m01kaofangMeow0303,,Facebook
2509080R5EXKXR,รอดำเนินการ,211025953251660,2025-09-08 17:19:13,,2025-09-08 16:47:51,TrendSir-100% Cotton T-shirt,874244879,Preferred(CB),23013742731,TrendSir😀พร้อมส่ง เสื้อยืดแขนสั้น ผ้าฝ้าย ขนาดใหญ่ โอเวอร์ไซซ์ 8 สี แฟชั่นสไตล์เกาหลี ไซซ์ M-3Xl 100 alphabettshirt,230602157612,Normal Product,,เสื้อผ้าผู้หญิง,เสื้อ,เสื้อยืด,114,1,ดีลพิเศษเฉพาะคุณ,,102,,1.50%,1.53,17.00%,0,1.53,1.53,0,1.53,,0,0.00%,0,100.00%,1.53,รอดำเนินการ,สถานะของสินค้านี้คือ อยู่ระหว่างดำเนินการ คอมมิชชั่นจะถูกคำนวณเพื่อจ่ายหลังสถานะเป็นสำเร็จแล้วเท่านั้น,คำสั่งซื้อจากร้านค้าต่างกัน,ที่มีอยู่,2599adboostco,paris,mng,m01BMavk0821,,Facebook
2509080R01BBGP,สำเร็จ,211025771227839,2025-09-08 17:16:11,2025-09-10 17:18:08,2025-09-08 12:20:13,PROFILM,237954961,Preferred(Non-CB),20478849540,สเปรย์เคลือบเงา พรีเมี่ยม เคลือบพลาสติก เคลือบสีรถ เคลือบยางดำ เคลือบเบาะคอนโซล PROWAX PREMIUMWAX,127554691922,Normal Product,,รถยนต์ อะไหล่และอุปกรณ์เสริมรถยนต์,ผลิตภัณฑ์ดูแลรถยนต์,ผลิตภัณฑ์ล้างและเคลือบเงารถยนต์,219,1,คอมมิชชั่นจากร้านค้า,,197,,1.75%,3.4475,20.00%,39.4,42.8475,3.4475,39.4,42.8475,,0,0.00%,0,100.00%,42.8475,สำเร็จ,,สั่งซื้อในร้านค้าเดียวกัน,ที่มีอยู่,2599adboostco,paris,mng,m56ProwaVDO0905,,Facebook
2509080QWFAJ3G,รอดำเนินการ,211025685211829,2025-09-08 17:14:45,,2025-09-08 16:16:46,P.J.Spare part,35054944,C2C(Non-CB),42010365655,"ประกับใบ ล็อคใบ หินเจียร 4นิ้ว GWS5-100 6-100 7-100 8-100 060 BOSCH จานรอง น็อตล็อคเครื่องขัด 4"" บอช",270871170251,Normal Product,,เครื่องใช้ในบ้าน,เครื่องมือและอุปกรณ์ปรับปรุงบ้าน,เครื่องมือช่าง,35,1,คอมมิชชั่นจาก Shopee,,35,,1.50%,0.525,0.00%,0,0.525,0.525,0,0.525,,0,0.00%,0,100.00%,0.525,รอดำเนินการ,สถานะของสินค้านี้คือ อยู่ระหว่างดำเนินการ คอมมิชชั่นจะถูกคำนวณเพื่อจ่ายหลังสถานะเป็นสำเร็จแล้วเท่านั้น,คำสั่งซื้อจากร้านค้าต่างกัน,ที่มีอยู่,2599adboostco,paris,mng,m01Tik0803,,Facebook
2509080QSXTGNE,รอดำเนินการ,211025567241034,2025-09-08 17:12:48,,2025-09-08 17:10:01,geekthink003.th,1224110339,Preferred(CB),28168910201,สายนาฬิกาหนัง 12/14/16/18/20/22/24 มม. สายนาฬิกาเหล็กขาหัวเข็มขัดคุณภาพสูงเข็มขัดสร้อยข้อมือ,49842622057,Normal Product,,นาฬิกา,อุปกรณ์เสริมสำหรับนาฬิกา,สายนาฬิกา,68,1,คอมมิชชั่นจากร้านค้า,,66,,1.75%,1.155,7.00%,0,1.155,1.155,0,1.155,,0,0.00%,0,100.00%,1.155,รอดำเนินการ,สถานะของสินค้านี้คือ อยู่ระหว่างดำเนินการ คอมมิชชั่นจะถูกคำนวณเพื่อจ่ายหลังสถานะเป็นสำเร็จแล้วเท่านั้น,คำสั่งซื้อจากร้านค้าต่างกัน,ที่มีอยู่,2599adboostco,paris,mng,m01KFdika0520,,Facebook
2509080QS0BE7G,รอดำเนินการ,211025535292309,2025-09-08 17:12:15,,2025-09-08 08:32:47,SunProduct STORE,93385307,C2C(Non-CB),24203661988,!!!สุดคุ้ม กล่องลัง กล่องกระดาษลูกฟูก กล่องขนย้าย ลังกระดาษ ลังขนของ หนา5ชั้น มือสอง สภาพดี แข็งแรง ราคาถูก ราคาต่อใบ,168928476540,Normal Product,,เครื่องเขียน,อุปกรณ์ห่อของขวัญ,กล่องกระดาษ,39,10,คอมมิชชั่นจากร้านค้า,,351,,1.75%,6.1425,4.00%,0,6.1425,6.1425,0,6.1425,,0,0.00%,0,100.00%,6.1425,รอดำเนินการ,สถานะของสินค้านี้คือ อยู่ระหว่างดำเนินการ คอมมิชชั่นจะถูกคำนวณเพื่อจ่ายหลังสถานะเป็นสำเร็จแล้วเท่านั้น,คำสั่งซื้อจากร้านค้าต่างกัน,ที่มีอยู่,2599adboostco,paris,mng,m56Fazzi0830,,Facebook
2509080QMCGAUS,ยกเลิก,211025380261936,2025-09-08 17:09:41,--,2025-09-08 16:58:08,naffstationery,65779202,Preferred(Non-CB),29073750961,กระดาษร้อยปอนด์ กระดาษวาดเขียน RNS ขนาด A4 200 แกรม (แพ็ค 10 แผ่น/50 แผ่น),188205503836,Normal Product,,เครื่องเขียน,สมุดโน๊ตและกระดาษ,กระดาษและกระดาษศิลปะ,109,0,คอมมิชชั่นจาก Shopee,,0,98,1.75%,0,0.00%,0,0,0,0,0,,0,0.00%,0,100.00%,0,ยกเลิก,คำสั่งซื้อไม่ถูกต้อง.,คำสั่งซื้อจากร้านค้าต่างกัน,ที่มีอยู่,2599adboostco,paris,mng,m56Fazzi0830,,Facebook
2509080QK78W88,สำเร็จ,211025341220061,2025-09-08 17:09:01,2025-09-11 12:54:19,2025-09-06 12:51:30,น้ำพริกฟาร์มปูดองชลบุรี,18547108,C2C(Non-CB),25644462998,คู่ฟิน น้ำพริกโคตรเนื้อปู + น้ำพริกมันปู เผ็ดน้อย เซ็ตฮิตขายดี,216026594675,Normal Product,,อาหารและเครื่องดื่ม,อาหารสำเร็จรูป,อาหารปรุงสุก และอาหารพร้อมทาน,185,1,คอมมิชชั่นจาก Shopee,,166,,1.75%,2.905,0.00%,0,2.905,2.905,0,2.905,,0,0.00%,0,100.00%,2.905,สำเร็จ,,คำสั่งซื้อจากร้านค้าต่างกัน,ที่มีอยู่,2599adboostco,paris,mng,m01jjshop0803,,Facebook
2509080QDRSGY6,รอดำเนินการ,211025158270237,2025-09-08 17:05:59,,2025-09-08 05:09:44,rainbowray_,1502749587,C2C(Non-CB),42208122374,🚀สายรัดกระเป๋าเดินทางแบบยืดหยุ่น ปรับกระเป๋าเดินทาง เอนกประสงค์ สายรัดกระเป๋า ปลดปล่อยมือใน 3 วิ,275685412811,Normal Product,,กระเป๋าเดินทาง,อุปกรณ์เสริมสำหรับเดินทาง,สายรัดกระเป๋าเดินทาง,18,4,คอมมิชชั่นจากร้านค้า,,64,,2.00%,1.28,7.00%,0,1.28,1.28,0,1.28,,0,0.00%,0,100.00%,1.28,รอดำเนินการ,สถานะของสินค้านี้คือ อยู่ระหว่างดำเนินการ คอมมิชชั่นจะถูกคำนวณเพื่อจ่ายหลังสถานะเป็นสำเร็จแล้วเท่านั้น,คำสั่งซื้อจากร้านค้าต่างกัน,ที่มีอยู่,2599adboostco,paris,mng,m02Rooftop0706,,Facebook
2509080QCCW51E,สำเร็จ,211025112259883,2025-09-08 17:05:13,2025-09-11 20:28:51,2025-09-08 08:06:37,Chok Chai Store,824819223,Preferred(Non-CB),25944340428,Chok ลูกเหม็นไล่หนู ไล่หนู เบือหนู แรงๆ แห้ง 5 เม็ด / 10 เม็ด ต่อถุง Anti Rat Tool,39552904747,Normal Product,0_334322867831006_1,เครื่องใช้ในบ้าน,อุปกรณ์ซักรีดและผลิตภัณฑ์ดูแลบ้าน,ผลิตภัณฑ์กำจัดแมลง,13.76666,1,คอมมิชชั่นจากร้านค้า,,13.76666,,1.50%,0.20649,7.00%,0,0.20649,0.85498,0,0.85498,,0,0.00%,0,100.00%,0.85498,สำเร็จ,,คำสั่งซื้อจากร้านค้าต่างกัน,ที่มีอยู่,2599adboostco,paris,mng,m01BMavk0821,,Facebook
2509080QCCW51E,สำเร็จ,211025112259883,2025-09-08 17:05:13,2025-09-11 20:28:51,2025-09-08 08:06:37,Chok Chai Store,824819223,Preferred(Non-CB),25944340428,Chok ลูกเหม็นไล่หนู ไล่หนู เบือหนู แรงๆ แห้ง 5 เม็ด / 10 เม็ด ต่อถุง Anti Rat Tool,39552904748,Normal Product,0_334322867831006_1,เครื่องใช้ในบ้าน,อุปกรณ์ซักรีดและผลิตภัณฑ์ดูแลบ้าน,ผลิตภัณฑ์กำจัดแมลง,22.61666,2,คอมมิชชั่นจากร้านค้า,,43.23333,,1.50%,0.64849,7.00%,0,0.64849,0,0,0,,0,0.00%,0,100.00%,0,สำเร็จ,,คำสั่งซื้อจากร้านค้าต่างกัน,ที่มีอยู่,2599adboostco,paris,mng,m01BMavk0821,,Facebook
2509080QAU9P2W,รอดำเนินการ,211025060231288,2025-09-08 17:04:20,,2025-09-08 17:02:22,Super cool_shop,1144590236,C2C(Non-CB),28120127948,หมวกกันน็อค หมวกกันน๊อก รถจักรยานยนต์ กันลม กันน้ำ แข็งแรงใส่สบายหมวกกันน็อคเต็ม ทนต่อการใช้งาน หมวกกันน็อคเต็มใบ,208047752859,Normal Product,,รถมอเตอร์ไซค์ อะไหล่และอุปกรณ์เสริมมอเตอร์ไซค์,หมวกกันน็อคและอุปกรณ์สวมใส่สำหรับขับขี่,,179,1,คอมมิชชั่นจากร้านค้า,,141,,1.75%,2.4675,13.00%,18.33,20.7975,2.4675,18.33,20.7975,,0,0.00%,0,100.00%,20.7975,รอดำเนินการ,สถานะของสินค้านี้คือ อยู่ระหว่างดำเนินการ คอมมิชชั่นจะถูกคำนวณเพื่อจ่ายหลังสถานะเป็นสำเร็จแล้วเท่านั้น,สั่งซื้อในร้านค้าเดียวกัน,ที่มีอยู่,2599adboostco,paris,mng,m01BMavk0821,,Facebook
2509080Q91629J,รอดำเนินการ,211024999294471,2025-09-08 17:03:19,,2025-09-08 16:50:39,ATC Michelin Accessories TH,786242394,Shopee Mall(Non-CB),24980297834,MICHELIN น้ำหอมปรับอากาศมิชลิน รุ่น Michelin Man 3D เสียบกับช่องแอร์รถยนต์ ตั้งหรือสะสมเป็นโมเดล,205097497056,Normal Product,,รถยนต์ อะไหล่และอุปกรณ์เสริมรถยนต์,อุปกรณ์เสริมภายในรถยนต์,น้ำหอมปรับอากาศ,210,1,คอมมิชชั่นจากร้านค้า,,149,,1.75%,2.6075,7.00%,10.43,13.0375,2.6075,10.43,13.0375,,0,0.00%,0,100.00%,13.0375,รอดำเนินการ,สถานะของสินค้านี้คือ อยู่ระหว่างดำเนินการ คอมมิชชั่นจะถูกคำนวณเพื่อจ่ายหลังสถานะเป็นสำเร็จแล้วเท่านั้น,สั่งซื้อในร้านค้าเดียวกัน,ที่มีอยู่,2599adboostco,paris,mng,m01FahRain0805,,Facebook
2509080Q6E61RH,สำเร็จ,211024912263623,2025-09-08 17:01:53,2025-09-10 20:16:34,2025-09-08 07:05:12,KONVY_Official Shop,70998059,Shopee Mall(Non-CB),22987419978,GATSBY Styling Spray Ultra Hard 200ml สเปรย์จัดแต่งทรงผมขนาด 200ml.,167969791854,Normal Product,,ผลิตภัณฑ์บำรุงและเสริมความงาม,ผลิตภัณฑ์ดูแลผม,ผลิตภัณฑ์จัดแต่งทรงผม,199,1,คอมมิชชั่นจาก Shopee,,152,,1.75%,2.66,0.00%,0,2.66,2.66,0,2.66,,0,0.00%,0,100.00%,2.66,สำเร็จ,,คำสั่งซื้อจากร้านค้าต่างกัน,ที่มีอยู่,2599adboostco,paris,mng,m56Fazzi0830,,Facebook
2509080Q2108AV,รอดำเนินการ,211024764221040,2025-09-08 16:59:24,,2025-09-08 07:10:08,แม่เบ็ญจากล้วยเผือกมันฟักทองอบเนย,253413480,C2C(Non-CB),11213220631,ขายส่ง มันฝรั่งบาร์บีคิว มันฝรั่งเลย์ ขนาด 3 kg. กรอบ อร่อย,46066157914,Normal Product,,อาหารและเครื่องดื่ม,ขนมขบเคี้ยว,มันฝรั่งทอดกรอบ,409,1,คอมมิชชั่นจากร้านค้า,,327,,1.75%,5.7225,7.00%,0,5.7225,5.7225,0,5.7225,,0,0.00%,0,100.00%,5.7225,รอดำเนินการ,สถานะของสินค้านี้คือ อยู่ระหว่างดำเนินการ คอมมิชชั่นจะถูกคำนวณเพื่อจ่ายหลังสถานะเป็นสำเร็จแล้วเท่านั้น,คำสั่งซื้อจากร้านค้าต่างกัน,ที่มีอยู่,2599adboostco,paris,mng,m56ProwaVDO0905,,Facebook
2509080Q0P3Y27,รอดำเนินการ,211024719265150,2025-09-08 16:58:40,,2025-09-08 11:50:29,Tools home,894785392,C2C(Non-CB),41355411196,COD ตัดยาบดตลับ 4 IN 1 ที่บดยาเม็ด พร้อมถ้วยน้ำ ปิดผนึกและป้องกันความชื้น ตลับใส่ยาพกพา pill cutter,253543457074,Normal Product,,เครื่องใช้ในบ้าน,อุปกรณ์สำหรับจัดเก็บ,กล่องเก็บของ และตะกร้า,123,1,คอมมิชชั่นจากร้านค้า,,123,,1.50%,1.845,7.00%,0,1.845,1.845,0,1.845,,0,0.00%,0,100.00%,1.845,รอดำเนินการ,สถานะของสินค้านี้คือ อยู่ระหว่างดำเนินการ คอมมิชชั่นจะถูกคำนวณเพื่อจ่ายหลังสถานะเป็นสำเร็จแล้วเท่านั้น,คำสั่งซื้อจากร้านค้าต่างกัน,ที่มีอยู่,2599adboostco,paris,mng,m01BMavk0821,,Facebook
2509080Q0FF0PA,รอดำเนินการ,211024712288439,2025-09-08 16:58:32,,2025-09-08 16:52:01,PleplejangShop,79497492,C2C(Non-CB),4983241273,เหยือกน้ำ เหยือกน้ำพลาสติก เหยือกใส เหยือกตวง เหยือกน้ำมีขีดสเกล Pioneer,107652925573,Normal Product,,เครื่องใช้ในบ้าน,เครื่องใช้บนโต๊ะอาหาร,เหยือกน้ำ,148,1,คอมมิชชั่นจาก Shopee,,133,,1.50%,1.995,0.00%,0,1.995,1.995,0,1.995,,0,0.00%,0,100.00%,1.995,รอดำเนินการ,สถานะของสินค้านี้คือ อยู่ระหว่างดำเนินการ คอมมิชชั่นจะถูกคำนวณเพื่อจ่ายหลังสถานะเป็นสำเร็จแล้วเท่านั้น,คำสั่งซื้อจากร้านค้าต่างกัน,ที่มีอยู่,2599adboostco,paris,mng,m01YPf0821,,Facebook
2509080PYB7NY9,รอดำเนินการ,211024704217070,2025-09-08 16:57:54,,2025-09-08 16:56:34,TH -Shop,718606161,Preferred(Non-CB),21162788771,ชุดอุปกรณ์ตัดขนสุนัข ปัตตาเลี่ยนตัดขนสัตว์เลี้ยง ที่ตัดขนแมว ที่ตัดขนหมา 4in1 pet trimmer hairclipper พร้อมหัวที่่กรอเล็,221284404366,Normal Product,,สัตว์เลี้ยง,อุปกรณ์ทำความสะอาดและตกแต่งขน,อุปกรณ์ดูแลขนสัตว์เลี้ยง,295,1,คอมมิชชั่นจากร้านค้า,,234,,1.75%,4.095,4.00%,9.36,13.455,4.095,9.36,13.455,,0,0.00%,0,100.00%,13.455,รอดำเนินการ,สถานะของสินค้านี้คือ อยู่ระหว่างดำเนินการ คอมมิชชั่นจะถูกคำนวณเพื่อจ่ายหลังสถานะเป็นสำเร็จแล้วเท่านั้น,สั่งซื้อในร้านค้าเดียวกัน,ที่มีอยู่,2599adboostco,paris,mng,m01PetKit0520,,Facebook
2509080PX16XEG,สำเร็จ,211024630222773,2025-09-08 16:57:11,2025-09-11 18:52:16,2025-09-08 12:12:48,HTP video,1569088601,C2C(Non-CB),40508581391,พัดลมตั้งโต๊ะ พัดลมUSB 60000mAh ปรับมุม 720° ควบคุมระยะไกลแบบตามเวลากำหนด พัดรมแบบหนีบ พัดลมพกพา,206161654742,Normal Product,,มือถือและอุปกรณ์เสริม,อุปกรณ์เสริม,พัดลมมือถือ,315,1,คอมมิชชั่นจากร้านค้า,,305,,1.50%,4.575,9.00%,0,4.575,4.575,0,4.575,,0,0.00%,0,100.00%,4.575,สำเร็จ,,คำสั่งซื้อจากร้านค้าต่างกัน,ที่มีอยู่,2599adboostco,paris,mng,m01KFdika0520,,Facebook
2509080PTJMEAD,รอดำเนินการ,211024514274829,2025-09-08 16:55:15,,2025-09-08 11:16:26,helmetarea50,39909849,Preferred(Non-CB),19771268327,หมวกกันน็อคเต็มใบ RIDER R1X 🖤,165479938818,Normal Product,,รถมอเตอร์ไซค์ อะไหล่และอุปกรณ์เสริมมอเตอร์ไซค์,หมวกกันน็อคและอุปกรณ์สวมใส่สำหรับขับขี่,,1000,1,คอมมิชชั่นจาก Shopee,,810,,1.75%,14.175,0.00%,0,14.175,14.175,0,14.175,,0,0.00%,0,100.00%,14.175,รอดำเนินการ,สถานะของสินค้านี้คือ อยู่ระหว่างดำเนินการ คอมมิชชั่นจะถูกคำนวณเพื่อจ่ายหลังสถานะเป็นสำเร็จแล้วเท่านั้น,คำสั่งซื้อจากร้านค้าต่างกัน,ที่มีอยู่,2599adboostco,paris,mng,m01FahRain0805,,Facebook
2509080PNQ48PN,สำเร็จ,211024351225471,2025-09-08 16:52:31,2025-09-10 08:27:15,2025-09-08 16:35:51,Xiaomi Thailand Store,426143063,Shopee Mall(Non-CB),21781499315,[NEW] Xiaomi Mi Smart Camera C301 Home Security Camera กล้องวงจรปิด 2K กล้องวงจรปิดไร้สาย พาโนรามา 360° กล้องวงจร,251428702715,Normal Product,0_345943392587930_1,กล้องและโดรน,กล้องวงจรปิด,กล้องวงจรปิด,830.5,2,คอมมิชชั่นจาก Shopee,,1494,,1.50%,22.41,0.00%,0,22.41,22.41,0,22.41,,0,0.00%,0,100.00%,22.41,สำเร็จ,,คำสั่งซื้อจากร้านค้าต่างกัน,ที่มีอยู่,2599adboostco,paris,mng,m02Rooftop0623,,Facebook
2509080PNFFKQA,รอดำเนินการ,211024343200377,2025-09-08 16:52:22,,2025-09-08 16:38:51,PerfectStyles,1213368280,C2C(Non-CB),28956490069,A021กระเป๋าหนังใส่เงินแม่ลูก  ไร้ซิป ใส่ของได้เยอะ ขนาดพอดี พกพาง่าย ราคาดี ส่งจากไทย มี5สีให้เลือก,217685261607,Normal Product,,กระเป๋าผู้หญิง,กระเป๋าสตางค์,กระเป๋าสตางค์ใบสั้น,18,1,คอมมิชชั่นจากร้านค้า,,18,,2.00%,0.36,10.00%,0,0.36,0.96,0,0.96,,0,0.00%,0,100.00%,0.96,รอดำเนินการ,สถานะของสินค้านี้คือ อยู่ระหว่างดำเนินการ คอมมิชชั่นจะถูกคำนวณเพื่อจ่ายหลังสถานะเป็นสำเร็จแล้วเท่านั้น,คำสั่งซื้อจากร้านค้าต่างกัน,ที่มีอยู่,2599adboostco,paris,mng,m56ProwaVDO0905,,Facebook
2509080PNFFKQA,รอดำเนินการ,211024343200377,2025-09-08 16:52:22,,2025-09-08 16:38:51,PerfectStyles,1213368280,C2C(Non-CB),28956490069,A021กระเป๋าหนังใส่เงินแม่ลูก  ไร้ซิป ใส่ของได้เยอะ ขนาดพอดี พกพาง่าย ราคาดี ส่งจากไทย มี5สีให้เลือก,217685261610,Normal Product,,กระเป๋าผู้หญิง,กระเป๋าสตางค์,กระเป๋าสตางค์ใบสั้น,9,1,คอมมิชชั่นจากร้านค้า,,9,,2.00%,0.18,10.00%,0,0.18,0,0,0,,0,0.00%,0,100.00%,0,รอดำเนินการ,สถานะของสินค้านี้คือ อยู่ระหว่างดำเนินการ คอมมิชชั่นจะถูกคำนวณเพื่อจ่ายหลังสถานะเป็นสำเร็จแล้วเท่านั้น,คำสั่งซื้อจากร้านค้าต่างกัน,ที่มีอยู่,2599adboostco,paris,mng,m56ProwaVDO0905,,Facebook
2509080PNFFKQA,รอดำเนินการ,211024343200377,2025-09-08 16:52:22,,2025-09-08 16:38:51,PerfectStyles,1213368280,C2C(Non-CB),28956490069,A021กระเป๋าหนังใส่เงินแม่ลูก  ไร้ซิป ใส่ของได้เยอะ ขนาดพอดี พกพาง่าย ราคาดี ส่งจากไทย มี5สีให้เลือก,217685261614,Normal Product,,กระเป๋าผู้หญิง,กระเป๋าสตางค์,กระเป๋าสตางค์ใบสั้น,9,1,คอมมิชชั่นจากร้านค้า,,9,,2.00%,0.18,10.00%,0,0.18,0,0,0,,0,0.00%,0,100.00%,0,รอดำเนินการ,สถานะของสินค้านี้คือ อยู่ระหว่างดำเนินการ คอมมิชชั่นจะถูกคำนวณเพื่อจ่ายหลังสถานะเป็นสำเร็จแล้วเท่านั้น,คำสั่งซื้อจากร้านค้าต่างกัน,ที่มีอยู่,2599adboostco,paris,mng,m56ProwaVDO0905,,Facebook
2509080PNFFKQA,รอดำเนินการ,211024343200377,2025-09-08 16:52:22,,2025-09-08 16:38:51,PerfectStyles,1213368280,C2C(Non-CB),28956490069,A021กระเป๋าหนังใส่เงินแม่ลูก  ไร้ซิป ใส่ของได้เยอะ ขนาดพอดี พกพาง่าย ราคาดี ส่งจากไทย มี5สีให้เลือก,217685261615,Normal Product,,กระเป๋าผู้หญิง,กระเป๋าสตางค์,กระเป๋าสตางค์ใบสั้น,12,1,คอมมิชชั่นจากร้านค้า,,12,,2.00%,0.24,10.00%,0,0.24,0,0,0,,0,0.00%,0,100.00%,0,รอดำเนินการ,สถานะของสินค้านี้คือ อยู่ระหว่างดำเนินการ คอมมิชชั่นจะถูกคำนวณเพื่อจ่ายหลังสถานะเป็นสำเร็จแล้วเท่านั้น,คำสั่งซื้อจากร้านค้าต่างกัน,ที่มีอยู่,2599adboostco,paris,mng,m56ProwaVDO0905,,Facebook
2509080PH65T0P,รอดำเนินการ,211024199229761,2025-09-08 16:50:00,,2025-09-08 09:20:26,สายไฟ.com,255793938,Preferred(Non-CB),13533184745,สายไฟ AC สายปลั๊กเสียบคอมพิวเตอร์ มอก.ตรง มีกราวด์ IEC53 3x1.5 Sq.mm. - C13,103279248896,Normal Product,,เครื่องใช้ไฟฟ้าภายในบ้าน,แผงวงจรและ อะไหล่,ปลั๊กต่อไฟฟ้า & ปลั๊กพ่วง,254,1,คอมมิชชั่นจากร้านค้า,,254,,1.50%,3.81,7.00%,0,3.81,3.81,0,3.81,,0,0.00%,0,100.00%,3.81,รอดำเนินการ,สถานะของสินค้านี้คือ อยู่ระหว่างดำเนินการ คอมมิชชั่นจะถูกคำนวณเพื่อจ่ายหลังสถานะเป็นสำเร็จแล้วเท่านั้น,คำสั่งซื้อจากร้านค้าต่างกัน,ที่มีอยู่,2599adboostco,paris,mng,m01Tik0803,,Facebook
2509080PB6HH68,รอดำเนินการ,211023998284093,2025-09-08 16:46:39,,2025-09-08 16:35:00,KSPTHAI,182095584,Preferred(Non-CB),13314589071,โถเครื่องปั่น SHARP ชาร์ป รุ่น EM-ICE POWER Part No. Z9J209 แท้ อะไหล่เครื่องปั่น,251212162422,Normal Product,,เครื่องใช้ไฟฟ้าภายในบ้าน,เครื่องใช้ไฟฟ้าในครัว,เครื่องคั้นน้ำผลไม้ และ เครื่องทำน้ำถั่วเหลือง,330,1,คอมมิชชั่นจาก Shopee,,264,,1.50%,3.96,0.00%,0,3.96,3.96,0,3.96,,0,0.00%,0,100.00%,3.96,รอดำเนินการ,สถานะของสินค้านี้คือ อยู่ระหว่างดำเนินการ คอมมิชชั่นจะถูกคำนวณเพื่อจ่ายหลังสถานะเป็นสำเร็จแล้วเท่านั้น,คำสั่งซื้อจากร้านค้าต่างกัน,ที่มีอยู่,2599adboostco,paris,mng,m01PetKit0520,,Facebook
2509080P9G40DD,รอดำเนินการ,211023941217077,2025-09-08 16:45:41,,2025-09-08 13:08:09,Little Sheep Thailand,37421902,Preferred(Non-CB),28851573292,ก้อนดับกลิ่นชักโครก ทั้งแพ๊คมี 5ก้อนใช้ได้ยาวนานยิ่งขึ้น ทำความสะอาดชักโครก ขจัดคราบกลิ่นไม่พึงประสงค์พร้อมส่งจากรังสิต,255940203243,Normal Product,0_352400414539971_1,เครื่องใช้ในบ้าน,ห้องน้ำ,สุขภัณฑ์,23.5,2,คอมมิชชั่นจาก Shopee,,37,,1.50%,0.555,0.00%,0,0.555,0.555,0,0.555,,0,0.00%,0,100.00%,0.555,รอดำเนินการ,สถานะของสินค้านี้คือ อยู่ระหว่างดำเนินการ คอมมิชชั่นจะถูกคำนวณเพื่อจ่ายหลังสถานะเป็นสำเร็จแล้วเท่านั้น,คำสั่งซื้อจากร้านค้าต่างกัน,ที่มีอยู่,2599adboostco,paris,mng,m01YPf0821,,Facebook
2509080P61GUJE,รอดำเนินการ,211023825244808,2025-09-08 16:43:45,,2025-09-08 12:04:53,Galaxy Supernova Studio,400787173,Preferred(CB),29081597490,Caseti Care Bears Rainbow Hard พลาสติกอะคริลิคสําหรับ iPhone 16 11 12 13 14 15 Plus Pro Max ปลอก,185941852510,Normal Product,,มือถือและอุปกรณ์เสริม,อุปกรณ์เสริม,เคสมือถือและแท็บเล็ต,213,1,คอมมิชชั่นจาก Shopee,,170,,1.50%,2.55,0.00%,0,2.55,5.1,0,5.1,,0,0.00%,0,100.00%,5.1,รอดำเนินการ,สถานะของสินค้านี้คือ อยู่ระหว่างดำเนินการ คอมมิชชั่นจะถูกคำนวณเพื่อจ่ายหลังสถานะเป็นสำเร็จแล้วเท่านั้น,คำสั่งซื้อจากร้านค้าต่างกัน,ที่มีอยู่,2599adboostco,paris,mng,m01kaofangMeow0303,,Facebook
2509080P61GUJE,รอดำเนินการ,211023825244808,2025-09-08 16:43:45,,2025-09-08 12:04:53,Galaxy Supernova Studio,400787173,Preferred(CB),29081597490,Caseti Care Bears Rainbow Hard พลาสติกอะคริลิคสําหรับ iPhone 16 11 12 13 14 15 Plus Pro Max ปลอก,234030084251,Normal Product,,มือถือและอุปกรณ์เสริม,อุปกรณ์เสริม,เคสมือถือและแท็บเล็ต,213,1,คอมมิชชั่นจาก Shopee,,170,,1.50%,2.55,0.00%,0,2.55,0,0,0,,0,0.00%,0,100.00%,0,รอดำเนินการ,สถานะของสินค้านี้คือ อยู่ระหว่างดำเนินการ คอมมิชชั่นจะถูกคำนวณเพื่อจ่ายหลังสถานะเป็นสำเร็จแล้วเท่านั้น,คำสั่งซื้อจากร้านค้าต่างกัน,ที่มีอยู่,2599adboostco,paris,mng,m01kaofangMeow0303,,Facebook
2509080NU6CHXN,รอดำเนินการ,211023461252126,2025-09-08 16:37:41,,2025-09-08 15:31:21,SUSANNA.TH,485124891,Preferred(Non-CB),18584124957,304สแตนเลส สายฉีดก้น 3in1 หัวฉีดแรงดันสูง หัวฉีดทำความสะอาด หัวฉีดชำระ ห้องน้ำ ที่ฉีดก้น หัวฉีดด้านล่าง,158363227916,Normal Product,,เครื่องใช้ในบ้าน,ห้องน้ำ,ฝักบัว ก็อกน้ำ,95,1,คอมมิชชั่นจากร้านค้า,,95,,1.50%,1.425,7.00%,0,1.425,1.425,0,1.425,,0,0.00%,0,100.00%,1.425,รอดำเนินการ,สถานะของสินค้านี้คือ อยู่ระหว่างดำเนินการ คอมมิชชั่นจะถูกคำนวณเพื่อจ่ายหลังสถานะเป็นสำเร็จแล้วเท่านั้น,คำสั่งซื้อจากร้านค้าต่างกัน,ที่มีอยู่,2599adboostco,paris,mng,m02Rooftop0706,,Facebook
2509080NR35GPS,รอดำเนินการ,211023357219967,2025-09-08 16:35:57,,2025-09-08 16:29:28,KEAW PRO PACK,1041795615,C2C(Non-CB),29317497551,ทรายเต้าหู้ Tamako 6L (6ลิตร) เต้าหู้ญี่ปุ่น ทรายออร์แกนิค ทรายแมวอนามัย ทรายแมวมีกลิ่นหอม ไม่มีสารเคมีแต่งสี กลิ่นหอม,138115446612,Normal Product,,สัตว์เลี้ยง,ห้องน้ำและทราย,ทรายแมวและกระบะทรายแมว,50,2,คอมมิชชั่นจากร้านค้า,,90,,1.75%,1.575,4.00%,0,1.575,1.575,0,1.575,,0,0.00%,0,100.00%,1.575,รอดำเนินการ,สถานะของสินค้านี้คือ อยู่ระหว่างดำเนินการ คอมมิชชั่นจะถูกคำนวณเพื่อจ่ายหลังสถานะเป็นสำเร็จแล้วเท่านั้น,คำสั่งซื้อจากร้านค้าต่างกัน,ที่มีอยู่,2599adboostco,paris,mng,m01kaofangMeow0303,,Facebook
2509080NQ2SPM6,รอดำเนินการ,211023323268040,2025-09-08 16:35:24,,2025-09-08 07:03:22,H-XP010,1317122631,C2C(Non-CB),26920184171,"ผ้ากันเปื้อนแฟชั่นผ้าใบกันน้ำมันและกันน้ำ,ผ้ากันเปื้อนทำงานครัวคาเฟ่,ผ้ากันเปื้อนทำอาหาร,อัพเกรดใหม่",99063608570,Normal Product,,เครื่องใช้ในบ้าน,เครื่องครัว,ผ้ากันเปื้อนและถุงมือ,39,1,คอมมิชชั่นจากร้านค้า,,39,,1.50%,0.585,8.00%,0,0.585,0.585,0,0.585,,0,0.00%,0,100.00%,0.585,รอดำเนินการ,สถานะของสินค้านี้คือ อยู่ระหว่างดำเนินการ คอมมิชชั่นจะถูกคำนวณเพื่อจ่ายหลังสถานะเป็นสำเร็จแล้วเท่านั้น,คำสั่งซื้อจากร้านค้าต่างกัน,ที่มีอยู่,2599adboostco,paris,mng,m01YPf0821,,Facebook
2509080NJY5DR5,รอดำเนินการ,211023185242209,2025-09-08 16:33:06,,2025-09-08 15:05:10,FitterGear Thailand,2532671,Shopee Mall(Non-CB),14681935654,FITTERGEAR : TRAINING GLOVES TRIANGLE ถุงมือฟิตเนส ออกกำลังกาย พร้อมสายรัดข้อมือ,210053691228,Normal Product,,กีฬาและกิจกรรมกลางแจ้ง,อุปกรณ์เสริมสำหรับเล่นกีฬาและกิจกรรมกลางแจ้ง,อุปกรณ์ซัพพอร์ตและพยุงกล้ามเนื้อ,670,1,คอมมิชชั่นจากร้านค้า,,488,,1.75%,8.54,10.00%,0,8.54,8.54,0,8.54,,0,0.00%,0,100.00%,8.54,รอดำเนินการ,สถานะของสินค้านี้คือ อยู่ระหว่างดำเนินการ คอมมิชชั่นจะถูกคำนวณเพื่อจ่ายหลังสถานะเป็นสำเร็จแล้วเท่านั้น,คำสั่งซื้อจากร้านค้าต่างกัน,ที่มีอยู่,2599adboostco,paris,mng,m02Rooftop0706,,Facebook
2509080NJGTPJF,รอดำเนินการ,211023170215349,2025-09-08 16:32:49,,2025-09-08 09:31:33,louieqian.th,72569460,Preferred(CB),23640089379,Tpu Glitter กันกระแทกเคสโทรศัพท์สําหรับ iPhone 16 15 14 Pro Max 11 12 13 Pro MaxX XS Max XR 7 8 Plus โปร่งใสกันกระแทกกรณีพร้อมเล,251462886021,Normal Product,,มือถือและอุปกรณ์เสริม,อุปกรณ์เสริม,เคสมือถือและแท็บเล็ต,39,1,คอมมิชชั่นจาก Shopee,,39,,1.50%,0.585,0.00%,0,0.585,0.78,0,0.78,,0,0.00%,0,100.00%,0.78,รอดำเนินการ,สถานะของสินค้านี้คือ อยู่ระหว่างดำเนินการ คอมมิชชั่นจะถูกคำนวณเพื่อจ่ายหลังสถานะเป็นสำเร็จแล้วเท่านั้น,คำสั่งซื้อจากร้านค้าต่างกัน,ที่มีอยู่,2599adboostco,paris,mng,m01jjshop0803,,Facebook
2509080NJGTPJF,รอดำเนินการ,211023170215349,2025-09-08 16:32:49,,2025-09-08 09:31:33,louieqian.th,72569460,Preferred(CB),23138236996,แปรงทำความสะอาดรูฝักบัว (แพ็ค10/20/30ชิ้น) แปรงจิ๋วเช็ดฝุ่น ที่เช็ดฝุ่นตามซอก ที่เช็ดฝุ่นรูลำโพง แปรงทำความสะอาดอเนกประสงค์,156804433542,Normal Product,,มือถือและอุปกรณ์เสริม,อุปกรณ์เสริม,อื่นๆ,13,1,คอมมิชชั่นจาก Shopee,,13,,1.50%,0.195,0.00%,0,0.195,0,0,0,,0,0.00%,0,100.00%,0,รอดำเนินการ,สถานะของสินค้านี้คือ อยู่ระหว่างดำเนินการ คอมมิชชั่นจะถูกคำนวณเพื่อจ่ายหลังสถานะเป็นสำเร็จแล้วเท่านั้น,คำสั่งซื้อจากร้านค้าต่างกัน,ที่มีอยู่,2599adboostco,paris,mng,m01jjshop0803,,Facebook
2509080NCWJ9CV,รอดำเนินการ,211022982239030,2025-09-08 16:29:43,,2025-09-08 16:15:41,My Uncle,95363801,C2C(Non-CB),43054601920,ชุดสครับกระโปรง ผ้า Micropeach,300390814856,Normal Product,,เสื้อผ้าผู้ชาย,ยูนิฟอร์ม,,369,1,คอมมิชชั่นจาก Shopee,,289,,1.75%,5.0575,0.00%,0,5.0575,5.0575,0,5.0575,,0,0.00%,0,100.00%,5.0575,รอดำเนินการ,สถานะของสินค้านี้คือ อยู่ระหว่างดำเนินการ คอมมิชชั่นจะถูกคำนวณเพื่อจ่ายหลังสถานะเป็นสำเร็จแล้วเท่านั้น,คำสั่งซื้อจากร้านค้าต่างกัน,ที่มีอยู่,2599adboostco,paris,mng,m01Tik0803,,Facebook
2509080N833MT2,สำเร็จ,211022820279483,2025-09-08 16:27:01,2025-09-11 18:05:07,2025-09-08 08:27:39,Fitness zone,1336456322,C2C(Non-CB),28410161714,เทรนเนอร์เทนนิส ชุดเด็กไม้เทนนิสสำหรับผู้เริ่มต้น สิ่งประดิษฐ์ฝึกตนเองแบบเล่นคนเดียวพร้อมการเด้งกลับ,236733630980,Normal Product,,กีฬาและกิจกรรมกลางแจ้ง,อุปกรณ์เล่นกีฬาและกิจกรรมกลางแจ้ง,เทนนิส,129,1,คอมมิชชั่นจากร้านค้า,,116,,1.75%,2.03,9.00%,0,2.03,2.03,0,2.03,,0,0.00%,0,100.00%,2.03,สำเร็จ,,คำสั่งซื้อจากร้านค้าต่างกัน,ที่มีอยู่,2599adboostco,paris,mng,m02Rooftop0706,,Facebook
2509080N7UDSDN,รอดำเนินการ,211022812224944,2025-09-08 16:26:53,,2025-09-08 09:21:44,HH gymnasium,1128812000,Preferred(Non-CB),24981660328,HH กรวยฝึกซ้อม ฟุตบอล เซ็ต 10 ชิ้น มาร์กเกอร์โคน กรวยฝึกสเก็ตบอร์ด กรวยวงกลม กรวยพลาสติก สำหรับฝึกซ้อมฟุตบอล,176506372915,Normal Product,,กีฬาและกิจกรรมกลางแจ้ง,อุปกรณ์เสริมสำหรับเล่นกีฬาและกิจกรรมกลางแจ้ง,อุปกรณ์ฝึกซ้อมกีฬา,35,1,คอมมิชชั่นจากร้านค้า,,35,,1.75%,0.6125,7.00%,0,0.6125,0.6125,0,0.6125,,0,0.00%,0,100.00%,0.6125,รอดำเนินการ,สถานะของสินค้านี้คือ อยู่ระหว่างดำเนินการ คอมมิชชั่นจะถูกคำนวณเพื่อจ่ายหลังสถานะเป็นสำเร็จแล้วเท่านั้น,คำสั่งซื้อจากร้านค้าต่างกัน,ที่มีอยู่,2599adboostco,paris,mng,m02Rooftop0623,,Facebook
2509080N6Q6DX8,รอดำเนินการ,211022774230390,2025-09-08 16:26:15,,2025-09-08 06:42:03,K-Crafts,24858512,Preferred(Non-CB),7522457969,เส้นพลาสติกสาน 12 มิล. 1 กก. พร้อมส่ง ✅จ่ายปลายทางได้,80324658441,Normal Product,,งานอดิเรกและของสะสม,ของที่ระลึก,อื่นๆ,99,2,คอมมิชชั่นจากร้านค้า,,178,,1.50%,2.67,4.00%,0,2.67,4.4025,0,4.4025,,0,0.00%,0,100.00%,4.4025,รอดำเนินการ,สถานะของสินค้านี้คือ อยู่ระหว่างดำเนินการ คอมมิชชั่นจะถูกคำนวณเพื่อจ่ายหลังสถานะเป็นสำเร็จแล้วเท่านั้น,คำสั่งซื้อจากร้านค้าต่างกัน,ที่มีอยู่,2599adboostco,paris,mng,m01BMavk0821,,Facebook
2509080N6Q6DX8,รอดำเนินการ,211022774230390,2025-09-08 16:26:15,,2025-09-08 06:42:03,K-Crafts,24858512,Preferred(Non-CB),25215621846,เส้นพลาสติกสาน 15 มิล. 1 กก. พิมพ์ลาย ✅จ่ายปลายทางได้,195441373813,Normal Product,,แม่และเด็ก,ของเล่น,ของเล่นเพื่อการศึกษา,110,1,คอมมิชชั่นจากร้านค้า,,99,,1.75%,1.7325,4.00%,0,1.7325,0,0,0,,0,0.00%,0,100.00%,0,รอดำเนินการ,สถานะของสินค้านี้คือ อยู่ระหว่างดำเนินการ คอมมิชชั่นจะถูกคำนวณเพื่อจ่ายหลังสถานะเป็นสำเร็จแล้วเท่านั้น,คำสั่งซื้อจากร้านค้าต่างกัน,ที่มีอยู่,2599adboostco,paris,mng,m01BMavk0821,,Facebook
2509080N448A7W,สำเร็จ,211022687261546,2025-09-08 16:24:47,2025-09-10 10:40:34,2025-09-08 15:03:57,samsung_thailand,83276818,Shopee Mall(Non-CB),19985737015,"Galaxy Tab A9 LTE 4/64GB แท็บเล็ต กล้อง 8MP จอใหญ่ 8.7""",184692044914,Normal Product,,มือถือและอุปกรณ์เสริม,แท็บเล็ต,,3490,1,คอมมิชชั่นจากร้านค้า,,3141,,1.50%,47.115,1.00%,0,47.115,47.115,0,47.115,,0,0.00%,0,100.00%,47.115,สำเร็จ,,คำสั่งซื้อจากร้านค้าต่างกัน,ที่มีอยู่,2599adboostco,paris,mng,m02Rooftop0706,,Facebook
2509080N35Q427,รอดำเนินการ,211022655240343,2025-09-08 16:24:16,,2025-09-08 14:19:31,Seoulshirts,82077067,Preferred(Non-CB),22633653345,SEOULSHIRTS HOME ถุงคลุมเสื้อ สีทึบ สีดำ/ขาว แบบซิป ใส่สูทได้ กันฝุ่นกันเปื้อน SH15,214086802515,Normal Product,,เครื่องใช้ในบ้าน,อุปกรณ์สำหรับจัดเก็บ,อุปกรณ์จัดระเบียบในตู้เสื้อผ้า,49,2,คอมมิชชั่นจากร้านค้า,,97,,1.50%,1.455,15.00%,0,1.455,1.455,0,1.455,,0,0.00%,0,100.00%,1.455,รอดำเนินการ,สถานะของสินค้านี้คือ อยู่ระหว่างดำเนินการ คอมมิชชั่นจะถูกคำนวณเพื่อจ่ายหลังสถานะเป็นสำเร็จแล้วเท่านั้น,คำสั่งซื้อจากร้านค้าต่างกัน,ที่มีอยู่,2599adboostco,paris,mng,m01KFdika0520,,Facebook
2509080N2AYD6T,สำเร็จ,211022627204893,2025-09-08 16:23:47,2025-09-10 20:15:45,2025-09-08 16:20:59,PET-HOMIE,378764485,Preferred(Non-CB),29600825843,ห้องน้ำแมว พร้อมที่ตักทราย ห้องน้ำแมวทรงโดม มีฝา ทราย กระบะทรายแมว 2 ชั้น ทรายแมวและห้องน้ํา ป้องกันทรายกระเด็น ระงับกลิ,295788019724,Normal Product,,สัตว์เลี้ยง,ห้องน้ำและทราย,ทรายแมวและกระบะทรายแมว,138,1,คอมมิชชั่นจากร้านค้า,,124,,1.75%,2.17,4.00%,0,2.17,2.17,0,2.17,,0,0.00%,0,100.00%,2.17,สำเร็จ,,คำสั่งซื้อจากร้านค้าต่างกัน,ที่มีอยู่,2599adboostco,paris,mng,m01kaofangMeow0303,,Facebook
2509080N17RY9C,สำเร็จ,211022590299926,2025-09-08 16:23:10,2025-09-11 11:48:47,2025-09-08 12:52:11,JEAANSP.th,1284511765,Preferred(CB),26103236816,JEAANSP TV 19 inch 22 24 32 Inch Digital LED TV 40/43/46/50 Smart TV Andriod TV DVB-T2 Bluetooth/YouTube/Netflix/ รีโมทคอนโทรล บ,295433853518,Normal Product,,เครื่องใช้ไฟฟ้าภายในบ้าน,ทีวีและ อุปกรณ์ที่เกี่ยวข้อง,ทีวี,1499,1,คอมมิชชั่นจากร้านค้า,,1199,,1.50%,17.985,7.00%,0,17.985,17.985,0,17.985,,0,0.00%,0,100.00%,17.985,สำเร็จ,,คำสั่งซื้อจากร้านค้าต่างกัน,ที่มีอยู่,2599adboostco,paris,mng,m01FahRain0805,,Facebook
2509080MXVDC4M,รอดำเนินการ,211022574207762,2025-09-08 16:21:52,,2025-09-08 12:16:31,Minddy shoes,44943592,Preferred(Non-CB),29309849697,ADDA 59G01-W1 รองเท้าแตะผู้หญิง ทรงสูง 6.5 ซม. พื้นหนานุ่ม ถอดล้างได้ดีไซน์ทันสมัยใส่สบายทุกย่างก้าว,195358419589,Normal Product,,รองเท้าผู้หญิง,รองเท้าส้นตึก,,185,1,คอมมิชชั่นจากร้านค้า,,157,,2.00%,3.14,7.00%,0,3.14,3.14,0,3.14,,0,0.00%,0,100.00%,3.14,รอดำเนินการ,สถานะของสินค้านี้คือ อยู่ระหว่างดำเนินการ คอมมิชชั่นจะถูกคำนวณเพื่อจ่ายหลังสถานะเป็นสำเร็จแล้วเท่านั้น,คำสั่งซื้อจากร้านค้าต่างกัน,ที่มีอยู่,2599adboostco,paris,mng,m01BMavk0821,,Facebook
2509080MXNR5BH,รอดำเนินการ,211022504287565,2025-09-08 16:21:44,,2025-09-08 09:25:13,Korea Inter Shop,211550487,Preferred(Non-CB),8294661310,couque d’asse vienna coffee & white torte ขนมเกาหลี บิสกิตเนื้อนุ่ม crown brand 128g 쿠크다스,89670295512,Normal Product,0_364813541126249_1,อาหารและเครื่องดื่ม,ขนมขบเคี้ยว,"บิสกิต, คุกกี้, เวเฟอร์",163.33333,3,คอมมิชชั่นจากร้านค้า,,386,,1.75%,6.755,4.00%,0,6.755,6.755,0,6.755,,0,0.00%,0,100.00%,6.755,รอดำเนินการ,สถานะของสินค้านี้คือ อยู่ระหว่างดำเนินการ คอมมิชชั่นจะถูกคำนวณเพื่อจ่ายหลังสถานะเป็นสำเร็จแล้วเท่านั้น,คำสั่งซื้อจากร้านค้าต่างกัน,ที่มีอยู่,2599adboostco,paris,mng,m01FahRain0805,,Facebook
2509080MWYSJ5V,รอดำเนินการ,211022481252017,2025-09-08 16:21:22,,2025-09-08 15:48:54,แบรนด์เนม วัยรุ่นชลบุรี,66396274,Preferred(Non-CB),24702405512,"กระเป๋า BวC Dual-Color 9""(ปั้มนูน)",118408366240,Normal Product,,กระเป๋าผู้ชาย,กระเป๋าสะพายข้าง,,890,1,คอมมิชชั่นจากร้านค้า,,640,,2.00%,12.8,13.00%,0,12.8,12.8,0,12.8,,0,0.00%,0,100.00%,12.8,รอดำเนินการ,สถานะของสินค้านี้คือ อยู่ระหว่างดำเนินการ คอมมิชชั่นจะถูกคำนวณเพื่อจ่ายหลังสถานะเป็นสำเร็จแล้วเท่านั้น,คำสั่งซื้อจากร้านค้าต่างกัน,ที่มีอยู่,2599adboostco,paris,mng,m01KFdika0520,,Facebook
2509080MWWVGM4,รอดำเนินการ,211022479251425,2025-09-08 16:21:19,,2025-09-08 16:16:06,Thaiwatsadu Official Store,404498696,Shopee Mall(Non-CB),20216612101,LUZINO โคมไฟตั้งโต๊ะ (E27x1) รุ่น DH3545-BE สีขาว - เบจ,210912349422,Normal Product,,เครื่องใช้ในบ้าน,โคมไฟและอุปกรณ์ให้แสงสว่าง,,358,1,คอมมิชชั่นจาก Shopee,,281,,1.50%,4.215,0.00%,0,4.215,14.505,0,14.505,,0,0.00%,0,100.00%,14.505,รอดำเนินการ,สถานะของสินค้านี้คือ อยู่ระหว่างดำเนินการ คอมมิชชั่นจะถูกคำนวณเพื่อจ่ายหลังสถานะเป็นสำเร็จแล้วเท่านั้น,คำสั่งซื้อจากร้านค้าต่างกัน,ที่มีอยู่,2599adboostco,paris,mng,m56Fazzi0830,,Facebook
2509080MWWVGM4,รอดำเนินการ,211022479251425,2025-09-08 16:21:19,,2025-09-08 16:16:06,Thaiwatsadu Official Store,404498696,Shopee Mall(Non-CB),21688473353,KASSA HOME ราวแขวนผ้าพร้อมชั้นวาง 2 ชั้น รุ่น FW-901347A ขนาด 90 x 45 x 180 ซม. สีดำ,206726802742,Normal Product,,เครื่องใช้ในบ้าน,อุปกรณ์ซักรีดและผลิตภัณฑ์ดูแลบ้าน,ราวตากผ้า,880,1,คอมมิชชั่นจาก Shopee,,686,,1.50%,10.29,0.00%,0,10.29,0,0,0,,0,0.00%,0,100.00%,0,รอดำเนินการ,สถานะของสินค้านี้คือ อยู่ระหว่างดำเนินการ คอมมิชชั่นจะถูกคำนวณเพื่อจ่ายหลังสถานะเป็นสำเร็จแล้วเท่านั้น,คำสั่งซื้อจากร้านค้าต่างกัน,ที่มีอยู่,2599adboostco,paris,mng,m56Fazzi0830,,Facebook
2509080MUV1G8E,รอดำเนินการ,211022410211172,2025-09-08 16:20:10,,2025-09-08 14:59:33,MEGA.Home,1100289317,Preferred(Non-CB),22661753654,อะคริลิคใส กรอบป้ายภาษีรถยนต์อะคริลิคใส กรอบป้ายภาษีรถยนต์ ป้ายภาษีรถยนต์ พรบ ใส กรอบภาษีรถยนต์ พรบ,59726907534,Normal Product,,รถยนต์ อะไหล่และอุปกรณ์เสริมรถยนต์,อุปกรณ์เสริมภายนอกรถยนต์,กรอบป้ายทะเบียน,35,1,คอมมิชชั่นจากร้านค้า,,26,,1.75%,0.455,13.00%,0,0.455,2.75,0,2.75,,0,0.00%,0,100.00%,2.75,รอดำเนินการ,สถานะของสินค้านี้คือ อยู่ระหว่างดำเนินการ คอมมิชชั่นจะถูกคำนวณเพื่อจ่ายหลังสถานะเป็นสำเร็จแล้วเท่านั้น,คำสั่งซื้อจากร้านค้าต่างกัน,ที่มีอยู่,2599adboostco,paris,mng,m01KFdika0520,,Facebook
2509080MUV1G8E,รอดำเนินการ,211022410211172,2025-09-08 16:20:10,,2025-09-08 14:59:33,MEGA.Home,1100289317,Preferred(Non-CB),24751986255,"คีย์บอร์ดไทย ใหม่แบ็คไลท์ไล่โทนสี Bluetooth keyboard,เมาส์ไร้สาย คีย์บอร์ดไร้สาย ใช้ได้กับ/คอมพิวเตอร์ พกพาง่าย",127784657369,Normal Product,,คอมพิวเตอร์และอุปกรณ์เสริม,คีย์บอร์ดและเมาส์,คีย์บอร์ด,172,1,คอมมิชชั่นจากร้านค้า,,123,,1.50%,1.845,13.00%,0,1.845,0,0,0,,0,0.00%,0,100.00%,0,รอดำเนินการ,สถานะของสินค้านี้คือ อยู่ระหว่างดำเนินการ คอมมิชชั่นจะถูกคำนวณเพื่อจ่ายหลังสถานะเป็นสำเร็จแล้วเท่านั้น,คำสั่งซื้อจากร้านค้าต่างกัน,ที่มีอยู่,2599adboostco,paris,mng,m01KFdika0520,,Facebook
2509080MUV1G8E,รอดำเนินการ,211022410211172,2025-09-08 16:20:10,,2025-09-08 14:59:33,MEGA.Home,1100289317,Preferred(Non-CB),25253669920,แท่งเกลียวไล่นก แท่งไล่นกแบบหมุนสะท้อนแสง อุปกรณ์ไล่นกคันเบ็ดควบคุมแบบเกลียวแขวนมีประสิทธิภาพต่อสิ่งแวดล้อม,177995586188,Normal Product,,เครื่องใช้ในบ้าน,อุปกรณ์ซักรีดและผลิตภัณฑ์ดูแลบ้าน,ผลิตภัณฑ์กำจัดแมลง,42,1,คอมมิชชั่นจากร้านค้า,,30,,1.50%,0.45,8.00%,0,0.45,0,0,0,,0,0.00%,0,100.00%,0,รอดำเนินการ,สถานะของสินค้านี้คือ อยู่ระหว่างดำเนินการ คอมมิชชั่นจะถูกคำนวณเพื่อจ่ายหลังสถานะเป็นสำเร็จแล้วเท่านั้น,คำสั่งซื้อจากร้านค้าต่างกัน,ที่มีอยู่,2599adboostco,paris,mng,m01KFdika0520,,Facebook
2509080MT4R3MM,สำเร็จ,211022352239768,2025-09-08 16:19:13,2025-09-10 00:05:14,2025-09-08 14:41:23,ถุงมือ RG ร้านบังตี๊ฟ,1064088863,Preferred(Non-CB),27505764598,ถุงมือผู้รักษาประตูRG RG ZIMA2024-2025,223016134129,Normal Product,,กีฬาและกิจกรรมกลางแจ้ง,อุปกรณ์เล่นกีฬาและกิจกรรมกลางแจ้ง,"ฟุตบอล, ฟุตซอลและตะกร้อ",1699,1,คอมมิชชั่นจากร้านค้า,,1639,,1.75%,28.6825,8.00%,0,28.6825,28.6825,0,28.6825,,0,0.00%,0,100.00%,28.6825,สำเร็จ,,คำสั่งซื้อจากร้านค้าต่างกัน,ที่มีอยู่,2599adboostco,paris,mng,m02Rooftop0706,,Facebook
2509080MT2TN5R,รอดำเนินการ,211022350227841,2025-09-08 16:19:10,,2025-09-08 07:56:03,k11 MOTOR,684484568,C2C(Non-CB),24100922987,กล่องปลดรอบ dash รุ่นเก่า กล่องไฟแต่ง สินค้าคุณภาพ มีรับประกัน กล่องส้ม,187145630778,Normal Product,,รถมอเตอร์ไซค์ อะไหล่และอุปกรณ์เสริมมอเตอร์ไซค์,ชิ้นส่วนอะไหล่มอเตอร์ไซค์,ชิ้นส่วนเครื่องยนต์,185,1,คอมมิชชั่นจากร้านค้า,,181,,1.75%,3.1675,7.00%,0,3.1675,3.1675,0,3.1675,,0,0.00%,0,100.00%,3.1675,รอดำเนินการ,สถานะของสินค้านี้คือ อยู่ระหว่างดำเนินการ คอมมิชชั่นจะถูกคำนวณเพื่อจ่ายหลังสถานะเป็นสำเร็จแล้วเท่านั้น,คำสั่งซื้อจากร้านค้าต่างกัน,ที่มีอยู่,2599adboostco,paris,mng,m56ProwaVDO0905,,Facebook
2509080MRQXEE5,สำเร็จ,211022305253287,2025-09-08 16:18:25,2025-09-11 13:17:01,2025-09-08 08:55:21,Royalspice KuiLimHueng,156446988,C2C(Non-CB),20180004347,เมล็ดเจีย เมล็ดเชีย ขนาด 250 กรัม/1 กิโลกรัม,245363757341,Normal Product,,อาหารและเครื่องดื่ม,วัตถุดิบ,อาหารแห้ง,166,1,คอมมิชชั่นจาก Shopee,,149,,1.75%,2.6075,0.00%,0,2.6075,2.6075,0,2.6075,,0,0.00%,0,100.00%,2.6075,สำเร็จ,,คำสั่งซื้อจากร้านค้าต่างกัน,ที่มีอยู่,2599adboostco,paris,mng,m01YPf0821,,Facebook
2509080MNA9QHY,สำเร็จ,211022190280478,2025-09-08 16:16:30,2025-09-10 17:37:02,2025-09-08 14:57:33,1228.SHOP,1540263591,Preferred(Non-CB),43301490334,เคลียร์แชมพูชายหญิงรุ่นคู่ ขนาด 370มล.,300274414082,Normal Product,,ผลิตภัณฑ์บำรุงและเสริมความงาม,ผลิตภัณฑ์ดูแลผม,แชมพู,170,1,คอมมิชชั่นจากร้านค้า,,136,,1.75%,2.38,9.00%,0,2.38,2.38,0,2.38,,0,0.00%,0,100.00%,2.38,สำเร็จ,,คำสั่งซื้อจากร้านค้าต่างกัน,ที่มีอยู่,2599adboostco,paris,mng,m01FahRain0805,,Facebook
2509080MJCRMDS,ยกเลิก,211022092208105,2025-09-08 16:14:52,--,2025-09-08 13:20:21,rnmuffler89sy.th,1551324479,C2C(CB),28538358931,กระป๋อง DBS คาร์บอนสีดํา 51 มม. ท่อรถจักรยานยนต์สากล,265626433266,Normal Product,,รถมอเตอร์ไซค์ อะไหล่และอุปกรณ์เสริมมอเตอร์ไซค์,ชิ้นส่วนอะไหล่มอเตอร์ไซค์,ชิ้นส่วนอะไหล่มอเตอร์ไซค์อื่นๆ,404,0,คอมมิชชั่นจาก Shopee,,0,363,1.75%,0,0.00%,0,0,0,0,0,,0,0.00%,0,100.00%,0,ยกเลิก,ผู้ซื้อยกเลิกคำสั่งซื้อ.,คำสั่งซื้อจากร้านค้าต่างกัน,ที่มีอยู่,2599adboostco,paris,mng,m56ProwaVDO0905,,Facebook
2509080MG3AU44,รอดำเนินการ,211022015208994,2025-09-08 16:13:35,,2025-09-08 14:39:17,HealthCare168SHOP,695713792,Preferred(Non-CB),29704810681,✅ส่งฟรี✅ DABELITE อาหารเสริมควบคุมระดับความดันเลือด 1 กล่อง 15 แคปซูล,69440059359,Normal Product,,กลุ่มผลิตภัณฑ์เพื่อสุขภาพ,อาหารเสริม,อาหารเสริมเพื่อสุขภาพ,801,1,คอมมิชชั่นจากร้านค้า,,801,,1.50%,12.015,8.00%,0,12.015,12.015,0,12.015,,0,0.00%,0,100.00%,12.015,รอดำเนินการ,สถานะของสินค้านี้คือ อยู่ระหว่างดำเนินการ คอมมิชชั่นจะถูกคำนวณเพื่อจ่ายหลังสถานะเป็นสำเร็จแล้วเท่านั้น,คำสั่งซื้อจากร้านค้าต่างกัน,ที่มีอยู่,2599adboostco,paris,mng,m01Tik0803,,Facebook
2509080MESDYBP,สำเร็จ,211021971271799,2025-09-08 16:12:52,2025-09-11 10:54:34,2025-09-08 12:02:02,Megastore Outlet,1499648458,C2C(Non-CB),29783661818,ที่ฉีดก้นพกพา ที่ฉีดชำระแบบพกพา ใส่ขวดน้ำได้ทุกแบบ Portable Bidet สีพาสเทล-Outlet Store,108659709261,Normal Product,,เครื่องใช้ในบ้าน,ห้องน้ำ,ฝักบัว ก็อกน้ำ,68,1,คอมมิชชั่นจากร้านค้า,,68,,1.50%,1.02,9.00%,0,1.02,1.02,0,1.02,,0,0.00%,0,100.00%,1.02,สำเร็จ,,คำสั่งซื้อจากร้านค้าต่างกัน,ที่มีอยู่,2599adboostco,paris,mng,m01PetKit0520,,Facebook
2509080MED0NA8,สำเร็จ,211021958252083,2025-09-08 16:12:39,2025-09-11 15:47:52,2025-09-08 16:04:23,Destin,1221750343,C2C(Non-CB),40550301379,Destin🩰พร้อมส่งจากไทย🛒  (TO-5081) รองเท้าผ้าใบแฟชั่น มีสายผูก ทรงสวย งานยางน้ำหนักเบา ลุยน้ำได้ พื้นสูงใส่สบาย,186076869675,Normal Product,,รองเท้าผู้หญิง,รองเท้าผ้าใบ,,135,1,คอมมิชชั่นจากร้านค้า,,107,,2.00%,2.14,7.00%,0,2.14,2.94,0,2.94,,0,0.00%,0,100.00%,2.94,สำเร็จ,,คำสั่งซื้อจากร้านค้าต่างกัน,ที่มีอยู่,2599adboostco,paris,mng,m01Tik0803,,Facebook
2509080MED0NA8,สำเร็จ,211021958252083,2025-09-08 16:12:39,2025-09-11 15:47:52,2025-09-08 16:04:23,Destin,1221750343,C2C(Non-CB),25023625224,Destin🩰พร้อมส่งจากไทย🛒 (LT-LG)รองเท้าแบบสวม นุ่มนิ่มใส่สบาย รองเท้าแตะมะพร้าว ใส่ได้ทั้งผู้หญิงผู้ชาย พื้นนิ่มใส่สบาย,176520129214,Normal Product,,รองเท้าผู้หญิง,รองเท้าแตะ,รองเท้าแตะส้นแบน,49,1,คอมมิชชั่นจากร้านค้า,,40,,2.00%,0.8,7.00%,0,0.8,0,0,0,,0,0.00%,0,100.00%,0,สำเร็จ,,คำสั่งซื้อจากร้านค้าต่างกัน,ที่มีอยู่,2599adboostco,paris,mng,m01Tik0803,,Facebook
2509080M6TR4RH,สำเร็จ,211021704218174,2025-09-08 16:08:24,2025-09-11 13:08:20,2025-09-08 10:49:33,KENTO LITE Official Store,704245124,Shopee Mall(Non-CB),40159308168,KENTO LITE เครื่องตีฟองนม เครื่องตีไข่ ปรับได้3ระดับ สําหรับทํากาแฟ แฟรปเป้ ลาเต้ ช็อกโกแลตร้อน,295779565512,Normal Product,,เครื่องใช้ไฟฟ้าภายในบ้าน,เครื่องใช้ไฟฟ้าในครัว,เครื่องผสมอาหาร,159,1,คอมมิชชั่นจากร้านค้า,,135,,1.50%,2.025,10.00%,0,2.025,2.025,0,2.025,,0,0.00%,0,100.00%,2.025,สำเร็จ,,คำสั่งซื้อจากร้านค้าต่างกัน,ที่มีอยู่,2599adboostco,paris,mng,m56Fazzi0830,,Facebook
2509080M5GTJ1E,สำเร็จ,211021660253120,2025-09-08 16:07:41,2025-09-10 20:02:30,2025-09-08 15:21:47,mtvgroup.ppe,178217952,C2C(Non-CB),10650907029,แว่นตานิรภัยเลนส์ I/O ELVEX:SG61BB50AF,120598098764,Normal Product,,เครื่องประดับ,แว่นตา,อื่นๆ,90,1,คอมมิชชั่นจากร้านค้า,,90,,1.75%,1.575,4.00%,0,1.575,1.575,0,1.575,,0,0.00%,0,100.00%,1.575,สำเร็จ,,คำสั่งซื้อจากร้านค้าต่างกัน,ที่มีอยู่,2599adboostco,paris,mng,m56Fazzi0830,,Facebook
2509080KXX1RYY,รอดำเนินการ,211021439241249,2025-09-08 16:03:59,,2025-09-08 15:37:10,GOOJODOQ Mall Store,813485708,Shopee Mall(CB),27217589154,GOOJODOQ GFS003 มินิแฟน พัดลมมือถือ เงียบ การไหลของอากาศความเร็วสูง การปรับความเร็ว พัดลมคอพับ,207975593425,Normal Product,,มือถือและอุปกรณ์เสริม,อุปกรณ์เสริม,พัดลมมือถือ,399,1,คอมมิชชั่นจากร้านค้า,,254,,1.50%,3.81,9.00%,0,3.81,3.81,0,3.81,,0,0.00%,0,100.00%,3.81,รอดำเนินการ,สถานะของสินค้านี้คือ อยู่ระหว่างดำเนินการ คอมมิชชั่นจะถูกคำนวณเพื่อจ่ายหลังสถานะเป็นสำเร็จแล้วเท่านั้น,คำสั่งซื้อจากร้านค้าต่างกัน,ที่มีอยู่,2599adboostco,paris,mng,m01KFdika0520,,Facebook
2509080KXU514R,รอดำเนินการ,211021436204312,2025-09-08 16:03:56,,2025-09-08 10:21:15,Bosch Autoparts,1020991069,Shopee Mall(Non-CB),24422410009,Bosch ใบปัดน้ำฝนไร้โครง รุ่น Aerotwin Retrofit ขนาด 26/18 นิ้ว HONDA Civic ปี 2017 เป็นต้นไป,147252260422,Normal Product,,รถยนต์ อะไหล่และอุปกรณ์เสริมรถยนต์,ชิ้นส่วนอะไหล่รถยนต์,ที่ปัดน้ำฝน และตัวชะล้าง,854,1,คอมมิชชั่นจากร้านค้า,,692,,1.75%,12.11,5.00%,0,12.11,12.11,0,12.11,,0,0.00%,0,100.00%,12.11,รอดำเนินการ,สถานะของสินค้านี้คือ อยู่ระหว่างดำเนินการ คอมมิชชั่นจะถูกคำนวณเพื่อจ่ายหลังสถานะเป็นสำเร็จแล้วเท่านั้น,คำสั่งซื้อจากร้านค้าต่างกัน,ที่มีอยู่,2599adboostco,paris,mng,m56Fazzi0830,,Facebook
2509080KNESEYC,รอดำเนินการ,211021121251174,2025-09-08 15:58:41,,2025-09-08 15:53:29,Super cool_shop,1144590236,C2C(Non-CB),28120127948,หมวกกันน็อค หมวกกันน๊อก รถจักรยานยนต์ กันลม กันน้ำ แข็งแรงใส่สบายหมวกกันน็อคเต็ม ทนต่อการใช้งาน หมวกกันน็อคเต็มใบ,208047752857,Normal Product,,รถมอเตอร์ไซค์ อะไหล่และอุปกรณ์เสริมมอเตอร์ไซค์,หมวกกันน็อคและอุปกรณ์สวมใส่สำหรับขับขี่,,100,1,คอมมิชชั่นจากร้านค้า,,96,,14.00%,13.44,13.00%,12.48,25.92,13.44,12.48,25.92,,0,0.00%,0,100.00%,25.92,รอดำเนินการ,สถานะของสินค้านี้คือ อยู่ระหว่างดำเนินการ คอมมิชชั่นจะถูกคำนวณเพื่อจ่ายหลังสถานะเป็นสำเร็จแล้วเท่านั้น,สั่งซื้อในร้านค้าเดียวกัน,ใหม่,2599adboostco,paris,mng,m01BMavk0821,,Facebook
2509080KMPY9F5,รอดำเนินการ,211021096273619,2025-09-08 15:58:17,,2025-09-08 15:44:17,Sunsauce Foods Industrial Official Store,205739847,Shopee Mall(Non-CB),4912370857,น้ำจิ้มสุกี้เจ น้ำจิ้มปิ้งย่าง น้ำจิ้มสุกี้ สูตรเจ ขวด 380 กรัม - SUNSAUCE(ซันซอส),90079678069,Normal Product,0_347743717888035_1,อาหารและเครื่องดื่ม,เครื่องปรุง และส่วนผสมปรุงอาหาร,เครื่องปรุงและผงปรุงรส,72,2,คอมมิชชั่นจากร้านค้า,,115,,1.75%,2.0125,5.00%,0,2.0125,4.025,0,4.025,,0,0.00%,0,100.00%,4.025,รอดำเนินการ,สถานะของสินค้านี้คือ อยู่ระหว่างดำเนินการ คอมมิชชั่นจะถูกคำนวณเพื่อจ่ายหลังสถานะเป็นสำเร็จแล้วเท่านั้น,คำสั่งซื้อจากร้านค้าต่างกัน,ที่มีอยู่,2599adboostco,paris,mng,m01FahRain0805,,Facebook
2509080KMPY9F5,รอดำเนินการ,211021096273619,2025-09-08 15:58:17,,2025-09-08 15:44:17,Sunsauce Foods Industrial Official Store,205739847,Shopee Mall(Non-CB),4912370857,น้ำจิ้มสุกี้เจ น้ำจิ้มปิ้งย่าง น้ำจิ้มสุกี้ สูตรเจ ขวด 380 กรัม - SUNSAUCE(ซันซอส),90079678069,Normal Product,0_347743717888035_2,อาหารและเครื่องดื่ม,เครื่องปรุง และส่วนผสมปรุงอาหาร,เครื่องปรุงและผงปรุงรส,72,2,คอมมิชชั่นจากร้านค้า,,115,,1.75%,2.0125,5.00%,0,2.0125,0,0,0,,0,0.00%,0,100.00%,0,รอดำเนินการ,สถานะของสินค้านี้คือ อยู่ระหว่างดำเนินการ คอมมิชชั่นจะถูกคำนวณเพื่อจ่ายหลังสถานะเป็นสำเร็จแล้วเท่านั้น,คำสั่งซื้อจากร้านค้าต่างกัน,ที่มีอยู่,2599adboostco,paris,mng,m01FahRain0805,,Facebook
2509080KKY3F5H,สำเร็จ,211021071244358,2025-09-08 15:57:51,2025-09-10 12:21:04,2025-09-08 08:45:53,PROFILM,237954961,Preferred(Non-CB),20478849540,สเปรย์เคลือบเงา พรีเมี่ยม เคลือบพลาสติก เคลือบสีรถ เคลือบยางดำ เคลือบเบาะคอนโซล PROWAX PREMIUMWAX,127554691920,Normal Product,,รถยนต์ อะไหล่และอุปกรณ์เสริมรถยนต์,ผลิตภัณฑ์ดูแลรถยนต์,ผลิตภัณฑ์ล้างและเคลือบเงารถยนต์,299,1,คอมมิชชั่นจากร้านค้า,,269,,1.75%,4.7075,20.00%,53.8,58.5075,4.7075,53.8,58.5075,,0,0.00%,0,100.00%,58.5075,สำเร็จ,,สั่งซื้อในร้านค้าเดียวกัน,ที่มีอยู่,2599adboostco,paris,mng,m56ProwaVDO0905,,Facebook
2509080KEXWG5H,รอดำเนินการ,211020903282850,2025-09-08 15:55:03,,2025-09-08 15:42:03,Pala_makeup,1221600347,Shopee Mall(Non-CB),44157511112,PALA ไพรเมอร์ SOFTENING AND EVEN SKIN PRIMER SPF50+ PA+++ เบลอรูขุมขน เมคอัพเบส แบรนด์ไทย มีอ.ย.,258601415665,Normal Product,,ผลิตภัณฑ์บำรุงและเสริมความงาม,เครื่องสําอาง,เครื่องสําอางสำหรับผิวหน้า,159,1,คอมมิชชั่นจากร้านค้า,,126,,1.75%,2.205,10.00%,0,2.205,6.44,0,6.44,,0,0.00%,0,100.00%,6.44,รอดำเนินการ,สถานะของสินค้านี้คือ อยู่ระหว่างดำเนินการ คอมมิชชั่นจะถูกคำนวณเพื่อจ่ายหลังสถานะเป็นสำเร็จแล้วเท่านั้น,คำสั่งซื้อจากร้านค้าต่างกัน,ที่มีอยู่,2599adboostco,paris,mng,m01BMavk0821,,Facebook
2509080KEXWG5H,รอดำเนินการ,211020903282850,2025-09-08 15:55:03,,2025-09-08 15:42:03,Pala_makeup,1221600347,Shopee Mall(Non-CB),28137804273,PALA รองพื้น กันน้ำ ปกปิด สำหรับผิวแห้ง Silky Soft Skin-Fit Concealing Liquid Foundation SPF50+PA+++ แบรนด์ไทย,295448291398,Normal Product,,ผลิตภัณฑ์บำรุงและเสริมความงาม,เครื่องสําอาง,เครื่องสําอางสำหรับผิวหน้า,169,1,คอมมิชชั่นจากร้านค้า,,134,,1.75%,2.345,10.00%,0,2.345,0,0,0,,0,0.00%,0,100.00%,0,รอดำเนินการ,สถานะของสินค้านี้คือ อยู่ระหว่างดำเนินการ คอมมิชชั่นจะถูกคำนวณเพื่อจ่ายหลังสถานะเป็นสำเร็จแล้วเท่านั้น,คำสั่งซื้อจากร้านค้าต่างกัน,ที่มีอยู่,2599adboostco,paris,mng,m01BMavk0821,,Facebook
2509080KEXWG5H,รอดำเนินการ,211020903282850,2025-09-08 15:55:03,,2025-09-08 15:42:03,Pala_makeup,1221600347,Shopee Mall(Non-CB),28162902823,ตะกร้าบริษัท PALA ลิปสติก เนื้อแมท บางเบา SUPERSTAY SOFT MATTE LIPSTICK กันน้ำ ติดทนนาน 6เฉดสี 4g.,187849353305,Normal Product,,ผลิตภัณฑ์บำรุงและเสริมความงาม,เครื่องสําอาง,เครื่องสำอางสำหรับริมฝีปาก,94,1,คอมมิชชั่นจากร้านค้า,,75,,1.75%,1.3125,10.00%,0,1.3125,0,0,0,,0,0.00%,0,100.00%,0,รอดำเนินการ,สถานะของสินค้านี้คือ อยู่ระหว่างดำเนินการ คอมมิชชั่นจะถูกคำนวณเพื่อจ่ายหลังสถานะเป็นสำเร็จแล้วเท่านั้น,คำสั่งซื้อจากร้านค้าต่างกัน,ที่มีอยู่,2599adboostco,paris,mng,m01BMavk0821,,Facebook
2509080KEXWG5H,รอดำเนินการ,211020903282850,2025-09-08 15:55:03,,2025-09-08 15:42:03,Pala_makeup,1221600347,Shopee Mall(Non-CB),28837978858,PALA พัฟแต่งหน้า พัฟรองพื้น คุชชั่น ฟองน้ำแต่งหน้า ใช้ได้ทั้งแห้งและเปียก เกลี่ยง่าย ไม่กินเนื้อ,178969286531,Normal Product,,ผลิตภัณฑ์บำรุงและเสริมความงาม,เครื่องมือแต่งหน้า,อุปกรณ์แต่งหน้า,39,1,คอมมิชชั่นจากร้านค้า,,33,,1.75%,0.5775,10.00%,0,0.5775,0,0,0,,0,0.00%,0,100.00%,0,รอดำเนินการ,สถานะของสินค้านี้คือ อยู่ระหว่างดำเนินการ คอมมิชชั่นจะถูกคำนวณเพื่อจ่ายหลังสถานะเป็นสำเร็จแล้วเท่านั้น,คำสั่งซื้อจากร้านค้าต่างกัน,ที่มีอยู่,2599adboostco,paris,mng,m01BMavk0821,,Facebook
2509080KDYCXXR,รอดำเนินการ,211020870237118,2025-09-08 15:54:31,,2025-09-08 09:09:43,keluke1114.th,1405601243,Preferred(CB),24243165312,เหมาะสําหรับเครื่องดูดฝุ่น Dyson V6V7V8V10V11V12V15 กํามะหยี่อ่อนมอเตอร์เปลี่ยนสายยางสีฟ้า,234003298923,Normal Product,0_357482979864895_1,เครื่องใช้ไฟฟ้าภายในบ้าน,เครื่องใช้ไฟฟ้าขนาดเล็กภายในบ้าน,เครื่องดูดฝุ่น  และ อุปกรณ์ดูแลพื้น,32.05479,1,คอมมิชชั่นจากร้านค้า,,26.05479,,1.50%,0.39082,10.00%,0,0.39082,0.77999,0,0.77999,,0,0.00%,0,100.00%,0.77999,รอดำเนินการ,สถานะของสินค้านี้คือ อยู่ระหว่างดำเนินการ คอมมิชชั่นจะถูกคำนวณเพื่อจ่ายหลังสถานะเป็นสำเร็จแล้วเท่านั้น,คำสั่งซื้อจากร้านค้าต่างกัน,ที่มีอยู่,2599adboostco,paris,mng,m01FahRain0805,,Facebook
2509080KDYCXXR,รอดำเนินการ,211020870237118,2025-09-08 15:54:31,,2025-09-08 09:09:43,keluke1114.th,1405601243,Preferred(CB),27571119362,แถบตุ๊กตาสําหรับ Dyson V6 V7 V8 V10 V11 เครื่องดูดฝุ่นหัวลูกกลิ้งแบบนุ่ม,158945792115,Normal Product,0_357482979864895_1,เครื่องใช้ไฟฟ้าภายในบ้าน,เครื่องใช้ไฟฟ้าขนาดเล็กภายในบ้าน,เครื่องดูดฝุ่น  และ อุปกรณ์ดูแลพื้น,32.9452,1,คอมมิชชั่นจากร้านค้า,,25.9452,,1.50%,0.38917,10.00%,0,0.38917,0,0,0,,0,0.00%,0,100.00%,0,รอดำเนินการ,สถานะของสินค้านี้คือ อยู่ระหว่างดำเนินการ คอมมิชชั่นจะถูกคำนวณเพื่อจ่ายหลังสถานะเป็นสำเร็จแล้วเท่านั้น,คำสั่งซื้อจากร้านค้าต่างกัน,ที่มีอยู่,2599adboostco,paris,mng,m01FahRain0805,,Facebook
2509080KD9GPWP,รอดำเนินการ,211020847280057,2025-09-08 15:54:08,,2025-09-06 10:55:26,JJshop 888,347700833,Preferred(Non-CB),20273829574,"JJ shop 💜พร้อมส่ง ชุดบอดี้สูทลายลูกไม้เก๋ๆแต่งสายไขว้ข้างแอบเซ็กซี่ ""SS-5"" -H",137411523387,Normal Product,,เสื้อผ้าผู้หญิง,เสื้อ,บอดี้สูท,115,1,คอมมิชชั่นจากร้านค้า,,103,,1.50%,1.545,4.00%,4.12,5.665,1.545,4.12,5.665,,0,0.00%,0,100.00%,5.665,รอดำเนินการ,สถานะของสินค้านี้คือ อยู่ระหว่างดำเนินการ คอมมิชชั่นจะถูกคำนวณเพื่อจ่ายหลังสถานะเป็นสำเร็จแล้วเท่านั้น,สั่งซื้อในร้านค้าเดียวกัน,ที่มีอยู่,2599adboostco,paris,mng,m01jjshop0803,,Facebook
2509080KA2EDHE,รอดำเนินการ,211020739209907,2025-09-08 15:52:18,,2025-09-08 15:11:29,PrimeGoods.th,1496377049,Preferred(CB),41956824298,"[จัดส่ง 3-5 วัน]ชุดกระดาษทรายฟองน้ําจํานวนมาก 5/10/20 ชิ้น | แผ่นขัดขนาดอนุภาค 5 ชิ้นสําหรับหิน/โลหะ/หิน, 10*7*0.5 ซม.ฐานฟองน้ํา",258581913640,Normal Product,,เครื่องใช้ในบ้าน,เครื่องมือและอุปกรณ์ปรับปรุงบ้าน,เครื่องมือช่าง,92,1,คอมมิชชั่นจากร้านค้า,,82,,1.50%,1.23,7.00%,0,1.23,1.23,0,1.23,,0,0.00%,0,100.00%,1.23,รอดำเนินการ,สถานะของสินค้านี้คือ อยู่ระหว่างดำเนินการ คอมมิชชั่นจะถูกคำนวณเพื่อจ่ายหลังสถานะเป็นสำเร็จแล้วเท่านั้น,คำสั่งซื้อจากร้านค้าต่างกัน,ที่มีอยู่,2599adboostco,paris,mng,m02Rooftop0706,,Facebook
2509080K8EXV8F,สำเร็จ,211020685222846,2025-09-08 15:51:25,2025-09-09 18:24:52,2025-09-08 13:29:19,Lotuss_official,144046792,Shopee Mall(Non-CB),17175681191,ซุปเปอร์ ล็อค กล่องอาหาร ขนาดความจุ 800 มล. รุ่น 5011 (1 แถม 1) SUPER LOCK FOOD SAVER 800ML.(1+1),144883549169,Normal Product,,เครื่องใช้ในบ้าน,เครื่องครัว,ที่ใส่อาหารและเครื่องดื่ม,89,1,คอมมิชชั่นจาก Shopee,,89,,1.50%,1.335,0.00%,0,1.335,1.335,0,1.335,,0,0.00%,0,100.00%,1.335,สำเร็จ,,คำสั่งซื้อจากร้านค้าต่างกัน,ที่มีอยู่,2599adboostco,paris,mng,m01KFdika0520,,Facebook
2509080K86E39T,สำเร็จ,211020676285106,2025-09-08 15:51:16,2025-09-10 19:38:16,2025-09-08 11:09:35,Sumo2020,319998725,Preferred(Non-CB),43059405936,บาสเกตบอล เบอร์7  ลูกบาสเกตบอล หนังPU หนังดูดซับความชื้นคุณภาพที่ดี Basketball,270786474533,Normal Product,,กีฬาและกิจกรรมกลางแจ้ง,อุปกรณ์เล่นกีฬาและกิจกรรมกลางแจ้ง,บาสเกตบอล,299,1,คอมมิชชั่นจาก Shopee,,227,,1.75%,3.9725,0.00%,0,3.9725,3.9725,0,3.9725,,0,0.00%,0,100.00%,3.9725,สำเร็จ,,คำสั่งซื้อจากร้านค้าต่างกัน,ที่มีอยู่,2599adboostco,paris,mng,m01FahRain0805,,Facebook
2509080K6C8FX5,ยกเลิก,211020615286993,2025-09-08 15:50:16,--,2025-09-08 06:06:56,AMS Shop,12663737,Preferred(Non-CB),20338803023,🔵 BLAUPUNKT ใบปัด ใบปัดน้ำฝน Velocity Wiper Blade ไร้โครง มีตัวแปลงหัวล็อค ใส่ได้เกือบทุกรุ่น มาตรฐานเยอรมัน BMW BENZ,164218119414,Normal Product,,รถยนต์ อะไหล่และอุปกรณ์เสริมรถยนต์,ชิ้นส่วนอะไหล่รถยนต์,ที่ปัดน้ำฝน และตัวชะล้าง,344,0,คอมมิชชั่นจาก Shopee,,0,280,1.75%,0,0.00%,0,0,0,0,0,,0,0.00%,0,100.00%,0,ยกเลิก,คำสั่งซื้อไม่ถูกต้อง.,คำสั่งซื้อจากร้านค้าต่างกัน,ที่มีอยู่,2599adboostco,paris,mng,m01FahRain0805,,Facebook
2509080K6C8FX5,ยกเลิก,211020615286993,2025-09-08 15:50:16,--,2025-09-08 06:06:56,AMS Shop,12663737,Preferred(Non-CB),20338803023,🔵 BLAUPUNKT ใบปัด ใบปัดน้ำฝน Velocity Wiper Blade ไร้โครง มีตัวแปลงหัวล็อค ใส่ได้เกือบทุกรุ่น มาตรฐานเยอรมัน BMW BENZ,164218119410,Normal Product,,รถยนต์ อะไหล่และอุปกรณ์เสริมรถยนต์,ชิ้นส่วนอะไหล่รถยนต์,ที่ปัดน้ำฝน และตัวชะล้าง,309,0,คอมมิชชั่นจาก Shopee,,0,253,1.75%,0,0.00%,0,0,0,0,0,,0,0.00%,0,100.00%,0,ยกเลิก,คำสั่งซื้อไม่ถูกต้อง.,คำสั่งซื้อจากร้านค้าต่างกัน,ที่มีอยู่,2599adboostco,paris,mng,m01FahRain0805,,Facebook
2509080K6AAXQ2,รอดำเนินการ,211020613269494,2025-09-08 15:50:13,,2025-09-08 10:05:56,งมือ-8866,1173337418,C2C(Non-CB),27266694030,YG 12 ชิ้น แปรงล้างรถมาตรฐาน TISI วัสดุกันเชื้อรา เหมาะกับอากาศไทย,248616513429,Normal Product,,รถยนต์ อะไหล่และอุปกรณ์เสริมรถยนต์,ผลิตภัณฑ์ดูแลรถยนต์,ผลิตภัณฑ์ล้างและเคลือบเงารถยนต์,99,1,คอมมิชชั่นจากร้านค้า,,99,,1.75%,1.7325,8.00%,0,1.7325,1.7325,0,1.7325,,0,0.00%,0,100.00%,1.7325,รอดำเนินการ,สถานะของสินค้านี้คือ อยู่ระหว่างดำเนินการ คอมมิชชั่นจะถูกคำนวณเพื่อจ่ายหลังสถานะเป็นสำเร็จแล้วเท่านั้น,คำสั่งซื้อจากร้านค้าต่างกัน,ที่มีอยู่,2599adboostco,paris,mng,m01FahRain0805,,Facebook
2509080K5UYK6Q,สำเร็จ,211020598219168,2025-09-08 15:49:58,2025-09-11 16:59:06,2025-09-08 15:35:14,Sorthaweepanstore_online,463846156,C2C(Non-CB),14402795830,เปา ซุปเปอร์  ผลิตภัณฑ์ผงซักฟอก  ขนาด 2500 กรัม,232288324812,Normal Product,,เครื่องใช้ในบ้าน,อุปกรณ์ซักรีดและผลิตภัณฑ์ดูแลบ้าน,ผลิตภัณฑ์ซักรีด,104,1,คอมมิชชั่นจาก Shopee,,88,,1.50%,1.32,0.00%,0,1.32,1.32,0,1.32,,0,0.00%,0,100.00%,1.32,สำเร็จ,,คำสั่งซื้อจากร้านค้าต่างกัน,ที่มีอยู่,2599adboostco,paris,mng,m56Fazzi0830,,Facebook
2509080JPHV3PX,ยกเลิก,211020084297456,2025-09-08 15:41:24,--,2025-09-08 15:31:18,Gym.th,491621733,Preferred(Non-CB),12362117092,ดัมเบล1/2/3/4kg ดัมเบลยาง Dumbbells สำหรับลดไขมันต้นแขน ออกกำลังกาย ฟิตเนส ยางกันกระแทกดัมเบลยกน้ำหนัก,128111394167,Normal Product,,กีฬาและกิจกรรมกลางแจ้ง,อุปกรณ์เล่นกีฬาและกิจกรรมกลางแจ้ง,อุปกรณ์ฟิตเนสและออกกำลังกาย,219,0,คอมมิชชั่นจากร้านค้า,,0,173,1.75%,0,11.00%,0,0,0,0,0,,0,0.00%,0,100.00%,0,ยกเลิก,คำสั่งซื้อไม่ถูกต้อง.,คำสั่งซื้อจากร้านค้าต่างกัน,ที่มีอยู่,2599adboostco,paris,mng,m01YPf0821,,Others
2509080JH73HFN,รอดำเนินการ,211019905233612,2025-09-08 15:38:25,,2025-09-06 22:49:02,เพื่อนครัวChiangmai Bakermart,217266369,C2C(Non-CB),16983390057,Pretzel Salt 500 g. เกลือเพรทเซล สำหรับโรยขนมปัง/ ขนมอบ (05-7945-31),49031973157,Normal Product,,อาหารและเครื่องดื่ม,วัตถุดิบสำหรับทำขนม,อื่นๆ,108,1,คอมมิชชั่นจาก Shopee,,108,,1.75%,1.89,0.00%,0,1.89,1.89,0,1.89,,0,0.00%,0,100.00%,1.89,รอดำเนินการ,สถานะของสินค้านี้คือ อยู่ระหว่างดำเนินการ คอมมิชชั่นจะถูกคำนวณเพื่อจ่ายหลังสถานะเป็นสำเร็จแล้วเท่านั้น,คำสั่งซื้อจากร้านค้าต่างกัน,ที่มีอยู่,2599adboostco,paris,mng,m01CardiPT0904,,Facebook
2509080JFA24T0,สำเร็จ,211019841221508,2025-09-08 15:37:22,2025-09-11 17:34:49,2025-09-08 05:22:36,BIF_officialshop,82254146,Shopee Mall(Non-CB),12345422354,(ยกลัง) แป้งข้าวจ้าว ตราใบหยก 1 kg. x 10 ถุง,132053659728,Normal Product,,อาหารและเครื่องดื่ม,วัตถุดิบสำหรับทำขนม,แป้งทำขนม,320,1,คอมมิชชั่นจาก Shopee,,240,,1.75%,4.2,0.00%,0,4.2,4.2,0,4.2,,0,0.00%,0,100.00%,4.2,สำเร็จ,,คำสั่งซื้อจากร้านค้าต่างกัน,ที่มีอยู่,2599adboostco,paris,mng,m01FahRain0805,,Facebook
2509080JFA24SY,สำเร็จ,211019841221508,2025-09-08 15:37:22,2025-09-11 17:34:43,2025-09-08 05:22:36,BIF_officialshop,82254146,Shopee Mall(Non-CB),10669132065,(ยกลัง) แป้งข้าวเหนียว ตราใบหยก 1 kg. x 10 ถุง,132053986273,Normal Product,,อาหารและเครื่องดื่ม,วัตถุดิบสำหรับทำขนม,แป้งทำขนม,400,1,คอมมิชชั่นจาก Shopee,,300,,1.75%,5.25,0.00%,0,5.25,5.25,0,5.25,,0,0.00%,0,100.00%,5.25,สำเร็จ,,คำสั่งซื้อจากร้านค้าต่างกัน,ที่มีอยู่,2599adboostco,paris,mng,m01FahRain0805,,Facebook
2509080JFA24SX,สำเร็จ,211019841221508,2025-09-08 15:37:22,2025-09-11 17:34:46,2025-09-08 05:22:36,BIF_officialshop,82254146,Shopee Mall(Non-CB),10669132065,(ยกลัง) แป้งข้าวเหนียว ตราใบหยก 1 kg. x 10 ถุง,132053986273,Normal Product,,อาหารและเครื่องดื่ม,วัตถุดิบสำหรับทำขนม,แป้งทำขนม,400,1,คอมมิชชั่นจาก Shopee,,300,,1.75%,5.25,0.00%,0,5.25,5.25,0,5.25,,0,0.00%,0,100.00%,5.25,สำเร็จ,,คำสั่งซื้อจากร้านค้าต่างกัน,ที่มีอยู่,2599adboostco,paris,mng,m01FahRain0805,,Facebook
2509080JDB44RM,สำเร็จ,211019775238716,2025-09-08 15:36:16,2025-09-11 14:32:54,2025-09-08 07:29:44,YOTEX Official shop,713499361,Shopee Mall(Non-CB),3098543787,Yotex แบตตาเลี่ยน ปัตตาเลี่ยน แบตตาเลี่ยนตัดผม ที่ตัดผมผู้ชาย ปัตตาเลี่ยนตัดผมไฟฟ้าไร้สาย,134669780709,Normal Product,,ผลิตภัณฑ์บำรุงและเสริมความงาม,ผลิตภัณฑ์ดูแลผู้ชาย,ผลิตภัณฑ์โกนหนวด,162,1,คอมมิชชั่นจากร้านค้า,,145,,1.75%,2.5375,8.00%,0,2.5375,2.5375,0,2.5375,,0,0.00%,0,100.00%,2.5375,สำเร็จ,,คำสั่งซื้อจากร้านค้าต่างกัน,ที่มีอยู่,2599adboostco,paris,mng,m01Tik0803,,Facebook
2509080JD3J2X5,รอดำเนินการ,211019767296795,2025-09-08 15:36:07,,2025-09-08 14:52:51,LoveToBeMe1,185363988,Preferred(Non-CB),25055715727,น้ำหอมรถยนต์ ปรับอากาศ แบบแขวน กลิ่นเดียวกับช็อป จากฝรั่งเศส ลดกลิ่นอับ ไม่เวียนหัว ใช้ได้เป็นเดือน,225946004723,Normal Product,,รถยนต์ อะไหล่และอุปกรณ์เสริมรถยนต์,อุปกรณ์เสริมภายในรถยนต์,น้ำหอมปรับอากาศ,129,1,คอมมิชชั่นจากร้านค้า,,107,,1.75%,1.8725,4.00%,0,1.8725,1.8725,0,1.8725,,0,0.00%,0,100.00%,1.8725,รอดำเนินการ,สถานะของสินค้านี้คือ อยู่ระหว่างดำเนินการ คอมมิชชั่นจะถูกคำนวณเพื่อจ่ายหลังสถานะเป็นสำเร็จแล้วเท่านั้น,คำสั่งซื้อจากร้านค้าต่างกัน,ที่มีอยู่,2599adboostco,paris,mng,m02Rooftop0706,,Facebook
2509080JD3FFCR,รอดำเนินการ,211019767210829,2025-09-08 15:36:07,,2025-09-08 11:07:46,Skechers Thailand,250362237,Shopee Mall(Non-CB),24867336491,Skechers สเก็ตเชอร์ส รองเท้าผู้ชาย Men GOwalk 7 Walking Shoes - 216645-BBK Air-Cooled Goga Mat,217352257938,Normal Product,,รองเท้าผู้ชาย,รองเท้าผ้าใบ,,2990,1,คอมมิชชั่นจากร้านค้า,,1345,,1.75%,23.5375,15.00%,0,23.5375,23.5375,0,23.5375,,0,0.00%,0,100.00%,23.5375,รอดำเนินการ,สถานะของสินค้านี้คือ อยู่ระหว่างดำเนินการ คอมมิชชั่นจะถูกคำนวณเพื่อจ่ายหลังสถานะเป็นสำเร็จแล้วเท่านั้น,คำสั่งซื้อจากร้านค้าต่างกัน,ที่มีอยู่,2599adboostco,paris,mng,m01YPf0821,,Facebook
2509080JC9SXPG,รอดำเนินการ,211019740298095,2025-09-08 15:35:40,,2025-09-08 06:51:57,tony090303.th,261400690,Preferred(CB),22351119671,เคสมือถือ กันกระแทก สําหรับ iPhone 8 7 6 6s Plus SE 2022 2020,214500978128,Normal Product,,มือถือและอุปกรณ์เสริม,อุปกรณ์เสริม,เคสมือถือและแท็บเล็ต,95,1,คอมมิชชั่นจากร้านค้า,,93,,1.50%,1.395,7.00%,0,1.395,1.395,0,1.395,,0,0.00%,0,100.00%,1.395,รอดำเนินการ,สถานะของสินค้านี้คือ อยู่ระหว่างดำเนินการ คอมมิชชั่นจะถูกคำนวณเพื่อจ่ายหลังสถานะเป็นสำเร็จแล้วเท่านั้น,คำสั่งซื้อจากร้านค้าต่างกัน,ที่มีอยู่,2599adboostco,paris,mng,m01FahRain0805,,Facebook
2509080J94ME0V,สำเร็จ,211019634208504,2025-09-08 15:33:54,2025-09-11 08:20:03,2025-09-08 14:12:01,3BROSHOME.th,854257555,Preferred(CB),23244639043,กรองแอร์คาร์บอน ไส้กรองแอร์ รุ่นคาร์บอน สำหรับ ISUZU DMAX 2011-2022 NEW D-MAX 1.9 MU-X COLORADO TRAILBLAZER ’12 TRITON PAJERO '1,184345163408,Normal Product,,รถยนต์ อะไหล่และอุปกรณ์เสริมรถยนต์,ชิ้นส่วนอะไหล่รถยนต์,ชิ้นส่วนเครื่องยนต์,79,1,คอมมิชชั่นจากร้านค้า,,71,,1.75%,1.2425,10.00%,0,1.2425,1.2425,0,1.2425,,0,0.00%,0,100.00%,1.2425,สำเร็จ,,คำสั่งซื้อจากร้านค้าต่างกัน,ที่มีอยู่,2599adboostco,paris,mng,m56Fazzi0830,,Facebook
2509080J26F0S7,รอดำเนินการ,211019401244713,2025-09-08 15:30:01,,2025-09-08 10:10:56,HOMUHOME,314026529,C2C(Non-CB),8570206652,HOMUHOME【ถูกที่สุด】ม่านกันยุง ม่านประตู ไฟเบอร์กลาส ของแท้ มู่ลี่ประตู KD1 SET1 S14 GI GO GJ GR,215569799596,Normal Product,,เครื่องใช้ในบ้าน,อุปกรณ์ตกแต่งบ้าน,ม่าน,138,1,คอมมิชชั่นจากร้านค้า,,135,,1.50%,2.025,12.00%,0,2.025,2.025,0,2.025,,0,0.00%,0,100.00%,2.025,รอดำเนินการ,สถานะของสินค้านี้คือ อยู่ระหว่างดำเนินการ คอมมิชชั่นจะถูกคำนวณเพื่อจ่ายหลังสถานะเป็นสำเร็จแล้วเท่านั้น,คำสั่งซื้อจากร้านค้าต่างกัน,ที่มีอยู่,2599adboostco,paris,mng,m01Tik0803,,Facebook
2509080J17Y24E,รอดำเนินการ,211019369261987,2025-09-08 15:29:30,,2025-09-08 11:47:03,Kokoro1,1332208924,C2C(Non-CB),26289402442,💥50 ปี ใช้ก็ไม่เสีย💥 แผ่นยาง EVA หนา 2/7 มม. ความหนาแน่นสูง แผ่นปูพื้น ยางปูพื้น ทนไฟสารหน่วงไฟ แผ่นยางหนา eva โฟม,265937940692,Normal Product,,เครื่องใช้ในบ้าน,เครื่องมือและอุปกรณ์ปรับปรุงบ้าน,วัสดุปูพื้นและผนัง,169,5,คอมมิชชั่นจาก Shopee,,845,,1.50%,12.675,0.00%,0,12.675,12.675,0,12.675,,0,0.00%,0,100.00%,12.675,รอดำเนินการ,สถานะของสินค้านี้คือ อยู่ระหว่างดำเนินการ คอมมิชชั่นจะถูกคำนวณเพื่อจ่ายหลังสถานะเป็นสำเร็จแล้วเท่านั้น,คำสั่งซื้อจากร้านค้าต่างกัน,ที่มีอยู่,2599adboostco,paris,mng,m01KFdika0520,,Facebook
2509080HVK5DW6,สำเร็จ,211019213230226,2025-09-08 15:26:53,2025-09-10 11:15:41,2025-09-08 10:32:19," MNIKS",177947633,C2C(Non-CB),5669738803,Purina One เพียวริน่าวัน อาหารแมว ขนาด 1.2 kg (MNIKS),241872932052,Normal Product,,สัตว์เลี้ยง,อาหารสัตว์,อาหารแมว,309,1,คอมมิชชั่นจาก Shopee,,247,,1.75%,4.3225,0.00%,0,4.3225,4.3225,0,4.3225,,0,0.00%,0,100.00%,4.3225,สำเร็จ,,คำสั่งซื้อจากร้านค้าต่างกัน,ที่มีอยู่,2599adboostco,paris,mng,m01kaofangMeow0303,,Facebook
2509080HTJC3HV,รอดำเนินการ,211019145294073,2025-09-08 15:25:45,,2025-09-08 14:47:20,HOME by Nokky,391966900,Preferred(Non-CB),16692313059,ไม้แขวนเสื้อพลาสติกกันลื่น ยกลัง 50 ชิ้น ไม้แขวนเสื้อ สไตล์มินิมอล สีพาสเทล #โค้งX10,213755551858,Normal Product,,เครื่องใช้ในบ้าน,อุปกรณ์สำหรับจัดเก็บ,ไม้แขวนผ้า,289,1,คอมมิชชั่นจากร้านค้า,,260,,1.50%,3.9,5.00%,0,3.9,3.9,0,3.9,,0,0.00%,0,100.00%,3.9,รอดำเนินการ,สถานะของสินค้านี้คือ อยู่ระหว่างดำเนินการ คอมมิชชั่นจะถูกคำนวณเพื่อจ่ายหลังสถานะเป็นสำเร็จแล้วเท่านั้น,คำสั่งซื้อจากร้านค้าต่างกัน,ที่มีอยู่,2599adboostco,paris,mng,m01BMavk0821,,Facebook
2509080HRFK7P7,รอดำเนินการ,211019075272597,2025-09-08 15:24:35,,2025-09-08 12:49:54,Heng.heng_official,251235494,C2C(Non-CB),27930616296,(แพ็ค 3 ถุง)❤️ Benice บีไนซ์ ครีมอาบน้ำ สูตรผิวสวยกระจ่างใสเปร่งประกาย ขนาด400 มล. ถุงเติม รีฟิล,206126239552,Normal Product,,ผลิตภัณฑ์บำรุงและเสริมความงาม,สบู่อาบน้ำและผลิตภัณฑ์ดูแลผิวกาย,สบู่ชำระผิวกาย,149,1,คอมมิชชั่นจาก Shopee,,126,,1.75%,2.205,0.00%,0,2.205,2.205,0,2.205,,0,0.00%,0,100.00%,2.205,รอดำเนินการ,สถานะของสินค้านี้คือ อยู่ระหว่างดำเนินการ คอมมิชชั่นจะถูกคำนวณเพื่อจ่ายหลังสถานะเป็นสำเร็จแล้วเท่านั้น,คำสั่งซื้อจากร้านค้าต่างกัน,ที่มีอยู่,2599adboostco,paris,mng,m01KFdika0520,,Facebook
2509080HPKENC8,สำเร็จ,211019012212699,2025-09-08 15:23:32,2025-09-09 23:10:28,2025-09-08 06:08:36,EVEANDBOY,388038998,Shopee Mall(Non-CB),28186148224,NUMJU - Body White Booster Cream (100g) นัมจู บอดิ้ ไวท์ บูสเตอร์ ครีม,253387228867,Normal Product,,ผลิตภัณฑ์บำรุงและเสริมความงาม,สบู่อาบน้ำและผลิตภัณฑ์ดูแลผิวกาย,"ผลิตภัณฑ์บำรุงผิวกาย เนื้อครีม, โลชั่น, บัตเตอร์",359,1,คอมมิชชั่นจาก Shopee,,287,,1.75%,5.0225,0.00%,0,5.0225,5.0225,0,5.0225,,0,0.00%,0,100.00%,5.0225,สำเร็จ,,คำสั่งซื้อจากร้านค้าต่างกัน,ที่มีอยู่,2599adboostco,paris,mng,m01YPf0821,,Facebook
2509080HHEESQC,รอดำเนินการ,211018839208221,2025-09-08 15:20:39,,2025-09-08 15:05:15,A HELLO GIRL,160286087,Shopee Mall(CB),28967337967,กิ๊บติดผมโบว์ลายสก๊อตไม่มีรอยต่อคลิปหน้าม้าผู้หญิงใหม่หน้าผากคลิปด้านข้าง หมวก,247009167240,Normal Product,0_354295921180790_3,เครื่องประดับ,เครื่องประดับผม,กิ๊บติดผม & ปิ่นปักผม,14,1,คอมมิชชั่นจากร้านค้า,,13,,1.75%,0.2275,7.00%,0,0.2275,3.3075,0,3.3075,,0,0.00%,0,100.00%,3.3075,รอดำเนินการ,สถานะของสินค้านี้คือ อยู่ระหว่างดำเนินการ คอมมิชชั่นจะถูกคำนวณเพื่อจ่ายหลังสถานะเป็นสำเร็จแล้วเท่านั้น,คำสั่งซื้อจากร้านค้าต่างกัน,ที่มีอยู่,2599adboostco,paris,mng,m01PetKit0520,,Facebook
2509080HHEESQC,รอดำเนินการ,211018839208221,2025-09-08 15:20:39,,2025-09-08 15:05:15,A HELLO GIRL,160286087,Shopee Mall(CB),19122275146,A HELLO GIRL ยางรัดผม ทรงสามเหลี่ยม ประดับลูกปัด ไข่มุก ยืดหยุ่นสูง เครื่องประดับผม แฟชั่นเกาหลี สําหรับเด็กผู้หญิง,211167154015,Normal Product,0_354296151868131_2,เครื่องประดับ,เครื่องประดับผม,ยางรัดผม & โบว์ผูกผม,10,1,คอมมิชชั่นจากร้านค้า,,10,,1.75%,0.175,7.00%,0,0.175,0,0,0,,0,0.00%,0,100.00%,0,รอดำเนินการ,สถานะของสินค้านี้คือ อยู่ระหว่างดำเนินการ คอมมิชชั่นจะถูกคำนวณเพื่อจ่ายหลังสถานะเป็นสำเร็จแล้วเท่านั้น,คำสั่งซื้อจากร้านค้าต่างกัน,ที่มีอยู่,2599adboostco,paris,mng,m01PetKit0520,,Facebook
2509080HHEESQC,รอดำเนินการ,211018839208221,2025-09-08 15:20:39,,2025-09-08 15:05:15,A HELLO GIRL,160286087,Shopee Mall(CB),23790534566,สไตล์วิทยาลัยลายสก๊อตสีแดงกิ๊บขนาดเล็กหญิงด้านเรียบลดอายุอารมณ์ ใบเรียกเก็บเงินเป็ด คลิปเครื่องประดับผม,242184723724,Normal Product,0_354296151868131_1,เครื่องประดับ,เครื่องประดับผม,กิ๊บติดผม & ปิ่นปักผม,20,1,คอมมิชชั่นจากร้านค้า,,17,,1.75%,0.2975,7.00%,0,0.2975,0,0,0,,0,0.00%,0,100.00%,0,รอดำเนินการ,สถานะของสินค้านี้คือ อยู่ระหว่างดำเนินการ คอมมิชชั่นจะถูกคำนวณเพื่อจ่ายหลังสถานะเป็นสำเร็จแล้วเท่านั้น,คำสั่งซื้อจากร้านค้าต่างกัน,ที่มีอยู่,2599adboostco,paris,mng,m01PetKit0520,,Facebook
2509080HHEESQC,รอดำเนินการ,211018839208221,2025-09-08 15:20:39,,2025-09-08 15:05:15,A HELLO GIRL,160286087,Shopee Mall(CB),28013839882,ฝรั่งเศสย้อนยุคที่เรียบง่ายกิ๊บแฟชั่นอเนกประสงค์แต่งหน้าที่ไร้รอยต่อขอบคลิปฤดูใบไม้ร่วงฤดูหนาวอารมณ์อุปกรณ์ผม,118477115424,Normal Product,0_354296151868131_2,เครื่องประดับ,เครื่องประดับผม,กิ๊บติดผม & ปิ่นปักผม,16,1,คอมมิชชั่นจากร้านค้า,,14,,1.75%,0.245,7.00%,0,0.245,0,0,0,,0,0.00%,0,100.00%,0,รอดำเนินการ,สถานะของสินค้านี้คือ อยู่ระหว่างดำเนินการ คอมมิชชั่นจะถูกคำนวณเพื่อจ่ายหลังสถานะเป็นสำเร็จแล้วเท่านั้น,คำสั่งซื้อจากร้านค้าต่างกัน,ที่มีอยู่,2599adboostco,paris,mng,m01PetKit0520,,Facebook
2509080HHEESQC,รอดำเนินการ,211018839208221,2025-09-08 15:20:39,,2025-09-08 15:05:15,A HELLO GIRL,160286087,Shopee Mall(CB),26602833412,ฝรั่งเศสที่เรียบง่ายแต่งหน้าที่ไร้รอยต่อกิ๊บสําหรับผู้หญิงฤดูใบไม้ผลิระดับไฮเอนด์ด้านผมหักเรียบกิ๊บ ใบเรียกเก็บเงินเป็ด คลิป,251158729070,Normal Product,0_354295921180790_4,เครื่องประดับ,เครื่องประดับผม,กิ๊บติดผม & ปิ่นปักผม,14,1,คอมมิชชั่นจากร้านค้า,,12,,1.75%,0.21,7.00%,0,0.21,0,0,0,,0,0.00%,0,100.00%,0,รอดำเนินการ,สถานะของสินค้านี้คือ อยู่ระหว่างดำเนินการ คอมมิชชั่นจะถูกคำนวณเพื่อจ่ายหลังสถานะเป็นสำเร็จแล้วเท่านั้น,คำสั่งซื้อจากร้านค้าต่างกัน,ที่มีอยู่,2599adboostco,paris,mng,m01PetKit0520,,Facebook
2509080HHEESQC,รอดำเนินการ,211018839208221,2025-09-08 15:20:39,,2025-09-08 15:05:15,A HELLO GIRL,160286087,Shopee Mall(CB),5342245117,A HELLO GIRL ยางรัดผมหางม้า ลายเชอร์รี่น่ารัก เครื่องประดับ สําหรับผู้หญิง,60291868343,Normal Product,0_354296151868131_2,เครื่องประดับ,เครื่องประดับผม,ยางรัดผม & โบว์ผูกผม,12,1,คอมมิชชั่นจากร้านค้า,,10,,1.75%,0.175,7.00%,0,0.175,0,0,0,,0,0.00%,0,100.00%,0,รอดำเนินการ,สถานะของสินค้านี้คือ อยู่ระหว่างดำเนินการ คอมมิชชั่นจะถูกคำนวณเพื่อจ่ายหลังสถานะเป็นสำเร็จแล้วเท่านั้น,คำสั่งซื้อจากร้านค้าต่างกัน,ที่มีอยู่,2599adboostco,paris,mng,m01PetKit0520,,Facebook
2509080HHEESQC,รอดำเนินการ,211018839208221,2025-09-08 15:20:39,,2025-09-08 15:05:15,A HELLO GIRL,160286087,Shopee Mall(CB),27481789128,กิ๊บติดผมแบบใหม่หัวหลังขนาดใหญ่พร้อมคลิปหนีบฉลามอเนกประสงค์แบบเรียบง่ายให้ความรู้สึกระดับไฮเอนด์สําหรับผู้หญิง,234037599866,Normal Product,0_354296151868131_1,เครื่องประดับ,เครื่องประดับผม,กิ๊บติดผม & ปิ่นปักผม,19,1,คอมมิชชั่นจากร้านค้า,,16,,1.75%,0.28,7.00%,0,0.28,0,0,0,,0,0.00%,0,100.00%,0,รอดำเนินการ,สถานะของสินค้านี้คือ อยู่ระหว่างดำเนินการ คอมมิชชั่นจะถูกคำนวณเพื่อจ่ายหลังสถานะเป็นสำเร็จแล้วเท่านั้น,คำสั่งซื้อจากร้านค้าต่างกัน,ที่มีอยู่,2599adboostco,paris,mng,m01PetKit0520,,Facebook
2509080HHEESQC,รอดำเนินการ,211018839208221,2025-09-08 15:20:39,,2025-09-08 15:05:15,A HELLO GIRL,160286087,Shopee Mall(CB),19122275146,A HELLO GIRL ยางรัดผม ทรงสามเหลี่ยม ประดับลูกปัด ไข่มุก ยืดหยุ่นสูง เครื่องประดับผม แฟชั่นเกาหลี สําหรับเด็กผู้หญิง,211167154014,Normal Product,,เครื่องประดับ,เครื่องประดับผม,ยางรัดผม & โบว์ผูกผม,10,1,คอมมิชชั่นจากร้านค้า,,10,,1.75%,0.175,7.00%,0,0.175,0,0,0,,0,0.00%,0,100.00%,0,รอดำเนินการ,สถานะของสินค้านี้คือ อยู่ระหว่างดำเนินการ คอมมิชชั่นจะถูกคำนวณเพื่อจ่ายหลังสถานะเป็นสำเร็จแล้วเท่านั้น,คำสั่งซื้อจากร้านค้าต่างกัน,ที่มีอยู่,2599adboostco,paris,mng,m01PetKit0520,,Facebook
2509080HHEESQC,รอดำเนินการ,211018839208221,2025-09-08 15:20:39,,2025-09-08 15:05:15,A HELLO GIRL,160286087,Shopee Mall(CB),24426259251,ใหม่น่ารักสาวที่เรียบง่ายกิ๊บอเนกประสงค์ด้านผมหักปังเป็ดปากคลิป,178169521268,Normal Product,0_354295921180790_3,เครื่องประดับ,เครื่องประดับผม,กิ๊บติดผม & ปิ่นปักผม,16,1,คอมมิชชั่นจากร้านค้า,,14,,1.75%,0.245,7.00%,0,0.245,0,0,0,,0,0.00%,0,100.00%,0,รอดำเนินการ,สถานะของสินค้านี้คือ อยู่ระหว่างดำเนินการ คอมมิชชั่นจะถูกคำนวณเพื่อจ่ายหลังสถานะเป็นสำเร็จแล้วเท่านั้น,คำสั่งซื้อจากร้านค้าต่างกัน,ที่มีอยู่,2599adboostco,paris,mng,m01PetKit0520,,Facebook
2509080HHEESQC,รอดำเนินการ,211018839208221,2025-09-08 15:20:39,,2025-09-08 15:05:15,A HELLO GIRL,160286087,Shopee Mall(CB),25873057763,2024 ใหม ่ Little Fresh และ Clever Dopamine สีรูปไข ่ เป ็ ดเรียกเก ็ บเงินบาง Fragmented ผมคลิปด ้ านข ้ าง HELLO GIRL,256118469118,Normal Product,0_354295921180790_4,เครื่องประดับ,เครื่องประดับผม,กิ๊บติดผม & ปิ่นปักผม,14,1,คอมมิชชั่นจากร้านค้า,,13,,1.75%,0.2275,7.00%,0,0.2275,0,0,0,,0,0.00%,0,100.00%,0,รอดำเนินการ,สถานะของสินค้านี้คือ อยู่ระหว่างดำเนินการ คอมมิชชั่นจะถูกคำนวณเพื่อจ่ายหลังสถานะเป็นสำเร็จแล้วเท่านั้น,คำสั่งซื้อจากร้านค้าต่างกัน,ที่มีอยู่,2599adboostco,paris,mng,m01PetKit0520,,Facebook
2509080HHEESQC,รอดำเนินการ,211018839208221,2025-09-08 15:20:39,,2025-09-08 15:05:15,A HELLO GIRL,160286087,Shopee Mall(CB),27481789128,กิ๊บติดผมแบบใหม่หัวหลังขนาดใหญ่พร้อมคลิปหนีบฉลามอเนกประสงค์แบบเรียบง่ายให้ความรู้สึกระดับไฮเอนด์สําหรับผู้หญิง,234037599860,Normal Product,0_354296151868131_1,เครื่องประดับ,เครื่องประดับผม,กิ๊บติดผม & ปิ่นปักผม,19,1,คอมมิชชั่นจากร้านค้า,,17,,1.75%,0.2975,7.00%,0,0.2975,0,0,0,,0,0.00%,0,100.00%,0,รอดำเนินการ,สถานะของสินค้านี้คือ อยู่ระหว่างดำเนินการ คอมมิชชั่นจะถูกคำนวณเพื่อจ่ายหลังสถานะเป็นสำเร็จแล้วเท่านั้น,คำสั่งซื้อจากร้านค้าต่างกัน,ที่มีอยู่,2599adboostco,paris,mng,m01PetKit0520,,Facebook
2509080HHEESQC,รอดำเนินการ,211018839208221,2025-09-08 15:20:39,,2025-09-08 15:05:15,A HELLO GIRL,160286087,Shopee Mall(CB),29385336926,ผ้ายีนส์BBคลิปที่เรียบง่ายอเนกประสงค์เรียบคลิปกิ๊บขอบคลิปเกาหลีหน้าผากเรียบคลิปอุปกรณ์ผม,227766713447,Normal Product,0_354296151868131_2,เครื่องประดับ,เครื่องประดับผม,กิ๊บติดผม & ปิ่นปักผม,14,1,คอมมิชชั่นจากร้านค้า,,12,,1.75%,0.21,7.00%,0,0.21,0,0,0,,0,0.00%,0,100.00%,0,รอดำเนินการ,สถานะของสินค้านี้คือ อยู่ระหว่างดำเนินการ คอมมิชชั่นจะถูกคำนวณเพื่อจ่ายหลังสถานะเป็นสำเร็จแล้วเท่านั้น,คำสั่งซื้อจากร้านค้าต่างกัน,ที่มีอยู่,2599adboostco,paris,mng,m01PetKit0520,,Facebook
2509080HHEESQC,รอดำเนินการ,211018839208221,2025-09-08 15:20:39,,2025-09-08 15:05:15,A HELLO GIRL,160286087,Shopee Mall(CB),25238122334,1/2ชิ้นสีแดงดาวกิ๊บแฟชั่นเกาหลีอเนกประสงค์ด้านคลิปอารมณ์หวานอุปกรณ์ผม,241982354548,Normal Product,,เครื่องประดับ,เครื่องประดับผม,กิ๊บติดผม & ปิ่นปักผม,16,1,คอมมิชชั่นจากร้านค้า,,15,,1.75%,0.2625,7.00%,0,0.2625,0,0,0,,0,0.00%,0,100.00%,0,รอดำเนินการ,สถานะของสินค้านี้คือ อยู่ระหว่างดำเนินการ คอมมิชชั่นจะถูกคำนวณเพื่อจ่ายหลังสถานะเป็นสำเร็จแล้วเท่านั้น,คำสั่งซื้อจากร้านค้าต่างกัน,ที่มีอยู่,2599adboostco,paris,mng,m01PetKit0520,,Facebook
2509080HHEESQC,รอดำเนินการ,211018839208221,2025-09-08 15:20:39,,2025-09-08 15:05:15,A HELLO GIRL,160286087,Shopee Mall(CB),28013839882,ฝรั่งเศสย้อนยุคที่เรียบง่ายกิ๊บแฟชั่นอเนกประสงค์แต่งหน้าที่ไร้รอยต่อขอบคลิปฤดูใบไม้ร่วงฤดูหนาวอารมณ์อุปกรณ์ผม,118477115425,Normal Product,0_354296151868131_1,เครื่องประดับ,เครื่องประดับผม,กิ๊บติดผม & ปิ่นปักผม,16,1,คอมมิชชั่นจากร้านค้า,,16,,1.75%,0.28,7.00%,0,0.28,0,0,0,,0,0.00%,0,100.00%,0,รอดำเนินการ,สถานะของสินค้านี้คือ อยู่ระหว่างดำเนินการ คอมมิชชั่นจะถูกคำนวณเพื่อจ่ายหลังสถานะเป็นสำเร็จแล้วเท่านั้น,คำสั่งซื้อจากร้านค้าต่างกัน,ที่มีอยู่,2599adboostco,paris,mng,m01PetKit0520,,Facebook
2509080HFMAQ6X,สำเร็จ,211018778256200,2025-09-08 15:19:39,2025-09-09 10:41:10,2025-09-08 15:02:55,petjungshop,1213579370,Shopee Mall(Non-CB),28173996357,KUMA PETTO ทิชชู่เปียกสำหรับสัตว์เลี้ยง​ ​1 ห่อ (40 แผ่น),215735486033,Normal Product,,สัตว์เลี้ยง,อุปกรณ์ทำความสะอาดและตกแต่งขน,อุปกรณ์ดูแลขนสัตว์เลี้ยง,39,2,คอมมิชชั่นจาก Shopee,,78,,1.75%,1.365,0.00%,0,1.365,5.95,0,5.95,,0,0.00%,0,100.00%,5.95,สำเร็จ,,คำสั่งซื้อจากร้านค้าต่างกัน,ที่มีอยู่,2599adboostco,paris,mng,m01kaofangMeow0303,,Facebook
2509080HFMAQ6X,สำเร็จ,211018778256200,2025-09-08 15:19:39,2025-09-09 10:41:10,2025-09-08 15:02:55,petjungshop,1213579370,Shopee Mall(Non-CB),29602608124,Kanimal Grooming Tools แปรงหวีขน กรรไกรตัดเล็บ สำหรับสัตว์เลี้ยง,256006370465,Normal Product,,สัตว์เลี้ยง,อุปกรณ์ทำความสะอาดและตกแต่งขน,อุปกรณ์ตัดแต่งเล็บสัตว์เลี้ยง,83,1,คอมมิชชั่นจาก Shopee,,83,,1.75%,1.4525,0.00%,0,1.4525,0,0,0,,0,0.00%,0,100.00%,0,สำเร็จ,,คำสั่งซื้อจากร้านค้าต่างกัน,ที่มีอยู่,2599adboostco,paris,mng,m01kaofangMeow0303,,Facebook
2509080HFMAQ6X,สำเร็จ,211018778256200,2025-09-08 15:19:39,2025-09-09 10:41:10,2025-09-08 15:02:55,petjungshop,1213579370,Shopee Mall(Non-CB),29656001474,Kanimal Floor Cleaner น้ำยาเช็ดพื้น น้ำยาถูพื้น กำจัดกลิ่นเหม็น และแบคทีเรีย สำหรับสุนัข แมว กระต่าย (มี 2 ขนาด),148716962043,Normal Product,,สัตว์เลี้ยง,อุปกรณ์สำหรับสัตว์เลี้ยง,อื่นๆ,179,1,คอมมิชชั่นจาก Shopee,,179,,1.75%,3.1325,0.00%,0,3.1325,0,0,0,,0,0.00%,0,100.00%,0,สำเร็จ,,คำสั่งซื้อจากร้านค้าต่างกัน,ที่มีอยู่,2599adboostco,paris,mng,m01kaofangMeow0303,,Facebook
2509080HBFS1FY,สำเร็จ,211018639253875,2025-09-08 15:17:19,2025-09-09 21:39:11,2025-09-08 11:34:31,Dr. Pong shop,6583190,Shopee Mall(Non-CB),26116945369,[9.9 ลดใหญ่] Dr.PONG IMS10 PROBIOTIC โพรไบโอติกเสริมภูมิคุ้มกัน ลดอาการภูมิแพ้ ผื่นคัน ลมพิษ,233758479807,Normal Product,,กลุ่มผลิตภัณฑ์เพื่อสุขภาพ,อาหารเสริม,อาหารเสริมเพื่อสุขภาพ,950,1,คอมมิชชั่นจาก Shopee,,786,,1.50%,11.79,0.00%,0,11.79,11.79,0,11.79,,0,0.00%,0,100.00%,11.79,สำเร็จ,,คำสั่งซื้อจากร้านค้าต่างกัน,ที่มีอยู่,2599adboostco,paris,mng,m01KFdika0520,,Facebook
2509080HB67SV4,รอดำเนินการ,211018629250515,2025-09-08 15:17:09,,2025-09-08 08:28:22,kevin88.th case airpods case iphone,158638900,Preferred(CB),28754096764,【Matte acrylic hard case/Bracket/Bronze】เคส compatible for iphone 11 12 13 14 15 16 pro max case,232950431319,Normal Product,,มือถือและอุปกรณ์เสริม,อุปกรณ์เสริม,เคสมือถือและแท็บเล็ต,106,1,คอมมิชชั่นจากร้านค้า,,90,,1.50%,1.35,4.00%,0,1.35,1.35,0,1.35,,0,0.00%,0,100.00%,1.35,รอดำเนินการ,สถานะของสินค้านี้คือ อยู่ระหว่างดำเนินการ คอมมิชชั่นจะถูกคำนวณเพื่อจ่ายหลังสถานะเป็นสำเร็จแล้วเท่านั้น,คำสั่งซื้อจากร้านค้าต่างกัน,ที่มีอยู่,2599adboostco,paris,mng,m01KFdika0520,,Facebook
2509080HAM2J6B,สำเร็จ,211018610217680,2025-09-08 15:16:50,2025-09-10 19:11:22,2025-09-08 07:55:58,kangnai.th,1120604995,Preferred(CB),28174497169,"Kangnai ชุดน้ําชามัทฉะญี่ปุ่น 5 ชิ้น, ชุดปัดมัทฉะเซรามิกไม้ไผ่เกรดอาหาร, พร้อมพวยปลอดภัยญี่ปุ่น Chasen กวน",208177905071,Normal Product,,เครื่องใช้ในบ้าน,เครื่องใช้บนโต๊ะอาหาร,ชุดถ้วยน้ำชา,347,1,คอมมิชชั่นจาก Shopee,,277,,1.50%,4.155,0.00%,0,4.155,4.155,0,4.155,,0,0.00%,0,100.00%,4.155,สำเร็จ,,คำสั่งซื้อจากร้านค้าต่างกัน,ที่มีอยู่,2599adboostco,paris,mng,m01BMavk0821,,Facebook
2509080HAM2J6A,สำเร็จ,211018610217680,2025-09-08 15:16:50,2025-09-11 19:19:07,2025-09-08 07:55:58,B-Pack Bakery(บี-แพ็คเบเกอรี่),4439613,Preferred(Non-CB),21045029823,(เท็นจู อูจิ) เท็นจู ผงมัทฉะ อูจิฉะ ชาเขียว ชาเขียวแท้  UJI Matcha Powder Tenju 100g,212789404351,Normal Product,,อาหารและเครื่องดื่ม,เครื่องดื่ม,ชา และ ชาซอง,184,1,คอมมิชชั่นจาก Shopee,,154,,1.75%,2.695,0.00%,0,2.695,2.695,0,2.695,,0,0.00%,0,100.00%,2.695,สำเร็จ,,คำสั่งซื้อจากร้านค้าต่างกัน,ที่มีอยู่,2599adboostco,paris,mng,m01BMavk0821,,Facebook
2509080HAM2J69,สำเร็จ,211018610217680,2025-09-08 15:16:50,2025-09-10 19:11:32,2025-09-08 07:55:58,RATIKA ราติก้า,146303893,Preferred(Non-CB),16463394776,Ratika : มัทฉะบริสุทธิ์ ผงยูจิมัทฉะ Uji Matcha แท้ 100% ขนาด 200 g ผงมัทฉะ มัทฉะพรีเมี่ยม ชาเขียว Green Tea ไม่ผสมแป้ง,156532822309,Normal Product,,อาหารและเครื่องดื่ม,เครื่องดื่ม,ชา และ ชาซอง,200,1,คอมมิชชั่นจาก Shopee,,165,,1.75%,2.8875,0.00%,0,2.8875,2.8875,0,2.8875,,0,0.00%,0,100.00%,2.8875,สำเร็จ,,คำสั่งซื้อจากร้านค้าต่างกัน,ที่มีอยู่,2599adboostco,paris,mng,m01BMavk0821,,Facebook
2509080H92HTTQ,รอดำเนินการ,211018558280446,2025-09-08 15:15:59,,2025-09-08 15:06:01,KONVY_Official Shop,70998059,Shopee Mall(Non-CB),19386654929,Lolane Natura Hair Vitamin Booster โลแลน ลีฟออนบำรุงเส้นผม 250ml (DryAndDamaged/SmoothStraight/ColorTreated/UltraGloss),236169957170,Normal Product,,ผลิตภัณฑ์บำรุงและเสริมความงาม,ผลิตภัณฑ์ดูแลผม,ทรีทเม้นท์บำรุงเส้นผม,125,1,คอมมิชชั่นจาก Shopee,,112,,1.75%,1.96,0.00%,0,1.96,1.96,0,1.96,,0,0.00%,0,100.00%,1.96,รอดำเนินการ,สถานะของสินค้านี้คือ อยู่ระหว่างดำเนินการ คอมมิชชั่นจะถูกคำนวณเพื่อจ่ายหลังสถานะเป็นสำเร็จแล้วเท่านั้น,คำสั่งซื้อจากร้านค้าต่างกัน,ที่มีอยู่,2599adboostco,paris,mng,m01KFdika0520,,Facebook
2509080H3TN0XY,สำเร็จ,211018382223374,2025-09-08 15:13:02,2025-09-11 10:33:14,2025-09-08 12:24:49,Macy_petshop,999460727,Preferred(Non-CB),26012595932,(1กระสอบ x 3 ถุง) ขนาด 6 ลิตร Pettosan (เพ็ทโตะซัง) Macy Petshop ทรายแมว รุ่น ทรายภูเขาไฟผงถ่านคาร์บอน(ชาโคล) ไม่มีกลิ่น,148808609836,Normal Product,,สัตว์เลี้ยง,ห้องน้ำและทราย,ทรายแมวและกระบะทรายแมว,319,1,คอมมิชชั่นจาก Shopee,,287,,1.75%,5.0225,0.00%,0,5.0225,5.0225,0,5.0225,,0,0.00%,0,100.00%,5.0225,สำเร็จ,,คำสั่งซื้อจากร้านค้าต่างกัน,ที่มีอยู่,2599adboostco,paris,mng,m01Tik0803,,Facebook
2509080GM41SKR,ยกเลิก,211017855214378,2025-09-08 15:04:15,--,2025-09-08 15:02:59,PROFILM,237954961,Preferred(Non-CB),20478849540,สเปรย์เคลือบเงา พรีเมี่ยม เคลือบพลาสติก เคลือบสีรถ เคลือบยางดำ เคลือบเบาะคอนโซล PROWAX PREMIUMWAX,127554691921,Normal Product,,รถยนต์ อะไหล่และอุปกรณ์เสริมรถยนต์,ผลิตภัณฑ์ดูแลรถยนต์,ผลิตภัณฑ์ล้างและเคลือบเงารถยนต์,119,0,คอมมิชชั่นจากร้านค้า,,0,101,1.75%,0,20.00%,0,0,0,0,0,,0,0.00%,0,100.00%,0,ยกเลิก,ผู้ซื้อยกเลิกคำสั่งซื้อ.,สั่งซื้อในร้านค้าเดียวกัน,ที่มีอยู่,2599adboostco,paris,mng,m56ProwaVDO0905,,Facebook
2509080GEEWQBQ,รอดำเนินการ,211017665285699,2025-09-08 15:01:06,,2025-09-08 09:50:33,PET STATION,9164609,Preferred(Non-CB),27178936862,Nekko เพาซ์ (ยกโหล 12 ซอง) อาหารเปียกแมวเน็กโกะ 70g. (1),252833405372,Normal Product,,สัตว์เลี้ยง,อาหารสัตว์,อาหารแมว,180,1,คอมมิชชั่นจาก Shopee,,162,,1.75%,2.835,0.00%,0,2.835,5.705,0,5.705,,0,0.00%,0,100.00%,5.705,รอดำเนินการ,สถานะของสินค้านี้คือ อยู่ระหว่างดำเนินการ คอมมิชชั่นจะถูกคำนวณเพื่อจ่ายหลังสถานะเป็นสำเร็จแล้วเท่านั้น,คำสั่งซื้อจากร้านค้าต่างกัน,ที่มีอยู่,2599adboostco,paris,mng,m01PetKit0520,,Facebook
2509080GEEWQBQ,รอดำเนินการ,211017665285699,2025-09-08 15:01:06,,2025-09-08 09:50:33,PET STATION,9164609,Preferred(Non-CB),27178936862,Nekko เพาซ์ (ยกโหล 12 ซอง) อาหารเปียกแมวเน็กโกะ 70g. (1),252833405370,Normal Product,,สัตว์เลี้ยง,อาหารสัตว์,อาหารแมว,183,1,คอมมิชชั่นจาก Shopee,,164,,1.75%,2.87,0.00%,0,2.87,0,0,0,,0,0.00%,0,100.00%,0,รอดำเนินการ,สถานะของสินค้านี้คือ อยู่ระหว่างดำเนินการ คอมมิชชั่นจะถูกคำนวณเพื่อจ่ายหลังสถานะเป็นสำเร็จแล้วเท่านั้น,คำสั่งซื้อจากร้านค้าต่างกัน,ที่มีอยู่,2599adboostco,paris,mng,m01PetKit0520,,Facebook
2509080G4DH3JA,รอดำเนินการ,211017328273267,2025-09-08 14:55:29,,2025-09-08 12:33:11,EverySkinTH,798558793,Preferred(Non-CB),44059587568,EverySkin Every Care Support Card - โปสการ์ด EverySkin Every Care Support Card,248654056926,Normal Product,352576185237583_0_0,เครื่องเขียน,จดหมายและซองจดหมาย,โปสการ์ด,0,1,คอมมิชชั่นจาก Shopee,,0,,1.75%,0,0.00%,0,0,6.0025,0,6.0025,,0,0.00%,0,100.00%,6.0025,รอดำเนินการ,สถานะของสินค้านี้คือ อยู่ระหว่างดำเนินการ คอมมิชชั่นจะถูกคำนวณเพื่อจ่ายหลังสถานะเป็นสำเร็จแล้วเท่านั้น,คำสั่งซื้อจากร้านค้าต่างกัน,ที่มีอยู่,2599adboostco,paris,mng,m01BMavk0821,,Facebook
2509080G4DH3JA,รอดำเนินการ,211017328273267,2025-09-08 14:55:29,,2025-09-08 12:33:11,EverySkinTH,798558793,Preferred(Non-CB),44101436150,EverSkin Every Barrier Booster Cleanser - คลีนเซอร์ล้างหน้า pH 5.5 เสริม Skin Barrier สำหรับผิวแห้งมากและผิวบอบบาง,108689674311,Normal Product,352576185237583_0_0,ผลิตภัณฑ์บำรุงและเสริมความงาม,ผลิตภัณฑ์บำรุงบริเวณใบหน้า,ผลิตภัณฑ์ทำความสะอาดใบหน้า,429,1,คอมมิชชั่นจาก Shopee,,343,,1.75%,6.0025,0.00%,0,6.0025,0,0,0,,0,0.00%,0,100.00%,0,รอดำเนินการ,สถานะของสินค้านี้คือ อยู่ระหว่างดำเนินการ คอมมิชชั่นจะถูกคำนวณเพื่อจ่ายหลังสถานะเป็นสำเร็จแล้วเท่านั้น,คำสั่งซื้อจากร้านค้าต่างกัน,ที่มีอยู่,2599adboostco,paris,mng,m01BMavk0821,,Facebook
2509080G388U08,รอดำเนินการ,211017289219330,2025-09-08 14:54:49,,2025-09-08 14:49:08,Living Pace,1336353767,C2C(Non-CB),29559338670,Living ตู้เก็บของ ตู้อเนกประสงค์ ตู้วางของมี มีล้อ ตู้เก็บของพับได้ ขนาดใหญ่ แบริ่งน้ำหนัก 350KG,29826677363,Normal Product,,เครื่องใช้ในบ้าน,เฟอร์นิเจอร์,ตู้เก็บของ,298,1,คอมมิชชั่นจากร้านค้า,,249,,1.50%,3.735,8.00%,0,3.735,3.735,0,3.735,,0,0.00%,0,100.00%,3.735,รอดำเนินการ,สถานะของสินค้านี้คือ อยู่ระหว่างดำเนินการ คอมมิชชั่นจะถูกคำนวณเพื่อจ่ายหลังสถานะเป็นสำเร็จแล้วเท่านั้น,คำสั่งซื้อจากร้านค้าต่างกัน,ที่มีอยู่,2599adboostco,paris,mng,m01KFdika0520,,Facebook
2509080G2EJH7B,รอดำเนินการ,211017262264558,2025-09-08 14:54:22,,2025-09-08 14:53:35,9STORE BY CATZA MEOW Official,289705092,C2C(Non-CB),14283000817,MEOW ทรายแมวเต้าหู้ 10 ลิตร / ทรายแมวมันเต้า MEOW ออแกนิก 100% ทิ้งชักโครกได้,240008957290,Normal Product,,สัตว์เลี้ยง,ห้องน้ำและทราย,ทรายแมวและกระบะทรายแมว,165,1,คอมมิชชั่นจากร้านค้า,,148,,1.75%,2.59,8.00%,11.84,14.43,2.59,11.84,14.43,,0,0.00%,0,100.00%,14.43,รอดำเนินการ,สถานะของสินค้านี้คือ อยู่ระหว่างดำเนินการ คอมมิชชั่นจะถูกคำนวณเพื่อจ่ายหลังสถานะเป็นสำเร็จแล้วเท่านั้น,สั่งซื้อในร้านค้าเดียวกัน,ที่มีอยู่,2599adboostco,paris,mng,m01kaofangMeow0303,,Facebook
2509080G1AA5G4,รอดำเนินการ,211017224246119,2025-09-08 14:53:44,,2025-09-08 09:33:54,livedesign.th,327801721,C2C(CB),25008751184,[LVDN] ลูกกลิ้งขับขี่ อะลูมิเนียม แบบเปลี่ยน สําหรับเครื่องขัดกระดาษทราย 9403,225990814889,Normal Product,,เครื่องใช้ในบ้าน,เครื่องมือและอุปกรณ์ปรับปรุงบ้าน,เครื่องมือช่าง,172,2,คอมมิชชั่นจาก Shopee,,296,,1.50%,4.44,0.00%,0,4.44,4.44,0,4.44,,0,0.00%,0,100.00%,4.44,รอดำเนินการ,สถานะของสินค้านี้คือ อยู่ระหว่างดำเนินการ คอมมิชชั่นจะถูกคำนวณเพื่อจ่ายหลังสถานะเป็นสำเร็จแล้วเท่านั้น,คำสั่งซื้อจากร้านค้าต่างกัน,ที่มีอยู่,2599adboostco,paris,mng,m06Nasa1228,,Facebook
2509080FY3PX9N,รอดำเนินการ,211017150218507,2025-09-08 14:52:30,,2025-09-08 09:01:06,Missbeautyshop,3045954,Preferred(Non-CB),10913695386,เพียว ครีมทารักแร้ Pure Underarm Care ขนาด 50 กรัม,56096869262,Normal Product,,ผลิตภัณฑ์บำรุงและเสริมความงาม,สบู่อาบน้ำและผลิตภัณฑ์ดูแลผิวกาย,"ผลิตภัณฑ์บำรุงผิวกาย เนื้อครีม, โลชั่น, บัตเตอร์",122,1,คอมมิชชั่นจาก Shopee,,109,,1.75%,1.9075,0.00%,0,1.9075,7.0875,0,7.0875,,0,0.00%,0,100.00%,7.0875,รอดำเนินการ,สถานะของสินค้านี้คือ อยู่ระหว่างดำเนินการ คอมมิชชั่นจะถูกคำนวณเพื่อจ่ายหลังสถานะเป็นสำเร็จแล้วเท่านั้น,คำสั่งซื้อจากร้านค้าต่างกัน,ที่มีอยู่,2599adboostco,paris,mng,m01BMavk0821,,Facebook
2509080FY3PX9N,รอดำเนินการ,211017150218507,2025-09-08 14:52:30,,2025-09-08 09:01:06,Missbeautyshop,3045954,Preferred(Non-CB),23086342975,บีไนซ์ ครีมอาบน้ำ ครีมอาบน้ำกระชับผิว **ขวดปั้ม** 400 มล.,234155012131,Normal Product,,ผลิตภัณฑ์บำรุงและเสริมความงาม,สบู่อาบน้ำและผลิตภัณฑ์ดูแลผิวกาย,สบู่ชำระผิวกาย,159,1,คอมมิชชั่นจาก Shopee,,143,,1.75%,2.5025,0.00%,0,2.5025,0,0,0,,0,0.00%,0,100.00%,0,รอดำเนินการ,สถานะของสินค้านี้คือ อยู่ระหว่างดำเนินการ คอมมิชชั่นจะถูกคำนวณเพื่อจ่ายหลังสถานะเป็นสำเร็จแล้วเท่านั้น,คำสั่งซื้อจากร้านค้าต่างกัน,ที่มีอยู่,2599adboostco,paris,mng,m01BMavk0821,,Facebook
2509080FY3PX9N,รอดำเนินการ,211017150218507,2025-09-08 14:52:30,,2025-09-08 09:01:06,Missbeautyshop,3045954,Preferred(Non-CB),2276668095,(1 ซอง) มิซึมิ แบบซอง Mizumi Peptide Acne Gel B3 Acne Concentrate Serum AHA BHA มิซึมิ เจลแต้มสิว,16735991692,Normal Product,,ผลิตภัณฑ์บำรุงและเสริมความงาม,ผลิตภัณฑ์บำรุงบริเวณใบหน้า,ผลิตภัณฑ์รักษาสิว,37,1,คอมมิชชั่นจาก Shopee,,35,,1.75%,0.6125,0.00%,0,0.6125,0,0,0,,0,0.00%,0,100.00%,0,รอดำเนินการ,สถานะของสินค้านี้คือ อยู่ระหว่างดำเนินการ คอมมิชชั่นจะถูกคำนวณเพื่อจ่ายหลังสถานะเป็นสำเร็จแล้วเท่านั้น,คำสั่งซื้อจากร้านค้าต่างกัน,ที่มีอยู่,2599adboostco,paris,mng,m01BMavk0821,,Facebook
2509080FY3PX9N,รอดำเนินการ,211017150218507,2025-09-08 14:52:30,,2025-09-08 09:01:06,Missbeautyshop,3045954,Preferred(Non-CB),2290731761,(1ขวด) Loreal Paris Elseve Shampoo Conditioner 375/400/410 ML ลอรีอัล ปารีส เอลแซฟ แชมพู ครีมนวดผม L'oreal,99798970503,Normal Product,,ผลิตภัณฑ์บำรุงและเสริมความงาม,ผลิตภัณฑ์ดูแลผม,แชมพู,132,1,คอมมิชชั่นจาก Shopee,,118,,1.75%,2.065,0.00%,0,2.065,0,0,0,,0,0.00%,0,100.00%,0,รอดำเนินการ,สถานะของสินค้านี้คือ อยู่ระหว่างดำเนินการ คอมมิชชั่นจะถูกคำนวณเพื่อจ่ายหลังสถานะเป็นสำเร็จแล้วเท่านั้น,คำสั่งซื้อจากร้านค้าต่างกัน,ที่มีอยู่,2599adboostco,paris,mng,m01BMavk0821,,Facebook
2509080FWH57MH,รอดำเนินการ,211017097202091,2025-09-08 14:51:37,,2025-09-08 10:58:26,PedalTank Effect,198214147,Preferred(Non-CB),23135604036,Foot switch 3PDT สำหรับงาน DIY เอฟเฟกต์,214132620221,Normal Product,,เครื่องใช้ไฟฟ้าภายในบ้าน,แผงวงจรและ อะไหล่,อื่นๆ,88,2,คอมมิชชั่นจาก Shopee,,149,,1.50%,2.235,0.00%,0,2.235,2.235,0,2.235,,0,0.00%,0,100.00%,2.235,รอดำเนินการ,สถานะของสินค้านี้คือ อยู่ระหว่างดำเนินการ คอมมิชชั่นจะถูกคำนวณเพื่อจ่ายหลังสถานะเป็นสำเร็จแล้วเท่านั้น,คำสั่งซื้อจากร้านค้าต่างกัน,ที่มีอยู่,2599adboostco,paris,mng,m56Fazzi0830,,Facebook
2509080FW6Q0CK,สำเร็จ,211017086256039,2025-09-08 14:51:27,2025-09-11 18:46:39,2025-09-08 11:26:03,Cokki Thailand,1122744135,C2C(Non-CB),25865962818,[แพ็คคู่] ไมเซลลาร์ คลีนซิ่งบาล์ม 120g ทำความสะอาด และบำรุงผิว Cokki Cleansing balm อ่อนโยน ไม่ระคายเคือง,178082336459,Normal Product,,ผลิตภัณฑ์บำรุงและเสริมความงาม,เครื่องสําอาง,น้ำยาล้างเครื่องสำอาง,199,1,คอมมิชชั่นจากร้านค้า,,179,,1.75%,3.1325,5.00%,0,3.1325,3.1325,0,3.1325,,0,0.00%,0,100.00%,3.1325,สำเร็จ,,คำสั่งซื้อจากร้านค้าต่างกัน,ที่มีอยู่,2599adboostco,paris,mng,m01BMavk0821,,Facebook
2509080FVKNQPM,สำเร็จ,211017066281301,2025-09-08 14:51:07,2025-09-09 14:07:32,2025-09-08 14:41:36,O-owinkK Official Store,1361632238,Shopee Mall(CB),24939966670,O-owinkk Woven bag กระเป๋าสะพายข้างผู้หญิงแฟชั่น ความจุสูง สไตล์เรียบหรู ของขวัญวันแม่,257369093965,Normal Product,,กระเป๋าผู้หญิง,กระเป๋าสะพายข้าง,,229,1,ดีลพิเศษเฉพาะคุณ,,190,,2.00%,3.8,10.01%,0,3.8,3.8,0,3.8,,0,0.00%,0,100.00%,3.8,สำเร็จ,,คำสั่งซื้อจากร้านค้าต่างกัน,ที่มีอยู่,2599adboostco,paris,mng,m01kaofangMeow0303,,Facebook
2509080FSWTBDN,สำเร็จ,211016976268980,2025-09-08 14:49:36,2025-09-10 14:22:57,2025-09-08 14:40:46,เหรียญทองซุปเปอร์บิ๊ก,111043,Preferred(Non-CB),3223054172,ไฮเตอร์ผ้าสี1000มล💛 มี2สี,15391546449,Normal Product,,เครื่องใช้ในบ้าน,อุปกรณ์ซักรีดและผลิตภัณฑ์ดูแลบ้าน,ผลิตภัณฑ์ซักรีด,105,1,คอมมิชชั่นจาก Shopee,,94,,1.50%,1.41,0.00%,0,1.41,1.41,0,1.41,,0,0.00%,0,100.00%,1.41,สำเร็จ,,คำสั่งซื้อจากร้านค้าต่างกัน,ที่มีอยู่,2599adboostco,paris,mng,m01Tik0803,,Facebook
2509080FSR26WD,สำเร็จ,211016970222912,2025-09-08 14:49:30,2025-09-11 12:17:17,2025-09-08 14:48:23,Yuedpao - ยืดเปล่า Official Store,240723932,Shopee Mall(Non-CB),41400048187,Yuedpao Sportswear เสื้อออกกำลังกายแขนกุด เสื้อกีฬา เสื้อกล้ามออกกำลังกาย เสื้อสำหรับวิ่ง Ultra Flow Sleeveless,290002806351,Normal Product,,กีฬาและกิจกรรมกลางแจ้ง,เสื้อผ้ากีฬา,เสื้อกีฬา,149,1,คอมมิชชั่นจากร้านค้า,,149,,1.75%,2.6075,10.00%,14.9,17.5075,2.6075,14.9,17.5075,,0,0.00%,0,100.00%,17.5075,สำเร็จ,,สั่งซื้อในร้านค้าเดียวกัน,ที่มีอยู่,2599adboostco,paris,mng,m01YPf0821,,Facebook
2509080FRWBKPQ,รอดำเนินการ,211016942226562,2025-09-08 14:49:02,,2025-09-08 14:42:53,MOD Shop Online,947992042,Preferred(Non-CB),20272804419,ถ่านรีโมท ถ้านAAA ถ่านAA ยี่ห้อ Handa กระแสแรง เหมาะสำหรับรีโมท อุปกรณ์อิเล็คทรอนิกส์ต่างๆ,221620445953,Normal Product,,เครื่องใช้ไฟฟ้าภายในบ้าน,แบตเตอรี่,,37,1,คอมมิชชั่นจาก Shopee,,37,,1.50%,0.555,0.00%,0,0.555,1.2,0,1.2,,0,0.00%,0,100.00%,1.2,รอดำเนินการ,สถานะของสินค้านี้คือ อยู่ระหว่างดำเนินการ คอมมิชชั่นจะถูกคำนวณเพื่อจ่ายหลังสถานะเป็นสำเร็จแล้วเท่านั้น,คำสั่งซื้อจากร้านค้าต่างกัน,ที่มีอยู่,2599adboostco,paris,mng,m01KFdika0520,,Facebook
2509080FRWBKPQ,รอดำเนินการ,211016942226562,2025-09-08 14:49:02,,2025-09-08 14:42:53,MOD Shop Online,947992042,Preferred(Non-CB),20272804419,ถ่านรีโมท ถ้านAAA ถ่านAA ยี่ห้อ Handa กระแสแรง เหมาะสำหรับรีโมท อุปกรณ์อิเล็คทรอนิกส์ต่างๆ,230896790557,Normal Product,,เครื่องใช้ไฟฟ้าภายในบ้าน,แบตเตอรี่,,43,1,คอมมิชชั่นจาก Shopee,,43,,1.50%,0.645,0.00%,0,0.645,0,0,0,,0,0.00%,0,100.00%,0,รอดำเนินการ,สถานะของสินค้านี้คือ อยู่ระหว่างดำเนินการ คอมมิชชั่นจะถูกคำนวณเพื่อจ่ายหลังสถานะเป็นสำเร็จแล้วเท่านั้น,คำสั่งซื้อจากร้านค้าต่างกัน,ที่มีอยู่,2599adboostco,paris,mng,m01KFdika0520,,Facebook
2509080FQ5521X,รอดำเนินการ,211016883288583,2025-09-08 14:48:03,,2025-09-08 14:46:34,POPO_MAKEUP,1049339554,Preferred(Non-CB),41102537553,【1 แถม 1】KORMESIC น้ำมันบำรุงผิวกายให้ความชุ่มขึ้นด้วยผิว โลชั่นบำรุงผิวกาย มะพร้าว การดูแลผิว 260ml กลิ่นหอมหลากหลาย,305209034416,Normal Product,,ผลิตภัณฑ์บำรุงและเสริมความงาม,สบู่อาบน้ำและผลิตภัณฑ์ดูแลผิวกาย,ออยล์ทาผิว,89,1,คอมมิชชั่นจาก Shopee,,89,,1.75%,1.5575,0.00%,0,1.5575,1.5575,0,1.5575,,0,0.00%,0,100.00%,1.5575,รอดำเนินการ,สถานะของสินค้านี้คือ อยู่ระหว่างดำเนินการ คอมมิชชั่นจะถูกคำนวณเพื่อจ่ายหลังสถานะเป็นสำเร็จแล้วเท่านั้น,คำสั่งซื้อจากร้านค้าต่างกัน,ที่มีอยู่,2599adboostco,paris,mng,m01jjshop0803,,Facebook
2509080FNX0EWB,ยกเลิก,211016842244604,2025-09-08 14:47:23,--,2025-09-08 14:46:02,Yuedpao - ยืดเปล่า Official Store,240723932,Shopee Mall(Non-CB),41400048187,Yuedpao Sportswear เสื้อออกกำลังกายแขนกุด เสื้อกีฬา เสื้อกล้ามออกกำลังกาย เสื้อสำหรับวิ่ง Ultra Flow Sleeveless,290002806339,Normal Product,,กีฬาและกิจกรรมกลางแจ้ง,เสื้อผ้ากีฬา,เสื้อกีฬา,149,0,คอมมิชชั่นจากร้านค้า,,0,129,1.75%,0,10.00%,0,0,0,0,0,,0,0.00%,0,100.00%,0,ยกเลิก,ผู้ซื้อยกเลิกคำสั่งซื้อ.,สั่งซื้อในร้านค้าเดียวกัน,ที่มีอยู่,2599adboostco,paris,mng,m01YPf0821,,Facebook
2509080FNBUCYF,รอดำเนินการ,211016823207883,2025-09-08 14:47:03,,2025-09-08 14:40:47,Family Superstore,706714041,Preferred(Non-CB),19770239820,Kopiko โกปิโก้ มัคคิอาโต กาแฟปรุงสำเร็จชนิดผง 480กรัม,230663957141,Normal Product,,อาหารและเครื่องดื่ม,เครื่องดื่ม,กาแฟ,72,1,คอมมิชชั่นจาก Shopee,,72,,1.75%,1.26,0.00%,0,1.26,1.26,0,1.26,,0,0.00%,0,100.00%,1.26,รอดำเนินการ,สถานะของสินค้านี้คือ อยู่ระหว่างดำเนินการ คอมมิชชั่นจะถูกคำนวณเพื่อจ่ายหลังสถานะเป็นสำเร็จแล้วเท่านั้น,คำสั่งซื้อจากร้านค้าต่างกัน,ที่มีอยู่,2599adboostco,paris,mng,m01KFdika0520,,Facebook
2509080FJVS57X,รอดำเนินการ,211016740290780,2025-09-08 14:45:40,,2025-09-08 06:03:20,♕ Beauty Girl ♕,1263800178,C2C(CB),27579902490,[maybeauty] 1pcs สติ๊กเกอร์ติดเล็บ 5 กลีบดอกไม้ขนาดเล็กสดมินิดอกไม้ขนาดเล็กสีเล็บ Decal DIY เล็บเครื่องมือเล็บ {TH},257913766313,Normal Product,0_349920054149704_1,ผลิตภัณฑ์บำรุงและเสริมความงาม,ผลิตภัณฑ์ดูแลมือเท้าและเล็บ,ผลิตภัณฑ์ดูแลเล็บ,14,1,คอมมิชชั่นจาก Shopee,,11,,1.75%,0.1925,0.00%,0,0.1925,4.96997,0,4.96997,,0,0.00%,0,100.00%,4.96997,รอดำเนินการ,สถานะของสินค้านี้คือ อยู่ระหว่างดำเนินการ คอมมิชชั่นจะถูกคำนวณเพื่อจ่ายหลังสถานะเป็นสำเร็จแล้วเท่านั้น,คำสั่งซื้อจากร้านค้าต่างกัน,ที่มีอยู่,2599adboostco,paris,mng,m01jjshop0803,,Facebook
2509080FJVS57X,รอดำเนินการ,211016740290780,2025-09-08 14:45:40,,2025-09-08 06:03:20,♕ Beauty Girl ♕,1263800178,C2C(CB),41559068096,[maybeauty] ผีเสื้อเรขาคณิตแผ่นปั๊มดอกไม้ดอกไม้ใบลูกไม้เล็บแม่แบบ DIY การออกแบบการพิมพ์ภาพลายฉลุเครื่องมือแสตมป์ {TH},295759044782,Normal Product,,ผลิตภัณฑ์บำรุงและเสริมความงาม,ผลิตภัณฑ์ดูแลมือเท้าและเล็บ,ผลิตภัณฑ์ดูแลเล็บ,42,1,คอมมิชชั่นจาก Shopee,,33,,1.75%,0.5775,0.00%,0,0.5775,0,0,0,,0,0.00%,0,100.00%,0,รอดำเนินการ,สถานะของสินค้านี้คือ อยู่ระหว่างดำเนินการ คอมมิชชั่นจะถูกคำนวณเพื่อจ่ายหลังสถานะเป็นสำเร็จแล้วเท่านั้น,คำสั่งซื้อจากร้านค้าต่างกัน,ที่มีอยู่,2599adboostco,paris,mng,m01jjshop0803,,Facebook
2509080FJVS57X,รอดำเนินการ,211016740290780,2025-09-08 14:45:40,,2025-09-08 06:03:20,♕ Beauty Girl ♕,1263800178,C2C(CB),28209501350,[maybeauty] 1 ชิ้นเล็บปากกาแปรงกวาดปากกาบําบัดด้วยแสงวาดสายปากกาไล่ระดับสีปากกาเล็บแปรง {TH},205350689452,Normal Product,,ผลิตภัณฑ์บำรุงและเสริมความงาม,ผลิตภัณฑ์ดูแลมือเท้าและเล็บ,ผลิตภัณฑ์ดูแลเล็บ,11,1,คอมมิชชั่นจาก Shopee,,10,,1.75%,0.175,0.00%,0,0.175,0,0,0,,0,0.00%,0,100.00%,0,รอดำเนินการ,สถานะของสินค้านี้คือ อยู่ระหว่างดำเนินการ คอมมิชชั่นจะถูกคำนวณเพื่อจ่ายหลังสถานะเป็นสำเร็จแล้วเท่านั้น,คำสั่งซื้อจากร้านค้าต่างกัน,ที่มีอยู่,2599adboostco,paris,mng,m01jjshop0803,,Facebook
2509080FJVS57X,รอดำเนินการ,211016740290780,2025-09-08 14:45:40,,2025-09-08 06:03:20,♕ Beauty Girl ♕,1263800178,C2C(CB),28805412939,[maybeauty] 1 แผ่นสีชมพู Lily ดอกไม้เล็บสติกเกอร์บรรเทา 3D Jelly ห้ากลีบดอกไม้ตกแต่งเล็บ Decals Diy Selfกาว Sliders {TH},217654362298,Normal Product,,ผลิตภัณฑ์บำรุงและเสริมความงาม,ผลิตภัณฑ์ดูแลมือเท้าและเล็บ,ผลิตภัณฑ์ดูแลเล็บ,14,1,คอมมิชชั่นจาก Shopee,,11,,1.75%,0.1925,0.00%,0,0.1925,0,0,0,,0,0.00%,0,100.00%,0,รอดำเนินการ,สถานะของสินค้านี้คือ อยู่ระหว่างดำเนินการ คอมมิชชั่นจะถูกคำนวณเพื่อจ่ายหลังสถานะเป็นสำเร็จแล้วเท่านั้น,คำสั่งซื้อจากร้านค้าต่างกัน,ที่มีอยู่,2599adboostco,paris,mng,m01jjshop0803,,Facebook
2509080FJVS57X,รอดำเนินการ,211016740290780,2025-09-08 14:45:40,,2025-09-08 06:03:20,♕ Beauty Girl ♕,1263800178,C2C(CB),28209501350,[maybeauty] 1 ชิ้นเล็บปากกาแปรงกวาดปากกาบําบัดด้วยแสงวาดสายปากกาไล่ระดับสีปากกาเล็บแปรง {TH},205350689450,Normal Product,,ผลิตภัณฑ์บำรุงและเสริมความงาม,ผลิตภัณฑ์ดูแลมือเท้าและเล็บ,ผลิตภัณฑ์ดูแลเล็บ,10,1,คอมมิชชั่นจาก Shopee,,10,,1.75%,0.175,0.00%,0,0.175,0,0,0,,0,0.00%,0,100.00%,0,รอดำเนินการ,สถานะของสินค้านี้คือ อยู่ระหว่างดำเนินการ คอมมิชชั่นจะถูกคำนวณเพื่อจ่ายหลังสถานะเป็นสำเร็จแล้วเท่านั้น,คำสั่งซื้อจากร้านค้าต่างกัน,ที่มีอยู่,2599adboostco,paris,mng,m01jjshop0803,,Facebook
2509080FJVS57X,รอดำเนินการ,211016740290780,2025-09-08 14:45:40,,2025-09-08 06:03:20,♕ Beauty Girl ♕,1263800178,C2C(CB),25942933596,[maybeauty] แผ่นปั๊มเล็บสี่เหลี่ยมสีทอง 12x6 ซม.Bowknotผีเสื้อดอกไม้ดอกไม้ไฟออกแบบเล็บแม่แบบสําหรับDIYตกแต่งเล็บ {TH},208335309064,Normal Product,0_315056932196379_2,ผลิตภัณฑ์บำรุงและเสริมความงาม,ผลิตภัณฑ์ดูแลมือเท้าและเล็บ,ผลิตภัณฑ์ดูแลเล็บ,25.49019,1,คอมมิชชั่นจาก Shopee,,23.49019,,1.75%,0.41107,0.00%,0,0.41107,0,0,0,,0,0.00%,0,100.00%,0,รอดำเนินการ,สถานะของสินค้านี้คือ อยู่ระหว่างดำเนินการ คอมมิชชั่นจะถูกคำนวณเพื่อจ่ายหลังสถานะเป็นสำเร็จแล้วเท่านั้น,คำสั่งซื้อจากร้านค้าต่างกัน,ที่มีอยู่,2599adboostco,paris,mng,m01jjshop0803,,Facebook
2509080FJVS57X,รอดำเนินการ,211016740290780,2025-09-08 14:45:40,,2025-09-08 06:03:20,♕ Beauty Girl ♕,1263800178,C2C(CB),25942933596,[maybeauty] แผ่นปั๊มเล็บสี่เหลี่ยมสีทอง 12x6 ซม.Bowknotผีเสื้อดอกไม้ดอกไม้ไฟออกแบบเล็บแม่แบบสําหรับDIYตกแต่งเล็บ {TH},208335309075,Normal Product,0_315056932196379_2,ผลิตภัณฑ์บำรุงและเสริมความงาม,ผลิตภัณฑ์ดูแลมือเท้าและเล็บ,ผลิตภัณฑ์ดูแลเล็บ,24.5098,1,คอมมิชชั่นจาก Shopee,,18.5098,,1.75%,0.32392,0.00%,0,0.32392,0,0,0,,0,0.00%,0,100.00%,0,รอดำเนินการ,สถานะของสินค้านี้คือ อยู่ระหว่างดำเนินการ คอมมิชชั่นจะถูกคำนวณเพื่อจ่ายหลังสถานะเป็นสำเร็จแล้วเท่านั้น,คำสั่งซื้อจากร้านค้าต่างกัน,ที่มีอยู่,2599adboostco,paris,mng,m01jjshop0803,,Facebook
2509080FJVS57X,รอดำเนินการ,211016740290780,2025-09-08 14:45:40,,2025-09-08 06:03:20,♕ Beauty Girl ♕,1263800178,C2C(CB),29403860961,[maybeauty] 630 ชิ้นอะคริลิคยูวีเจลเคล็ดลับผ้าฝ้ายยาทาเล็บ น้ํายาล้าง ทําความสะอาดผ้าเช็ดทําความสะอาดขุยฟรี {TH},197611766637,Normal Product,,ผลิตภัณฑ์บำรุงและเสริมความงาม,ผลิตภัณฑ์ดูแลมือเท้าและเล็บ,ผลิตภัณฑ์ดูแลเล็บ,31,1,คอมมิชชั่นจาก Shopee,,24,,1.75%,0.42,0.00%,0,0.42,0,0,0,,0,0.00%,0,100.00%,0,รอดำเนินการ,สถานะของสินค้านี้คือ อยู่ระหว่างดำเนินการ คอมมิชชั่นจะถูกคำนวณเพื่อจ่ายหลังสถานะเป็นสำเร็จแล้วเท่านั้น,คำสั่งซื้อจากร้านค้าต่างกัน,ที่มีอยู่,2599adboostco,paris,mng,m01jjshop0803,,Facebook
2509080FJVS57X,รอดำเนินการ,211016740290780,2025-09-08 14:45:40,,2025-09-08 06:03:20,♕ Beauty Girl ♕,1263800178,C2C(CB),26488296767,[maybeauty] ซิลิโคนโปร่งใสชุดปั๊มเล็บภาษาฝรั่งเศสคําสําหรับเล็บแผ่นแสตมป์ภาษาโปลิชคําแม่แบบซีล Stamper Scraper {TH},305604135269,Normal Product,0_315056932196379_2,ผลิตภัณฑ์บำรุงและเสริมความงาม,ผลิตภัณฑ์ดูแลมือเท้าและเล็บ,ผลิตภัณฑ์ดูแลเล็บ,31.37254,1,คอมมิชชั่นจาก Shopee,,24.37254,,1.75%,0.42651,0.00%,0,0.42651,0,0,0,,0,0.00%,0,100.00%,0,รอดำเนินการ,สถานะของสินค้านี้คือ อยู่ระหว่างดำเนินการ คอมมิชชั่นจะถูกคำนวณเพื่อจ่ายหลังสถานะเป็นสำเร็จแล้วเท่านั้น,คำสั่งซื้อจากร้านค้าต่างกัน,ที่มีอยู่,2599adboostco,paris,mng,m01jjshop0803,,Facebook
2509080FJVS57X,รอดำเนินการ,211016740290780,2025-09-08 14:45:40,,2025-09-08 06:03:20,♕ Beauty Girl ♕,1263800178,C2C(CB),27579902490,[maybeauty] 1pcs สติ๊กเกอร์ติดเล็บ 5 กลีบดอกไม้ขนาดเล็กสดมินิดอกไม้ขนาดเล็กสีเล็บ Decal DIY เล็บเครื่องมือเล็บ {TH},257913766314,Normal Product,0_349920054149704_1,ผลิตภัณฑ์บำรุงและเสริมความงาม,ผลิตภัณฑ์ดูแลมือเท้าและเล็บ,ผลิตภัณฑ์ดูแลเล็บ,13,1,คอมมิชชั่นจาก Shopee,,10,,1.75%,0.175,0.00%,0,0.175,0,0,0,,0,0.00%,0,100.00%,0,รอดำเนินการ,สถานะของสินค้านี้คือ อยู่ระหว่างดำเนินการ คอมมิชชั่นจะถูกคำนวณเพื่อจ่ายหลังสถานะเป็นสำเร็จแล้วเท่านั้น,คำสั่งซื้อจากร้านค้าต่างกัน,ที่มีอยู่,2599adboostco,paris,mng,m01jjshop0803,,Facebook
2509080FJVS57X,รอดำเนินการ,211016740290780,2025-09-08 14:45:40,,2025-09-08 06:03:20,♕ Beauty Girl ♕,1263800178,C2C(CB),28209501350,[maybeauty] 1 ชิ้นเล็บปากกาแปรงกวาดปากกาบําบัดด้วยแสงวาดสายปากกาไล่ระดับสีปากกาเล็บแปรง {TH},205350689456,Normal Product,0_349920054149704_1,ผลิตภัณฑ์บำรุงและเสริมความงาม,ผลิตภัณฑ์ดูแลมือเท้าและเล็บ,ผลิตภัณฑ์ดูแลเล็บ,11,1,คอมมิชชั่นจาก Shopee,,9,,1.75%,0.1575,0.00%,0,0.1575,0,0,0,,0,0.00%,0,100.00%,0,รอดำเนินการ,สถานะของสินค้านี้คือ อยู่ระหว่างดำเนินการ คอมมิชชั่นจะถูกคำนวณเพื่อจ่ายหลังสถานะเป็นสำเร็จแล้วเท่านั้น,คำสั่งซื้อจากร้านค้าต่างกัน,ที่มีอยู่,2599adboostco,paris,mng,m01jjshop0803,,Facebook
2509080FJVS57X,รอดำเนินการ,211016740290780,2025-09-08 14:45:40,,2025-09-08 06:03:20,♕ Beauty Girl ♕,1263800178,C2C(CB),26033157698,[เมย์บิวตี้] แผ่นปั๊มเล็บขนาดใหญ่ผีเสื้อดอกไม้แบบสแตนเลสลายฉลุเล็บแสตมป์เรขาคณิตแม่แบบเล็บเครื่องมือ {ไทย},198415116524,Normal Product,0_315056932196379_2,ผลิตภัณฑ์บำรุงและเสริมความงาม,ผลิตภัณฑ์ดูแลมือเท้าและเล็บ,ผลิตภัณฑ์ดูแลเล็บ,44.11764,1,คอมมิชชั่นจาก Shopee,,34.11764,,1.75%,0.59705,0.00%,0,0.59705,0,0,0,,0,0.00%,0,100.00%,0,รอดำเนินการ,สถานะของสินค้านี้คือ อยู่ระหว่างดำเนินการ คอมมิชชั่นจะถูกคำนวณเพื่อจ่ายหลังสถานะเป็นสำเร็จแล้วเท่านั้น,คำสั่งซื้อจากร้านค้าต่างกัน,ที่มีอยู่,2599adboostco,paris,mng,m01jjshop0803,,Facebook
2509080FJVS57X,รอดำเนินการ,211016740290780,2025-09-08 14:45:40,,2025-09-08 06:03:20,♕ Beauty Girl ♕,1263800178,C2C(CB),26033157696,[maybeauty] เครื่องขูดปั๊มเพ้นท์เล็บทําความสะอาดมัลติฟังก์ชั่นและไม้พายกําจัดกาวเครื่องมือแม่แบบการพิมพ์เล็บ {TH},99158490380,Normal Product,,ผลิตภัณฑ์บำรุงและเสริมความงาม,ผลิตภัณฑ์ดูแลมือเท้าและเล็บ,ผลิตภัณฑ์ดูแลเล็บ,12,2,คอมมิชชั่นจาก Shopee,,19,,1.75%,0.3325,0.00%,0,0.3325,0,0,0,,0,0.00%,0,100.00%,0,รอดำเนินการ,สถานะของสินค้านี้คือ อยู่ระหว่างดำเนินการ คอมมิชชั่นจะถูกคำนวณเพื่อจ่ายหลังสถานะเป็นสำเร็จแล้วเท่านั้น,คำสั่งซื้อจากร้านค้าต่างกัน,ที่มีอยู่,2599adboostco,paris,mng,m01jjshop0803,,Facebook
2509080FJVS57X,รอดำเนินการ,211016740290780,2025-09-08 14:45:40,,2025-09-08 06:03:20,♕ Beauty Girl ♕,1263800178,C2C(CB),29781038965,[maybeauty] 1 ชิ้น Hello Kitty แผ่นปั๊มเล็บสติกเกอร์น่ารัก Sanrio Disney การ์ตูนตัวอักษรเล็บแสตมป์ DIY แม่แบบสําหรับการออกแบบเล็,208356541501,Normal Product,,ผลิตภัณฑ์บำรุงและเสริมความงาม,ผลิตภัณฑ์ดูแลมือเท้าและเล็บ,ผลิตภัณฑ์ดูแลเล็บ,36,1,คอมมิชชั่นจาก Shopee,,28,,1.75%,0.49,0.00%,0,0.49,0,0,0,,0,0.00%,0,100.00%,0,รอดำเนินการ,สถานะของสินค้านี้คือ อยู่ระหว่างดำเนินการ คอมมิชชั่นจะถูกคำนวณเพื่อจ่ายหลังสถานะเป็นสำเร็จแล้วเท่านั้น,คำสั่งซื้อจากร้านค้าต่างกัน,ที่มีอยู่,2599adboostco,paris,mng,m01jjshop0803,,Facebook
2509080FJVS57X,รอดำเนินการ,211016740290780,2025-09-08 14:45:40,,2025-09-08 06:03:20,♕ Beauty Girl ♕,1263800178,C2C(CB),25942933596,[maybeauty] แผ่นปั๊มเล็บสี่เหลี่ยมสีทอง 12x6 ซม.Bowknotผีเสื้อดอกไม้ดอกไม้ไฟออกแบบเล็บแม่แบบสําหรับDIYตกแต่งเล็บ {TH},208335309078,Normal Product,0_315056932196379_2,ผลิตภัณฑ์บำรุงและเสริมความงาม,ผลิตภัณฑ์ดูแลมือเท้าและเล็บ,ผลิตภัณฑ์ดูแลเล็บ,24.5098,1,คอมมิชชั่นจาก Shopee,,18.5098,,1.75%,0.32392,0.00%,0,0.32392,0,0,0,,0,0.00%,0,100.00%,0,รอดำเนินการ,สถานะของสินค้านี้คือ อยู่ระหว่างดำเนินการ คอมมิชชั่นจะถูกคำนวณเพื่อจ่ายหลังสถานะเป็นสำเร็จแล้วเท่านั้น,คำสั่งซื้อจากร้านค้าต่างกัน,ที่มีอยู่,2599adboostco,paris,mng,m01jjshop0803,,Facebook
2509080FG8UME8,สำเร็จ,211016652295434,2025-09-08 14:44:12,2025-09-10 18:50:39,2025-09-04 20:18:07,เจนการไฟฟ้า,43949014,C2C(Non-CB),26301232459,MITSUBISHI คาปาซิเตอร์ อะไหล่แท้เบิกศูนย์ 1.5uF CAPACITOR แคปพัดลมมิตซูบิชิ,138956556028,Normal Product,,เครื่องใช้ไฟฟ้าภายในบ้าน,เครื่องใช้ไฟฟ้าขนาดใหญ่,อุปกรณ์ทำความเย็น,70,1,คอมมิชชั่นจาก Shopee,,70,,1.50%,1.05,0.00%,0,1.05,1.05,0,1.05,,0,0.00%,0,100.00%,1.05,สำเร็จ,,คำสั่งซื้อจากร้านค้าต่างกัน,ที่มีอยู่,31797128,tunis,mng,m39herbalspray0114,,Websites
2509080FEWURFJ,รอดำเนินการ,211016607200651,2025-09-08 14:43:27,,2025-09-08 13:31:01,autotnt.th,147642089,Preferred(CB),26837327190,ชุดสวิตช์ไฟเดิม Wave/สวิตช์แสงเดิมรุ่น WAVE110i/125i/CLCK125i/PCX125/150/Z00MER (LED ไม่แทรกได้),290305951364,Normal Product,,รถมอเตอร์ไซค์ อะไหล่และอุปกรณ์เสริมมอเตอร์ไซค์,ชิ้นส่วนอะไหล่มอเตอร์ไซค์,ชุดไฟมอเตอร์ไซค์,103,1,คอมมิชชั่นจาก Shopee,,103,,1.75%,1.8025,0.00%,0,1.8025,1.8025,0,1.8025,,0,0.00%,0,100.00%,1.8025,รอดำเนินการ,สถานะของสินค้านี้คือ อยู่ระหว่างดำเนินการ คอมมิชชั่นจะถูกคำนวณเพื่อจ่ายหลังสถานะเป็นสำเร็จแล้วเท่านั้น,คำสั่งซื้อจากร้านค้าต่างกัน,ที่มีอยู่,2599adboostco,paris,mng,m01KFdika0520,,Facebook
2509080FE9U5GP,สำเร็จ,211016586219011,2025-09-08 14:43:06,2025-09-11 16:37:57,2025-09-08 14:35:38,Case Case Case,11160988,Preferred(Non-CB),6077277991,[ฟิล์ม Nano PET] ฟิล์มด้านสำหรับ iPhone 16 pro max 16e 15 14 13 i12 i12pro max 11 12 mini X 8 6 6s Plus 6 6s 7 SE2 XS XR,69807369759,Normal Product,,มือถือและอุปกรณ์เสริม,อุปกรณ์เสริม,ฟิล์มกันรอย/กระจกกันรอย,19,3,คอมมิชชั่นจากร้านค้า,,51,,1.50%,0.765,9.00%,0,0.765,2.835,0,2.835,,0,0.00%,0,100.00%,2.835,สำเร็จ,,คำสั่งซื้อจากร้านค้าต่างกัน,ที่มีอยู่,2599adboostco,paris,mng,m01kaofangMeow0303,,Facebook
2509080FE9U5GP,สำเร็จ,211016586219011,2025-09-08 14:43:06,2025-09-11 16:37:57,2025-09-08 14:35:38,Case Case Case,11160988,Preferred(Non-CB),7636162086,[9D] ฟิล์มกระจก สำหรับ ไอโฟน 14 Pro max 11 12 13 12mini ฟิล์มกระจกแบบเต็มจอ XR 8 6 6s Plus 6 6s 7 SE2 XS MAX x,57493543650,Normal Product,,มือถือและอุปกรณ์เสริม,อุปกรณ์เสริม,ฟิล์มกันรอย/กระจกกันรอย,12,3,คอมมิชชั่นจากร้านค้า,,32,,1.50%,0.48,9.00%,0,0.48,0,0,0,,0,0.00%,0,100.00%,0,สำเร็จ,,คำสั่งซื้อจากร้านค้าต่างกัน,ที่มีอยู่,2599adboostco,paris,mng,m01kaofangMeow0303,,Facebook
2509080FE9U5GP,สำเร็จ,211016586219011,2025-09-08 14:43:06,2025-09-11 16:37:57,2025-09-08 14:35:38,Case Case Case,11160988,Preferred(Non-CB),7636162086,[9D] ฟิล์มกระจก สำหรับ ไอโฟน 14 Pro max 11 12 13 12mini ฟิล์มกระจกแบบเต็มจอ XR 8 6 6s Plus 6 6s 7 SE2 XS MAX x,207894893600,Normal Product,,มือถือและอุปกรณ์เสริม,อุปกรณ์เสริม,ฟิล์มกันรอย/กระจกกันรอย,12,3,คอมมิชชั่นจากร้านค้า,,32,,1.50%,0.48,9.00%,0,0.48,0,0,0,,0,0.00%,0,100.00%,0,สำเร็จ,,คำสั่งซื้อจากร้านค้าต่างกัน,ที่มีอยู่,2599adboostco,paris,mng,m01kaofangMeow0303,,Facebook
2509080FE9U5GP,สำเร็จ,211016586219011,2025-09-08 14:43:06,2025-09-11 16:37:57,2025-09-08 14:35:38,Case Case Case,11160988,Preferred(Non-CB),20771416715,อุปกรณ์ติดฟิล์ม สำหรับ มือถือ iphone ipad ผ้าทำความสะอาด ที่รีดฟิล์ม น้ำยาไล่ฟองอากาศ ฟิล์มไฮโดรเจล สติ๊กเกอร์เก็บฝุ่น,29320359147,Normal Product,,มือถือและอุปกรณ์เสริม,อุปกรณ์เสริม,ฟิล์มกันรอย/กระจกกันรอย,4,4,คอมมิชชั่นจากร้านค้า,,14,,1.50%,0.21,9.00%,0,0.21,0,0,0,,0,0.00%,0,100.00%,0,สำเร็จ,,คำสั่งซื้อจากร้านค้าต่างกัน,ที่มีอยู่,2599adboostco,paris,mng,m01kaofangMeow0303,,Facebook
2509080FE9U5GP,สำเร็จ,211016586219011,2025-09-08 14:43:06,2025-09-11 16:37:57,2025-09-08 14:35:38,Case Case Case,11160988,Preferred(Non-CB),20771416715,อุปกรณ์ติดฟิล์ม สำหรับ มือถือ iphone ipad ผ้าทำความสะอาด ที่รีดฟิล์ม น้ำยาไล่ฟองอากาศ ฟิล์มไฮโดรเจล สติ๊กเกอร์เก็บฝุ่น,29320359148,Normal Product,,มือถือและอุปกรณ์เสริม,อุปกรณ์เสริม,ฟิล์มกันรอย/กระจกกันรอย,3,3,คอมมิชชั่นจากร้านค้า,,9,,1.50%,0.135,9.00%,0,0.135,0,0,0,,0,0.00%,0,100.00%,0,สำเร็จ,,คำสั่งซื้อจากร้านค้าต่างกัน,ที่มีอยู่,2599adboostco,paris,mng,m01kaofangMeow0303,,Facebook
2509080FE9U5GP,สำเร็จ,211016586219011,2025-09-08 14:43:06,2025-09-11 16:37:57,2025-09-08 14:35:38,Case Case Case,11160988,Preferred(Non-CB),6077277991,[ฟิล์ม Nano PET] ฟิล์มด้านสำหรับ iPhone 16 pro max 16e 15 14 13 i12 i12pro max 11 12 mini X 8 6 6s Plus 6 6s 7 SE2 XS XR,67546644376,Normal Product,,มือถือและอุปกรณ์เสริม,อุปกรณ์เสริม,ฟิล์มกันรอย/กระจกกันรอย,19,3,คอมมิชชั่นจากร้านค้า,,51,,1.50%,0.765,9.00%,0,0.765,0,0,0,,0,0.00%,0,100.00%,0,สำเร็จ,,คำสั่งซื้อจากร้านค้าต่างกัน,ที่มีอยู่,2599adboostco,paris,mng,m01kaofangMeow0303,,Facebook
2509080FCWYF8V,สำเร็จ,211016540225466,2025-09-08 14:42:20,2025-09-11 10:16:39,2025-09-08 14:39:27,pooh_mobile,130586349,Preferred(Non-CB),29253384697,"เคสใส กันกระแทก มีทุกรุ่น! สำหรับ 
Samsung S8 S8Plus S9 S9Plus S10 S10lite J7 J710 J730 J7Prime J7Core J7Pro J2Prime 018",222922665424,Normal Product,,มือถือและอุปกรณ์เสริม,อุปกรณ์เสริม,เคสมือถือและแท็บเล็ต,12,1,คอมมิชชั่นจากร้านค้า,,12,,1.50%,0.18,4.00%,0.48,0.66,0.18,0.48,0.66,,0,0.00%,0,100.00%,0.66,สำเร็จ,,สั่งซื้อในร้านค้าเดียวกัน,ที่มีอยู่,2599adboostco,paris,mng,m56Fazzi0830,,Others
2509080F8QJEXQ,ยกเลิก,211016399289349,2025-09-08 14:40:00,--,2025-09-08 12:07:07,B.homy Shelf & Furniture Shop,404409253,Preferred(Non-CB),24079941502,ดัมเบล พาสเทล 1kg-2kg-3kg  ออกกำลังกาย Dumbbells กระชับแขน เพิ่มกล้ามเนื้อ ฟิตเนส สำหรับลดไขมันต้นแขน B.HOMY,251916524172,Normal Product,,กีฬาและกิจกรรมกลางแจ้ง,อุปกรณ์เล่นกีฬาและกิจกรรมกลางแจ้ง,อุปกรณ์ฟิตเนสและออกกำลังกาย,135,0,คอมมิชชั่นจากร้านค้า,,0,114,1.75%,0,4.00%,0,0,0,0,0,,0,0.00%,0,100.00%,0,ยกเลิก,คำสั่งซื้อไม่ถูกต้อง.,สั่งซื้อในร้านค้าเดียวกัน,ที่มีอยู่,2599adboostco,paris,mng,m01YPf0821,,Others
2509080F7M9M4U,รอดำเนินการ,211016362294686,2025-09-08 14:39:22,,2025-09-08 13:59:06,Pet Smart,300042068,C2C(Non-CB),18690290951,[ยกลัง 24กระป๋อง] อาหารเปียกแมวมีโอกระป๋อง Me-O 400 กรัม **ไม่รับผิดชอบกรณีกระป๋องบุบจากขนส่ง**,231895852291,Normal Product,,สัตว์เลี้ยง,อาหารสัตว์,อาหารแมว,980,1,คอมมิชชั่นจาก Shopee,,882,,1.75%,15.435,0.00%,0,15.435,15.435,0,15.435,,0,0.00%,0,100.00%,15.435,รอดำเนินการ,สถานะของสินค้านี้คือ อยู่ระหว่างดำเนินการ คอมมิชชั่นจะถูกคำนวณเพื่อจ่ายหลังสถานะเป็นสำเร็จแล้วเท่านั้น,คำสั่งซื้อจากร้านค้าต่างกัน,ที่มีอยู่,2599adboostco,paris,mng,m01kaofangMeow0303,,Facebook
2509080F45NNY3,รอดำเนินการ,211016246291754,2025-09-08 14:37:26,,2025-09-08 14:17:05,MAKAWA อุปกรณ์ทำความสะอาดรถ,158838718,C2C(Non-CB),13474599795,Wax แวกซ์ Super Wax เคลือบสีรถ เคลือบแก้ว เคลือบเงา น้ำยาเคลือบ เคลือบรถยนต์ มอเตอร์ไซค์ กันน้ำ กันUV ของแท้100% 300G,181578992797,Normal Product,,รถยนต์ อะไหล่และอุปกรณ์เสริมรถยนต์,ผลิตภัณฑ์ดูแลรถยนต์,ผลิตภัณฑ์ขัดและซ่อมสีรถยนต์,129,1,คอมมิชชั่นจากร้านค้า,,129,,1.75%,2.2575,5.00%,0,2.2575,2.2575,0,2.2575,,0,0.00%,0,100.00%,2.2575,รอดำเนินการ,สถานะของสินค้านี้คือ อยู่ระหว่างดำเนินการ คอมมิชชั่นจะถูกคำนวณเพื่อจ่ายหลังสถานะเป็นสำเร็จแล้วเท่านั้น,คำสั่งซื้อจากร้านค้าต่างกัน,ที่มีอยู่,2599adboostco,paris,mng,m01KFdika0520,,Facebook
2509080F2YEGVB,รอดำเนินการ,211016206218545,2025-09-08 14:36:46,,2025-09-08 14:25:21,JJdaily2_Shop,506265520,Preferred(Non-CB),23451907919,JJdaily2_Shop ชั้นเก็บอาหาร สไตล์ญี่ปุ่น ทรงสีเหลี่ยม ฝาครอบอาหาร  ป้องกันแมลงและกันฝุ่น ถนอมอุณภูมิของอาหาร A220,214520535686,Normal Product,,เครื่องใช้ในบ้าน,เครื่องใช้บนโต๊ะอาหาร,ฝาชี,58,3,คอมมิชชั่นจากร้านค้า,,147,,1.50%,2.205,7.00%,0,2.205,2.205,0,2.205,,0,0.00%,0,100.00%,2.205,รอดำเนินการ,สถานะของสินค้านี้คือ อยู่ระหว่างดำเนินการ คอมมิชชั่นจะถูกคำนวณเพื่อจ่ายหลังสถานะเป็นสำเร็จแล้วเท่านั้น,คำสั่งซื้อจากร้านค้าต่างกัน,ที่มีอยู่,2599adboostco,paris,mng,m01BMavk0821,,Facebook
2509080F24SASA,สำเร็จ,211016178261519,2025-09-08 14:36:18,2025-09-09 20:22:07,2025-09-08 14:32:47,camp life,1048901531,C2C(Non-CB),28169868467,หมวกกันน๊อค หมวกกันน็อก หมวกกันน็อค 6 สี รถจักรยานยนต์ กันลม กันน้ำ ทนต่อการใช้งาน | ระบายอากาศดี+กันกระแทกแรงสูง,218040359312,Normal Product,,รถมอเตอร์ไซค์ อะไหล่และอุปกรณ์เสริมมอเตอร์ไซค์,หมวกกันน็อคและอุปกรณ์สวมใส่สำหรับขับขี่,,179,1,คอมมิชชั่นจากร้านค้า,,158,,1.75%,2.765,7.00%,0,2.765,2.765,0,2.765,,0,0.00%,0,100.00%,2.765,สำเร็จ,,คำสั่งซื้อจากร้านค้าต่างกัน,ที่มีอยู่,2599adboostco,paris,mng,m01BMavk0821,,Facebook
2509080EXK8MST,รอดำเนินการ,211016059225341,2025-09-08 14:34:20,,2025-09-08 12:00:20,Sorf Official Store,1202276336,Shopee Mall(Non-CB),27214154010,Sorf เครื่องชั่งน้ำหนัก วัดไขมัน 180kg BMI21 ค่า เชื่อมต่อแอพ iOS/Android ชาร์จ USB หน้าปัดกระจกนิ ตาชั่ง Weight Scale,241783556556,Normal Product,,กลุ่มผลิตภัณฑ์เพื่อสุขภาพ,เครื่องมือและอุปกรณ์ในการดูแลสุขภาพ,เครื่องชั่งน้ำหนักและวัดมวลไขมัน,249,1,คอมมิชชั่นจากร้านค้า,,197,,1.50%,2.955,10.00%,0,2.955,2.955,0,2.955,,0,0.00%,0,100.00%,2.955,รอดำเนินการ,สถานะของสินค้านี้คือ อยู่ระหว่างดำเนินการ คอมมิชชั่นจะถูกคำนวณเพื่อจ่ายหลังสถานะเป็นสำเร็จแล้วเท่านั้น,คำสั่งซื้อจากร้านค้าต่างกัน,ที่มีอยู่,2599adboostco,paris,mng,m01jjshop0803,,Facebook
2509080EWD5YPX,รอดำเนินการ,211016019290657,2025-09-08 14:33:40,,2025-09-08 09:05:51,Glasses Cap Shop,7683891,Preferred(Non-CB),22418684150,New-97146 แว่นตาแฟชั่น แว่นตากันแดด เหลี่ยมเล็กวินเทจ ทรงมินิมอลสุดๆ  [[ร้านในไทย🇹🇭สินค้าพร้อมส่ง]],146548240809,Normal Product,,เครื่องประดับ,แว่นตา,แว่นกันแดด,49,1,คอมมิชชั่นจากร้านค้า,,49,,1.75%,0.8575,7.00%,0,0.8575,0.8575,0,0.8575,,0,0.00%,0,100.00%,0.8575,รอดำเนินการ,สถานะของสินค้านี้คือ อยู่ระหว่างดำเนินการ คอมมิชชั่นจะถูกคำนวณเพื่อจ่ายหลังสถานะเป็นสำเร็จแล้วเท่านั้น,คำสั่งซื้อจากร้านค้าต่างกัน,ที่มีอยู่,2599adboostco,paris,mng,m01KFdika0520,,Facebook
2509080EW2P6B3,สำเร็จ,211016008287541,2025-09-08 14:33:28,2025-09-09 21:07:05,2025-09-08 12:09:13,F246 HARDWARE,256311069,Preferred(Non-CB),7336115207,[การันตีคุณภาพ]เทปใส LION Tape หนา 43ไมครอน ยาว 45หลา แกนใหญ่,18865326317,Normal Product,,เครื่องเขียน,อุปกรณ์สำนักงานและโรงเรียน,เชือกฟางและเทปกาว,119,3,คอมมิชชั่นจากร้านค้า,,357,,1.75%,6.2475,7.00%,0,6.2475,6.2475,0,6.2475,,0,0.00%,0,100.00%,6.2475,สำเร็จ,,คำสั่งซื้อจากร้านค้าต่างกัน,ที่มีอยู่,2599adboostco,paris,mng,m01KFdika0520,,Facebook
2509080ET8Y2YM,สำเร็จ,211015914202403,2025-09-08 14:31:54,2025-09-10 14:14:03,2025-09-08 14:21:52,BabyKimji2023,490458536,Preferred(Non-CB),28174039117,ผ้าอ้อมผู้ใหญ่ CERTAINTY DAYPANT ลังส้มและเขียว ยกลังประหยัดกว่า  แบบกางเกง เซอร์เทนตี้เดย์ แพ้นส์,195737374877,Normal Product,,กลุ่มผลิตภัณฑ์เพื่อสุขภาพ,ของใช้ส่วนตัว,ผ้าอ้อมผู้ใหญ่,619,1,คอมมิชชั่นจาก Shopee,,495,,1.50%,7.425,0.00%,0,7.425,7.425,0,7.425,,0,0.00%,0,100.00%,7.425,สำเร็จ,,คำสั่งซื้อจากร้านค้าต่างกัน,ที่มีอยู่,2599adboostco,paris,mng,m56Fazzi0830,,Facebook
2509080ET1BB32,สำเร็จ,211015906224577,2025-09-08 14:31:46,2025-09-10 10:02:31,2025-09-08 14:28:31,Yuedpao - ยืดเปล่า Official Store,240723932,Shopee Mall(Non-CB),41400048187,Yuedpao Sportswear เสื้อออกกำลังกายแขนกุด เสื้อกีฬา เสื้อกล้ามออกกำลังกาย เสื้อสำหรับวิ่ง Ultra Flow Sleeveless,300002801459,Normal Product,,กีฬาและกิจกรรมกลางแจ้ง,เสื้อผ้ากีฬา,เสื้อกีฬา,149,1,คอมมิชชั่นจากร้านค้า,,132,,1.75%,2.31,10.00%,13.2,15.51,6.9475,39.7,46.6475,,0,0.00%,0,100.00%,46.6475,สำเร็จ,,สั่งซื้อในร้านค้าเดียวกัน,ที่มีอยู่,2599adboostco,paris,mng,m01YPf0821,,Facebook
2509080ET1BB32,สำเร็จ,211015906224577,2025-09-08 14:31:46,2025-09-10 10:02:31,2025-09-08 14:28:31,Yuedpao - ยืดเปล่า Official Store,240723932,Shopee Mall(Non-CB),41400048187,Yuedpao Sportswear เสื้อออกกำลังกายแขนกุด เสื้อกีฬา เสื้อกล้ามออกกำลังกาย เสื้อสำหรับวิ่ง Ultra Flow Sleeveless,300002801465,Normal Product,,กีฬาและกิจกรรมกลางแจ้ง,เสื้อผ้ากีฬา,เสื้อกีฬา,149,1,คอมมิชชั่นจากร้านค้า,,133,,1.75%,2.3275,10.00%,13.3,15.6275,0,0,0,,0,0.00%,0,100.00%,0,สำเร็จ,,สั่งซื้อในร้านค้าเดียวกัน,ที่มีอยู่,2599adboostco,paris,mng,m01YPf0821,,Facebook
2509080ET1BB32,สำเร็จ,211015906224577,2025-09-08 14:31:46,2025-09-10 10:02:31,2025-09-08 14:28:31,Yuedpao - ยืดเปล่า Official Store,240723932,Shopee Mall(Non-CB),41400048187,Yuedpao Sportswear เสื้อออกกำลังกายแขนกุด เสื้อกีฬา เสื้อกล้ามออกกำลังกาย เสื้อสำหรับวิ่ง Ultra Flow Sleeveless,300002801477,Normal Product,,กีฬาและกิจกรรมกลางแจ้ง,เสื้อผ้ากีฬา,เสื้อกีฬา,149,1,คอมมิชชั่นจากร้านค้า,,132,,1.75%,2.31,10.00%,13.2,15.51,0,0,0,,0,0.00%,0,100.00%,0,สำเร็จ,,สั่งซื้อในร้านค้าเดียวกัน,ที่มีอยู่,2599adboostco,paris,mng,m01YPf0821,,Facebook
2509080EK6YQ7D,รอดำเนินการ,211015677256407,2025-09-08 14:27:58,,2025-09-08 08:45:29,PETDD,101694373,Preferred(Non-CB),10603377079,Catme CLASSIC Nuscented ทรายแมวคาร์บอน สูตรกำจัดแอมโมเนีย และลดแบคทีเรีย,65383493280,Normal Product,,สัตว์เลี้ยง,ห้องน้ำและทราย,ทรายแมวและกระบะทรายแมว,188,1,คอมมิชชั่นจาก Shopee,,169,,1.75%,2.9575,0.00%,0,2.9575,2.9575,0,2.9575,,0,0.00%,0,100.00%,2.9575,รอดำเนินการ,สถานะของสินค้านี้คือ อยู่ระหว่างดำเนินการ คอมมิชชั่นจะถูกคำนวณเพื่อจ่ายหลังสถานะเป็นสำเร็จแล้วเท่านั้น,คำสั่งซื้อจากร้านค้าต่างกัน,ที่มีอยู่,2599adboostco,paris,mng,m01BMavk0821,,Facebook
2509080EGNXCX0,รอดำเนินการ,211015592271498,2025-09-08 14:26:33,,2025-09-08 14:21:40,PRINCE AUTO SHOP,256839325,C2C(Non-CB),22234692262,Getsun 1002A Glass Coating สเปรย์เคลือบกระจก น้ำยาเคลือบกันฝน กันน้ำเกาะ ลดฝ้ามัว ขนาด 200ml สินค้ามีคุณภาพ ของแท้100%,275424454899,Normal Product,,รถยนต์ อะไหล่และอุปกรณ์เสริมรถยนต์,ผลิตภัณฑ์ดูแลรถยนต์,ผลิตภัณฑ์ดูแลรักษากระจก,85,1,คอมมิชชั่นจากร้านค้า,,85,,1.75%,1.4875,7.00%,0,1.4875,1.4875,0,1.4875,,0,0.00%,0,100.00%,1.4875,รอดำเนินการ,สถานะของสินค้านี้คือ อยู่ระหว่างดำเนินการ คอมมิชชั่นจะถูกคำนวณเพื่อจ่ายหลังสถานะเป็นสำเร็จแล้วเท่านั้น,คำสั่งซื้อจากร้านค้าต่างกัน,ที่มีอยู่,2599adboostco,paris,mng,m01FahRain0805,,Facebook
2509080EGCBFKP,สำเร็จ,211015582214645,2025-09-08 14:26:22,2025-09-10 10:10:27,2025-09-08 14:06:11,PPbest_home,696630102,Preferred(Non-CB),21378417511,🔥ผ้าคลุมโซฟา🔥 โซฟายืดหยุ่นครอบคลุมปกติ L รูปร่างพับเก็บได้ 1/2/3/4 ที่นั่งครอบคลุมรองเท้าแตะ,221467811310,Normal Product,,เครื่องใช้ในบ้าน,อุปกรณ์ตกแต่งบ้าน,ผ้าคลุมเฟอร์นิเจอร์,228,1,คอมมิชชั่นจากร้านค้า,,228,,1.50%,3.42,8.00%,0,3.42,4.92,0,4.92,,0,0.00%,0,100.00%,4.92,สำเร็จ,,คำสั่งซื้อจากร้านค้าต่างกัน,ที่มีอยู่,2599adboostco,paris,mng,m56Fazzi0830,,Facebook
2509080EGCBFKP,สำเร็จ,211015582214645,2025-09-08 14:26:22,2025-09-10 10:10:27,2025-09-08 14:06:11,PPbest_home,696630102,Preferred(Non-CB),22139599433,🔥 เก้าอี้ครอบคลุม 🔥 เก้าอี้ยืดหยุ่นครอบคลุมน้ำแข็งผ้าไหมยืดหยุ่นระบายอากาศบรรจุภัณฑ์,194226905616,Normal Product,,เครื่องใช้ในบ้าน,อุปกรณ์ตกแต่งบ้าน,ผ้าคลุมเฟอร์นิเจอร์,50,2,คอมมิชชั่นจากร้านค้า,,100,,1.50%,1.5,8.00%,0,1.5,0,0,0,,0,0.00%,0,100.00%,0,สำเร็จ,,คำสั่งซื้อจากร้านค้าต่างกัน,ที่มีอยู่,2599adboostco,paris,mng,m56Fazzi0830,,Facebook
2509080EAP809W,สำเร็จ,211015391263390,2025-09-08 14:23:12,2025-09-11 20:12:31,2025-09-08 06:47:35,PinkPig.th,82884546,C2C(Non-CB),29759715861,ยางรองแก้วน้ำเยติ 36OZ กว้าง9cm siliconซิลิโคนรองแก้วYETI ก้นถ้วย 8.9-9.3cmใช้ได้ มีความยืดหยุ่น,168391396009,Normal Product,,เครื่องใช้ในบ้าน,เครื่องใช้บนโต๊ะอาหาร,ขวดน้ำ,39,1,คอมมิชชั่นจาก Shopee,,39,,1.50%,0.585,0.00%,0,0.585,1.17,0,1.17,,0,0.00%,0,100.00%,1.17,สำเร็จ,,คำสั่งซื้อจากร้านค้าต่างกัน,ที่มีอยู่,2599adboostco,paris,mng,m01FahRain0805,,Facebook
2509080EAP809W,สำเร็จ,211015391263390,2025-09-08 14:23:12,2025-09-11 20:12:31,2025-09-08 06:47:35,PinkPig.th,82884546,C2C(Non-CB),29759715861,ยางรองแก้วน้ำเยติ 36OZ กว้าง9cm siliconซิลิโคนรองแก้วYETI ก้นถ้วย 8.9-9.3cmใช้ได้ มีความยืดหยุ่น,168391396010,Normal Product,,เครื่องใช้ในบ้าน,เครื่องใช้บนโต๊ะอาหาร,ขวดน้ำ,39,1,คอมมิชชั่นจาก Shopee,,39,,1.50%,0.585,0.00%,0,0.585,0,0,0,,0,0.00%,0,100.00%,0,สำเร็จ,,คำสั่งซื้อจากร้านค้าต่างกัน,ที่มีอยู่,2599adboostco,paris,mng,m01FahRain0805,,Facebook
2509080E5FBGBM,สำเร็จ,211015216267749,2025-09-08 14:20:16,2025-09-10 20:37:17,2025-09-08 07:29:20,Goodthings.Home,991823687,Preferred(CB),43801121450,รุ่นพรีเมี่ยม เครื่องกรองน้ําหัวฝักบัว แท่งกรองน้ําน้ําหอม ตลับกรองน้ํา ผสมวิตามินซี กรองคลอรีนได้ถึง 99%,285089578896,Normal Product,,เครื่องใช้ในบ้าน,ห้องน้ำ,ฝักบัว ก็อกน้ำ,49,1,คอมมิชชั่นจากร้านค้า,,49,,1.50%,0.735,8.00%,0,0.735,0.735,0,0.735,,0,0.00%,0,100.00%,0.735,สำเร็จ,,คำสั่งซื้อจากร้านค้าต่างกัน,ที่มีอยู่,2599adboostco,paris,mng,m02Rooftop0706,,Facebook
2509080E42FR8Q,รอดำเนินการ,211015169218776,2025-09-08 14:19:29,,2025-09-08 13:48:37,SolarCity,87038227,C2C(Non-CB),20145502544,ปัตตาเลี่ยน ปัตตาเลี่ยนไร้สาย ปัตตาเลี่ยนตัดผมเด็ก,192300282632,Normal Product,,ผลิตภัณฑ์บำรุงและเสริมความงาม,ผลิตภัณฑ์ดูแลผู้ชาย,ผลิตภัณฑ์โกนหนวด,123,1,คอมมิชชั่นจากร้านค้า,,110,,1.75%,1.925,7.00%,0,1.925,1.925,0,1.925,,0,0.00%,0,100.00%,1.925,รอดำเนินการ,สถานะของสินค้านี้คือ อยู่ระหว่างดำเนินการ คอมมิชชั่นจะถูกคำนวณเพื่อจ่ายหลังสถานะเป็นสำเร็จแล้วเท่านั้น,คำสั่งซื้อจากร้านค้าต่างกัน,ที่มีอยู่,2599adboostco,paris,mng,m01kaofangMeow0303,,Facebook
2509080E42FR8P,รอดำเนินการ,211015169218776,2025-09-08 14:19:29,,2025-09-08 13:48:37,BEN&BRUCE,58541070,Preferred(Non-CB),3663705042,ใบพัดลม ส่งฟรี🛵 พร้อมส่ง Hatari Sharp ขนาด 12 14 16 18 นิ้ว ใส่ได้หลายยี่ห้อ ใบพัด อะไหล่พัดลม,41874001144,Normal Product,,เครื่องใช้ไฟฟ้าภายในบ้าน,เครื่องใช้ไฟฟ้าขนาดใหญ่,อุปกรณ์ทำความเย็น,80,1,คอมมิชชั่นจากร้านค้า,,80,,1.50%,1.2,7.00%,0,1.2,1.2,0,1.2,,0,0.00%,0,100.00%,1.2,รอดำเนินการ,สถานะของสินค้านี้คือ อยู่ระหว่างดำเนินการ คอมมิชชั่นจะถูกคำนวณเพื่อจ่ายหลังสถานะเป็นสำเร็จแล้วเท่านั้น,คำสั่งซื้อจากร้านค้าต่างกัน,ที่มีอยู่,2599adboostco,paris,mng,m01kaofangMeow0303,,Facebook
2509080DY45ATA,สำเร็จ,211015003202793,2025-09-08 14:16:43,2025-09-10 01:02:26,2025-09-08 12:03:37,Takemeon,467370953,C2C(Non-CB),22046987303,🔥จัดโปรจ้า🔥มาใหม่จ้าHOKAพร้อมกล่องสว่ยๆเลยจ้า,240508913352,Normal Product,,รองเท้าผู้ชาย,อื่นๆ,,1016,1,คอมมิชชั่นจากร้านค้า,,985,,1.75%,17.2375,4.00%,0,17.2375,17.2375,0,17.2375,,0,0.00%,0,100.00%,17.2375,สำเร็จ,,คำสั่งซื้อจากร้านค้าต่างกัน,ที่มีอยู่,2599adboostco,paris,mng,m01Tik0803,,Facebook
2509080DV5RVTT,รอดำเนินการ,211014904225514,2025-09-08 14:15:05,,2025-09-08 12:58:42,IMUTO  Mall,1150126929,Preferred(Non-CB),24487942461,IMUTO กระเป๋ากันน้ำ ถุงกันน้ำ Ocean pack คุณภาพเกรดพรีเมี่ยม งานเนื้อหนา waterproof bag 10/15/20L ⚡COD⚡,251947147793,Normal Product,,กีฬาและกิจกรรมกลางแจ้ง,อุปกรณ์เสริมสำหรับเล่นกีฬาและกิจกรรมกลางแจ้ง,กระเป๋ากันน้ำ,89,1,คอมมิชชั่นจากร้านค้า,,89,,1.75%,1.5575,7.00%,0,1.5575,1.5575,0,1.5575,,0,0.00%,0,100.00%,1.5575,รอดำเนินการ,สถานะของสินค้านี้คือ อยู่ระหว่างดำเนินการ คอมมิชชั่นจะถูกคำนวณเพื่อจ่ายหลังสถานะเป็นสำเร็จแล้วเท่านั้น,คำสั่งซื้อจากร้านค้าต่างกัน,ที่มีอยู่,2599adboostco,paris,mng,m02Rooftop0706,,Facebook
2509080DPENN4C,รอดำเนินการ,211014712235688,2025-09-08 14:11:53,,2025-09-08 13:18:24,ATC Michelin Accessories TH,786242394,Shopee Mall(Non-CB),25180385364,MICHELIN ใบปัดน้ำฝนโครงเหล็ก แพ็คคู่ U-HOOK RainForce Wiper Blade (twin pack),195098316748,Normal Product,,รถยนต์ อะไหล่และอุปกรณ์เสริมรถยนต์,ชิ้นส่วนอะไหล่รถยนต์,ที่ปัดน้ำฝน และตัวชะล้าง,358,1,คอมมิชชั่นจากร้านค้า,,286,,1.75%,5.005,7.00%,20.02,25.025,5.005,20.02,25.025,,0,0.00%,0,100.00%,25.025,รอดำเนินการ,สถานะของสินค้านี้คือ อยู่ระหว่างดำเนินการ คอมมิชชั่นจะถูกคำนวณเพื่อจ่ายหลังสถานะเป็นสำเร็จแล้วเท่านั้น,สั่งซื้อในร้านค้าเดียวกัน,ที่มีอยู่,2599adboostco,paris,mng,m01FahRain0805,,Facebook
2509080DPAU0WG,รอดำเนินการ,211014708218101,2025-09-08 14:11:48,,2025-09-08 13:56:23,Aripetshop,62909593,C2C(Non-CB),22838178001,Oliver อาหารสุนัข โอลิเวอร์ สูตรสุนัขโต รสเนื้อแกะ และข้าว 1kg ถุงแบ่งจากโรงงาน,236542342148,Normal Product,,สัตว์เลี้ยง,อาหารสัตว์,อาหารสุนัข,56,1,คอมมิชชั่นจาก Shopee,,55,,1.75%,0.9625,0.00%,0,0.9625,0.9625,0,0.9625,,0,0.00%,0,100.00%,0.9625,รอดำเนินการ,สถานะของสินค้านี้คือ อยู่ระหว่างดำเนินการ คอมมิชชั่นจะถูกคำนวณเพื่อจ่ายหลังสถานะเป็นสำเร็จแล้วเท่านั้น,คำสั่งซื้อจากร้านค้าต่างกัน,ที่มีอยู่,2599adboostco,paris,mng,m01FahRain0805,,Facebook
2509080DNCC8TU,รอดำเนินการ,211014676276924,2025-09-08 14:11:17,,2025-09-08 10:16:02,KANOM INDY,362791202,C2C(Non-CB),9683312417,ขนมอาลัวแมวอุ๋ง อาลัวกะทิหอม 1 กล่อง 9ซอง (18 ตัว) ไม่อบควันเทียน **กล่องลายแมวหมดนะคะ มีกล่องขาว**,186855092857,Normal Product,,อาหารและเครื่องดื่ม,เบเกอรี่,อื่นๆ,155,1,คอมมิชชั่นจาก Shopee,,155,,1.75%,2.7125,0.00%,0,2.7125,2.7125,0,2.7125,,0,0.00%,0,100.00%,2.7125,รอดำเนินการ,สถานะของสินค้านี้คือ อยู่ระหว่างดำเนินการ คอมมิชชั่นจะถูกคำนวณเพื่อจ่ายหลังสถานะเป็นสำเร็จแล้วเท่านั้น,คำสั่งซื้อจากร้านค้าต่างกัน,ที่มีอยู่,2599adboostco,paris,mng,m01BMavk0821,,Facebook
2509080DMQCEYV,รอดำเนินการ,211014654253341,2025-09-08 14:10:55,,2025-09-08 11:30:09,Victoria's Sunshine,660124189,Preferred(Non-CB),24221353388,ชุดว่ายน้ำหญิง ทูพีช เกาะอก ดอกไม้สีเหลือง สินค้าขายดีในเมืองไทย พร้อมส่ง#0251,255551495127,Normal Product,,กีฬาและกิจกรรมกลางแจ้ง,เสื้อผ้ากีฬา,ชุดว่ายน้ำ,139,1,คอมมิชชั่นจากร้านค้า,,125,,1.75%,2.1875,4.00%,0,2.1875,2.1875,0,2.1875,,0,0.00%,0,100.00%,2.1875,รอดำเนินการ,สถานะของสินค้านี้คือ อยู่ระหว่างดำเนินการ คอมมิชชั่นจะถูกคำนวณเพื่อจ่ายหลังสถานะเป็นสำเร็จแล้วเท่านั้น,คำสั่งซื้อจากร้านค้าต่างกัน,ที่มีอยู่,2599adboostco,paris,mng,m01BMavk0821,,Facebook
2509080DHK703D,สำเร็จ,211014549222067,2025-09-08 14:09:09,2025-09-11 00:21:59,2025-09-08 14:02:29,HD AUTO PARTS STORE,720369702,Preferred(Non-CB),41556855203,BOSCH ใบปัดน้ำฝน ไร้โครง HONDA CITY ปี 1996-2023 รุ่น CLEAR ADVANTAGE,270579324743,Normal Product,,รถยนต์ อะไหล่และอุปกรณ์เสริมรถยนต์,ชิ้นส่วนอะไหล่รถยนต์,ที่ปัดน้ำฝน และตัวชะล้าง,342,1,คอมมิชชั่นจาก Shopee,,307,,1.75%,5.3725,0.00%,0,5.3725,5.3725,0,5.3725,,0,0.00%,0,100.00%,5.3725,สำเร็จ,,คำสั่งซื้อจากร้านค้าต่างกัน,ที่มีอยู่,2599adboostco,paris,mng,m01FahRain0805,,Facebook
2509080DH6TS8U,รอดำเนินการ,211014536236035,2025-09-08 14:08:56,,2025-09-08 13:56:18,officialbloomboom,396882413,Shopee Mall(Non-CB),19671602477,ส่งฟรี‼️บราอัพไซส์ รุ่น +3cm. Bloomboom,215379575522,Normal Product,,เสื้อผ้าผู้หญิง,ชุดชั้นใน,อุปกรณ์ชุดชั้นใน,299,1,คอมมิชชั่นจากร้านค้า,,235,,1.50%,3.525,15.00%,0,3.525,7.05,0,7.05,,0,0.00%,0,100.00%,7.05,รอดำเนินการ,สถานะของสินค้านี้คือ อยู่ระหว่างดำเนินการ คอมมิชชั่นจะถูกคำนวณเพื่อจ่ายหลังสถานะเป็นสำเร็จแล้วเท่านั้น,คำสั่งซื้อจากร้านค้าต่างกัน,ที่มีอยู่,2599adboostco,paris,mng,m01jjshop0803,,Facebook
2509080DH6TS8U,รอดำเนินการ,211014536236035,2025-09-08 14:08:56,,2025-09-08 13:56:18,officialbloomboom,396882413,Shopee Mall(Non-CB),19671602477,ส่งฟรี‼️บราอัพไซส์ รุ่น +3cm. Bloomboom,215379575523,Normal Product,,เสื้อผ้าผู้หญิง,ชุดชั้นใน,อุปกรณ์ชุดชั้นใน,299,1,คอมมิชชั่นจากร้านค้า,,235,,1.50%,3.525,15.00%,0,3.525,0,0,0,,0,0.00%,0,100.00%,0,รอดำเนินการ,สถานะของสินค้านี้คือ อยู่ระหว่างดำเนินการ คอมมิชชั่นจะถูกคำนวณเพื่อจ่ายหลังสถานะเป็นสำเร็จแล้วเท่านั้น,คำสั่งซื้อจากร้านค้าต่างกัน,ที่มีอยู่,2599adboostco,paris,mng,m01jjshop0803,,Facebook
2509080DFHCTUW,รอดำเนินการ,211014480204169,2025-09-08 14:08:00,,2025-09-08 10:05:43,Laterme.th,1413821894,Preferred(CB),28021931496,Laterme กางเกงลำลองผู้หญิง กางเกงขากว้าง กางเกงเอวสูง ผ้าใส่สบาย,257354822100,Normal Product,,เสื้อผ้าผู้หญิง,กางเกง,กางเกงขายาว,149,1,คอมมิชชั่นจาก Shopee,,134,,1.50%,2.01,0.00%,0,2.01,2.01,0,2.01,,0,0.00%,0,100.00%,2.01,รอดำเนินการ,สถานะของสินค้านี้คือ อยู่ระหว่างดำเนินการ คอมมิชชั่นจะถูกคำนวณเพื่อจ่ายหลังสถานะเป็นสำเร็จแล้วเท่านั้น,คำสั่งซื้อจากร้านค้าต่างกัน,ที่มีอยู่,2599adboostco,paris,mng,m06Nasa1228,,Facebook
2509080DCVH8SX,รอดำเนินการ,211014391220908,2025-09-08 14:06:31,,2025-09-08 09:19:46,กันต์ดนัย เครื่องหมายข้าราชการ,1267105281,Preferred(Non-CB),27751107444,อินทรธนูข้าราชการ บ่าชุดกากี บ่าราชการ ดิ้นอิตาลีและอินเดีย,245905070159,Normal Product,,เครื่องประดับ,เครื่องประดับอื่นๆ,อื่นๆ,180,1,คอมมิชชั่นจาก Shopee,,162,,1.75%,2.835,0.00%,0,2.835,2.835,0,2.835,,0,0.00%,0,100.00%,2.835,รอดำเนินการ,สถานะของสินค้านี้คือ อยู่ระหว่างดำเนินการ คอมมิชชั่นจะถูกคำนวณเพื่อจ่ายหลังสถานะเป็นสำเร็จแล้วเท่านั้น,คำสั่งซื้อจากร้านค้าต่างกัน,ที่มีอยู่,2599adboostco,paris,mng,m01PetKit0520,,Facebook
2509080D4T2YBF,สำเร็จ,211014120225341,2025-09-08 14:02:00,2025-09-11 14:55:22,2025-09-08 06:15:06,Upaw Store,1440099427,C2C(Non-CB),26322973712,10ชิ้น แมวเลีย 16กรัม อาหารแมว​ รสชาติอร่อยถูกใจน้องแมว,242775056907,Normal Product,350295972840058_0_0,สัตว์เลี้ยง,อาหารสัตว์,ขนมแมว,0,1,คอมมิชชั่นจากร้านค้า,,0,,1.75%,0,8.00%,0,0,4.1125,0,4.1125,,0,0.00%,0,100.00%,4.1125,สำเร็จ,,คำสั่งซื้อจากร้านค้าต่างกัน,ที่มีอยู่,2599adboostco,paris,mng,m01PetKit0520,,Facebook
2509080D4T2YBF,สำเร็จ,211014120225341,2025-09-08 14:02:00,2025-09-11 14:55:22,2025-09-08 06:15:06,Upaw Store,1440099427,C2C(Non-CB),42901825927,6L ทรายแมว ตรวจสุขภาพ จากปัสสาวะปลี่ยนสี ตรวจโรค ทรายแมวเต้าหู้,291032492177,Normal Product,350295972840058_0_0,สัตว์เลี้ยง,ห้องน้ำและทราย,ทรายแมวและกระบะทรายแมว,319,1,คอมมิชชั่นจากร้านค้า,,235,,1.75%,4.1125,19.00%,0,4.1125,0,0,0,,0,0.00%,0,100.00%,0,สำเร็จ,,คำสั่งซื้อจากร้านค้าต่างกัน,ที่มีอยู่,2599adboostco,paris,mng,m01PetKit0520,,Facebook
2509080D4T2YBE,สำเร็จ,211014120225341,2025-09-08 14:02:00,2025-09-11 14:53:33,2025-09-08 06:15:06,Siamese  Kitten,598114375,C2C(Non-CB),23883901903,🐱ความจุน้ำ 4 ลิตร น้ำพุแมวไร้สาย มีแบตเตอรี่ในตัว น้ำพุชาร์จไฟ น้ำที่ตรวจจับทางชีวภาพ 😺,187113228361,Normal Product,,สัตว์เลี้ยง,อุปกรณ์สำหรับสัตว์เลี้ยง,ชามและเครื่องให้อาหาร,331,1,คอมมิชชั่นจากร้านค้า,,297,,1.75%,5.1975,4.00%,0,5.1975,5.1975,0,5.1975,,0,0.00%,0,100.00%,5.1975,สำเร็จ,,คำสั่งซื้อจากร้านค้าต่างกัน,ที่มีอยู่,2599adboostco,paris,mng,m01PetKit0520,,Facebook
2509080D4T2YBD,สำเร็จ,211014120225341,2025-09-08 14:02:00,2025-09-09 18:28:25,2025-09-08 06:15:06,TH -Shop,718606161,Preferred(Non-CB),21162788771,ชุดอุปกรณ์ตัดขนสุนัข ปัตตาเลี่ยนตัดขนสัตว์เลี้ยง ที่ตัดขนแมว ที่ตัดขนหมา 4in1 pet trimmer hairclipper พร้อมหัวที่่กรอเล็,221284404366,Normal Product,,สัตว์เลี้ยง,อุปกรณ์ทำความสะอาดและตกแต่งขน,อุปกรณ์ดูแลขนสัตว์เลี้ยง,295,1,คอมมิชชั่นจากร้านค้า,,263,,1.75%,4.6025,4.00%,10.52,15.1225,4.6025,10.52,15.1225,,0,0.00%,0,100.00%,15.1225,สำเร็จ,,สั่งซื้อในร้านค้าเดียวกัน,ที่มีอยู่,2599adboostco,paris,mng,m01PetKit0520,,Facebook
2509080D4T2YBC,สำเร็จ,211014120225341,2025-09-08 14:02:00,2025-09-11 14:54:36,2025-09-08 06:15:06,FRONTLINE Official Store,157514023,Shopee Mall(Non-CB),20864958782,[ชุดสุดคุ้ม]FRONTLINE PLUS CAT ผลิตภัณฑ์หยดกำจัดเห็บหมัด สำหรับแมว (จำนวน 2 กล่อง 6 หลอด),176132821241,Normal Product,,สัตว์เลี้ยง,ผลิตภัณฑ์ดูแลสุขภาพสัตว์เลี้ยง,ผลิตภัณฑ์ป้องกันหมัดและเห็บ,1048,1,คอมมิชชั่นจากร้านค้า,,915,,1.75%,16.0125,7.00%,0,16.0125,16.0125,0,16.0125,,0,0.00%,0,100.00%,16.0125,สำเร็จ,,คำสั่งซื้อจากร้านค้าต่างกัน,ที่มีอยู่,2599adboostco,paris,mng,m01PetKit0520,,Facebook
2509080CW8TNPN,สำเร็จ,211013867245293,2025-09-08 13:57:47,2025-09-10 22:07:19,2025-09-08 12:08:52,BBhair Beauty Shop,40112592,Preferred(Non-CB),22344903730,CKL 308 / 9999 ปรับได้ถึง 4 ระดับ ขนาดแผ่น 4.5*10 cm ถอดปลั๊กเพื่อปิดเครื่อง เครื่องหนีบผม ที่หนีบผม เครื่องรีดผม,59666618683,Normal Product,,ผลิตภัณฑ์บำรุงและเสริมความงาม,เครื่องมือแต่งหน้า,เครื่องทำผม,159,1,คอมมิชชั่นจาก Shopee,,135,,1.75%,2.3625,0.00%,0,2.3625,2.3625,0,2.3625,,0,0.00%,0,100.00%,2.3625,สำเร็จ,,คำสั่งซื้อจากร้านค้าต่างกัน,ที่มีอยู่,2599adboostco,paris,mng,m01KFdika0520,,Facebook
2509080CTF5HMF,รอดำเนินการ,211013773227899,2025-09-08 13:56:14,,2025-09-08 13:54:21,S.Milin,92650266,Preferred(Non-CB),28202340899,หอยดองเเม่กลองไม่ใส่สี 1กิโล,168249819135,Normal Product,,อาหารและเครื่องดื่ม,อาหารสำเร็จรูป,อาหารปรุงสุก และอาหารพร้อมทาน,111,1,คอมมิชชั่นจากร้านค้า,,92,,1.75%,1.61,9.00%,0,1.61,1.61,0,1.61,,0,0.00%,0,100.00%,1.61,รอดำเนินการ,สถานะของสินค้านี้คือ อยู่ระหว่างดำเนินการ คอมมิชชั่นจะถูกคำนวณเพื่อจ่ายหลังสถานะเป็นสำเร็จแล้วเท่านั้น,คำสั่งซื้อจากร้านค้าต่างกัน,ที่มีอยู่,2599adboostco,paris,mng,m56Fazzi0830,,Facebook
2509080CRN1QNV,สำเร็จ,211013712286390,2025-09-08 13:55:12,2025-09-09 21:32:03,2025-09-08 12:51:20,intermart_market,191390655,C2C(Non-CB),3844235189,หมูฝอยขนาด  400 กรัม อินเตอร์มาร์ทหมูฝอย กรอบ อร่อย อาหารแห้ง,40438491036,Normal Product,,อาหารและเครื่องดื่ม,ขนมขบเคี้ยว,เนื้อสัตว์และผลไม้อบแห้งสำหรับทานเล่น,180,1,คอมมิชชั่นจากร้านค้า,,162,,1.75%,2.835,10.00%,0,2.835,2.835,0,2.835,,0,0.00%,0,100.00%,2.835,สำเร็จ,,คำสั่งซื้อจากร้านค้าต่างกัน,ที่มีอยู่,2599adboostco,paris,mng,m56ProwaVDO0905,,Facebook
2509080CQMKX94,รอดำเนินการ,211013678273007,2025-09-08 13:54:38,,2025-09-08 11:16:02,nppaint,146649917,C2C(Non-CB),26571032178,YP-419  ลูกบล็อกเดือย แกนหกเหลี่ยม ลูกบล็อกสวมเร็ว บล็อกยิงหลังคา ชุด 9 ชิ้น บล็อกขันสกรู บล็อกขันน๊อต,252281881897,Normal Product,,เครื่องใช้ในบ้าน,เครื่องมือและอุปกรณ์ปรับปรุงบ้าน,เครื่องมือช่าง,24,1,คอมมิชชั่นจาก Shopee,,24,,1.50%,0.36,0.00%,0,0.36,0.675,0,0.675,,0,0.00%,0,100.00%,0.675,รอดำเนินการ,สถานะของสินค้านี้คือ อยู่ระหว่างดำเนินการ คอมมิชชั่นจะถูกคำนวณเพื่อจ่ายหลังสถานะเป็นสำเร็จแล้วเท่านั้น,คำสั่งซื้อจากร้านค้าต่างกัน,ที่มีอยู่,2599adboostco,paris,mng,m56Fazzi0830,,Facebook
2509080CQMKX94,รอดำเนินการ,211013678273007,2025-09-08 13:54:38,,2025-09-08 11:16:02,nppaint,146649917,C2C(Non-CB),27374687293,YP-443 ช้อนตักข้าวไม่ล้ม ไม่ติดข้าว ตั้งได้เอง/ช้อนตักข้าวที่ไม่ล้มและไม่ติดข้าว สำหรับวางในครัวแบบตั้งตรงได้,252558753351,Normal Product,,เครื่องใช้ในบ้าน,เครื่องใช้บนโต๊ะอาหาร,ชุดช้อนส้อม,21,1,คอมมิชชั่นจาก Shopee,,21,,1.50%,0.315,0.00%,0,0.315,0,0,0,,0,0.00%,0,100.00%,0,รอดำเนินการ,สถานะของสินค้านี้คือ อยู่ระหว่างดำเนินการ คอมมิชชั่นจะถูกคำนวณเพื่อจ่ายหลังสถานะเป็นสำเร็จแล้วเท่านั้น,คำสั่งซื้อจากร้านค้าต่างกัน,ที่มีอยู่,2599adboostco,paris,mng,m56Fazzi0830,,Facebook
2509080CP6RQJQ,รอดำเนินการ,211013630204228,2025-09-08 13:53:50,,2025-09-08 10:09:16,Manis Lemon.th,1156198005,Shopee Mall(CB),28650910289,Manis Lemon Tempered Glass for iPhone 16 15 14 13 12 11 Pro Max Plus ฟิล์มกระจกกันรอย ฟิล์มกล้อง เลนกล้อง เลนส์กล้อง สำหรับ ไอโฟ,285354114780,Normal Product,,มือถือและอุปกรณ์เสริม,อุปกรณ์เสริม,ฟิล์มกันรอย/กระจกกันรอย,169,1,คอมมิชชั่นจากร้านค้า,,152,,1.50%,2.28,15.60%,0,2.28,2.28,0,2.28,,0,0.00%,0,100.00%,2.28,รอดำเนินการ,สถานะของสินค้านี้คือ อยู่ระหว่างดำเนินการ คอมมิชชั่นจะถูกคำนวณเพื่อจ่ายหลังสถานะเป็นสำเร็จแล้วเท่านั้น,คำสั่งซื้อจากร้านค้าต่างกัน,ที่มีอยู่,2599adboostco,paris,mng,m01PetKit0520,,Facebook
2509080CJKESBD,สำเร็จ,211013509286866,2025-09-08 13:51:50,2025-09-10 12:33:06,2025-09-08 13:45:48,cezanne.official,30997641,Shopee Mall(Non-CB),24276708165,CEZANNE Haircare Mascara มาสคาร่าจัดแต่งทรงผม,240716717990,Normal Product,,ผลิตภัณฑ์บำรุงและเสริมความงาม,เครื่องสําอาง,เครื่องสําอางสำหรับดวงตา,209,1,คอมมิชชั่นจากร้านค้า,,188,,1.75%,3.29,7.00%,0,3.29,3.29,0,3.29,,0,0.00%,0,100.00%,3.29,สำเร็จ,,คำสั่งซื้อจากร้านค้าต่างกัน,ที่มีอยู่,2599adboostco,paris,mng,m01BMavk0821,,Facebook
2509080CGU6GT0,สำเร็จ,211013450298971,2025-09-08 13:50:50,2025-09-10 13:50:47,2025-09-08 05:45:52,iFILM Official Premium Screen,52802029,Preferred(Non-CB),16695992262,🔥HOT iFilm ฟิล์มกระจก กันรอย เลนส์กล้อง For iphone 16 pro max 16plus iphone 15 promax 15plus เลนส์กล้อง ไอโฟน ไทเทเนียม,241508110256,Normal Product,,มือถือและอุปกรณ์เสริม,อุปกรณ์เสริม,ฟิล์มกันรอย/กระจกกันรอย,89,1,คอมมิชชั่นจากร้านค้า,,78,,1.50%,1.17,7.00%,0,1.17,3.285,0,3.285,,0,0.00%,0,100.00%,3.285,สำเร็จ,,คำสั่งซื้อจากร้านค้าต่างกัน,ที่มีอยู่,2599adboostco,paris,mng,m01PetKit0520,,Facebook
2509080CGU6GT0,สำเร็จ,211013450298971,2025-09-08 13:50:50,2025-09-10 13:50:47,2025-09-08 05:45:52,iFILM Official Premium Screen,52802029,Preferred(Non-CB),28482147793,🔥 iFilm ฟิล์มกันมอง 360 ด้าน Matte For iPhone 17ProMax 17Air 17 Pro 16 Pro Max 16Plus 15 14 13 11 ฟิล์มกันเผือก Privacy,248334234588,Normal Product,,มือถือและอุปกรณ์เสริม,อุปกรณ์เสริม,ฟิล์มกันรอย/กระจกกันรอย,169,1,คอมมิชชั่นจากร้านค้า,,141,,1.50%,2.115,7.00%,0,2.115,0,0,0,,0,0.00%,0,100.00%,0,สำเร็จ,,คำสั่งซื้อจากร้านค้าต่างกัน,ที่มีอยู่,2599adboostco,paris,mng,m01PetKit0520,,Facebook
2509080CGU6GSY,สำเร็จ,211013450298971,2025-09-08 13:50:50,2025-09-11 06:44:37,2025-09-08 05:45:52,Ri en,652475977,Shopee Mall(Non-CB),11386019254,ริเอ็น อันเดอร์อาร์มแคร์ ไวท์ ซีเคร็ท 3 สเต็ป (สครับ 100g+ เอสเซ้นส์ 100 ml + ครีม 50g) บำรุงรักแร้,38318926227,Normal Product,354998022521616_0_0,แม่และเด็ก,ผลิตภัณฑ์ดูแลสุขภาพเด็ก,ผลิตภัณฑ์ดูแลผิวเด็ก,409,1,คอมมิชชั่นจากร้านค้า,,341,,1.75%,5.9675,15.00%,0,5.9675,10.255,0,10.255,,0,0.00%,0,100.00%,10.255,สำเร็จ,,คำสั่งซื้อจากร้านค้าต่างกัน,ที่มีอยู่,2599adboostco,paris,mng,m01PetKit0520,,Facebook
2509080CGU6GSY,สำเร็จ,211013450298971,2025-09-08 13:50:50,2025-09-11 06:44:37,2025-09-08 05:45:52,Ri en,652475977,Shopee Mall(Non-CB),28119100440,สำหรับแจก ริเอ็น เพอร์ฟูม ไวท์ วอร์ม ฟรีเซีย ดีโอ ขนาด 60 มล.,257141755209,Normal Product,354998022521616_0_0,ผลิตภัณฑ์บำรุงและเสริมความงาม,สบู่อาบน้ำและผลิตภัณฑ์ดูแลผิวกาย,ผลิตภัณฑ์ระงับกลิ่นกาย,0,1,คอมมิชชั่นจาก Shopee,,0,,1.75%,0,0.00%,0,0,0,0,0,,0,0.00%,0,100.00%,0,สำเร็จ,,คำสั่งซื้อจากร้านค้าต่างกัน,ที่มีอยู่,2599adboostco,paris,mng,m01PetKit0520,,Facebook
2509080CGU6GSY,สำเร็จ,211013450298971,2025-09-08 13:50:50,2025-09-11 06:44:37,2025-09-08 05:45:52,Ri en,652475977,Shopee Mall(Non-CB),28531130225,ซื้อ 2 แถม 1 ริเอ็น ไวท์ ดีโอ เซ็ท 30 มล. (คละ 3 กลิ่น),39540465767,Normal Product,354998022521616_0_0,ผลิตภัณฑ์บำรุงและเสริมความงาม,สบู่อาบน้ำและผลิตภัณฑ์ดูแลผิวกาย,ผลิตภัณฑ์ระงับกลิ่นกาย,118,1,คอมมิชชั่นจาก Shopee,,99,,1.75%,1.7325,0.00%,0,1.7325,0,0,0,,0,0.00%,0,100.00%,0,สำเร็จ,,คำสั่งซื้อจากร้านค้าต่างกัน,ที่มีอยู่,2599adboostco,paris,mng,m01PetKit0520,,Facebook
2509080CGU6GSY,สำเร็จ,211013450298971,2025-09-08 13:50:50,2025-09-11 06:44:37,2025-09-08 05:45:52,Ri en,652475977,Shopee Mall(Non-CB),40658156530,ริเอ็น เซรั่มรักแร้ระงับกลิ่นกาย หอม เนียนใส บำรุงล้ำลึก Ri en Underarm Care Deo White Serum 50 ml,280687529716,Normal Product,354998022521616_0_0,ผลิตภัณฑ์บำรุงและเสริมความงาม,สบู่อาบน้ำและผลิตภัณฑ์ดูแลผิวกาย,ผลิตภัณฑ์ระงับกลิ่นกาย,175,1,คอมมิชชั่นจากร้านค้า,,146,,1.75%,2.555,20.00%,0,2.555,0,0,0,,0,0.00%,0,100.00%,0,สำเร็จ,,คำสั่งซื้อจากร้านค้าต่างกัน,ที่มีอยู่,2599adboostco,paris,mng,m01PetKit0520,,Facebook
2509080CD5T37X,รอดำเนินการ,211013327205751,2025-09-08 13:48:47,,2025-09-08 13:44:30,MXSH-PACKAGING,1173200709,C2C(Non-CB),24719811588,ถุงฟอยด์สีเงิน ถุงซิป ตั้งได้ (แพคละ 100ใบ) ด้านหน้าใส ใช้เก็บขนมและถุง แน่น ถุงซิป,240505472972,Normal Product,,เครื่องใช้ในบ้าน,เครื่องครัว,ที่ใส่อาหารและเครื่องดื่ม,76,1,คอมมิชชั่นจากร้านค้า,,68,,1.50%,1.02,15.00%,0,1.02,1.02,0,1.02,,0,0.00%,0,100.00%,1.02,รอดำเนินการ,สถานะของสินค้านี้คือ อยู่ระหว่างดำเนินการ คอมมิชชั่นจะถูกคำนวณเพื่อจ่ายหลังสถานะเป็นสำเร็จแล้วเท่านั้น,คำสั่งซื้อจากร้านค้าต่างกัน,ที่มีอยู่,2599adboostco,paris,mng,m01Tik0803,,Facebook
2509080CB24AEY,รอดำเนินการ,211013256238448,2025-09-08 13:47:37,,2025-09-08 02:45:00,HamshMoc Pet Mall - TH,533407527,Shopee Mall(CB),17994063572,HamshMoc แมวนุ่มอลิซาเบธปลอกคอน้ําหนักเบาสัตว์เลี้ยงการกู้คืนปลอกคอป้องกันการกัดเลียแผลใช้เพื่อคืนแผลรักษาหลังการผ่าตัดสําหรับสุ,231428394076,Normal Product,,สัตว์เลี้ยง,อุปกรณ์สำหรับสัตว์เลี้ยง,สายจูง ปลอกคอ และสายรัด,232,1,คอมมิชชั่นจากร้านค้า,,201,,1.75%,3.5175,13.00%,0,3.5175,3.5175,0,3.5175,,0,0.00%,0,100.00%,3.5175,รอดำเนินการ,สถานะของสินค้านี้คือ อยู่ระหว่างดำเนินการ คอมมิชชั่นจะถูกคำนวณเพื่อจ่ายหลังสถานะเป็นสำเร็จแล้วเท่านั้น,คำสั่งซื้อจากร้านค้าต่างกัน,ที่มีอยู่,2599adboostco,paris,mng,m02Rooftop0623,,Facebook
2509080BWTNEQG,สำเร็จ,211012812203157,2025-09-08 13:40:12,2025-09-10 13:40:03,2025-09-08 05:55:12,MODAREEHERB,56969350,Preferred(Non-CB),41400370228,น้ำหอมปรับอากาศในรถยนต์ ฟุ้ง กลิ่นแบรนด์ดัง กลิ่นชัดส่งด่วน‼️กทม.ได้ ฝาไม้ระเหยช้า นำเข้าจากฝรั่งเศส,305663848984,Normal Product,,รถยนต์ อะไหล่และอุปกรณ์เสริมรถยนต์,อุปกรณ์เสริมภายในรถยนต์,น้ำหอมปรับอากาศ,44,1,คอมมิชชั่นจากร้านค้า,,44,,1.75%,0.77,10.00%,0,0.77,1.6975,0,1.6975,,0,0.00%,0,100.00%,1.6975,สำเร็จ,,คำสั่งซื้อจากร้านค้าต่างกัน,ที่มีอยู่,2599adboostco,paris,mng,m01kaofangMeow0303,,Facebook
2509080BWTNEQG,สำเร็จ,211012812203157,2025-09-08 13:40:12,2025-09-10 13:40:03,2025-09-08 05:55:12,MODAREEHERB,56969350,Preferred(Non-CB),41400370228,น้ำหอมปรับอากาศในรถยนต์ ฟุ้ง กลิ่นแบรนด์ดัง กลิ่นชัดส่งด่วน‼️กทม.ได้ ฝาไม้ระเหยช้า นำเข้าจากฝรั่งเศส,234342799747,Normal Product,,รถยนต์ อะไหล่และอุปกรณ์เสริมรถยนต์,อุปกรณ์เสริมภายในรถยนต์,น้ำหอมปรับอากาศ,53,1,คอมมิชชั่นจากร้านค้า,,53,,1.75%,0.9275,10.00%,0,0.9275,0,0,0,,0,0.00%,0,100.00%,0,สำเร็จ,,คำสั่งซื้อจากร้านค้าต่างกัน,ที่มีอยู่,2599adboostco,paris,mng,m01kaofangMeow0303,,Facebook
2509080BU3VPW8,รอดำเนินการ,211012721210134,2025-09-08 13:38:41,,2025-09-08 07:48:53,Your-Phone,243354393,C2C(Non-CB),22878453772,GB🔥สายห้อยโทรศัพท์ เคสสายสะพาย สายcross สีสันสดใสหลากหลายไม่ซ้ำใคร,231970190032,Normal Product,,มือถือและอุปกรณ์เสริม,อุปกรณ์เสริม,สายห้อยมือถือ,69,2,คอมมิชชั่นจากร้านค้า,,115,,1.50%,1.725,10.00%,0,1.725,1.725,0,1.725,,0,0.00%,0,100.00%,1.725,รอดำเนินการ,สถานะของสินค้านี้คือ อยู่ระหว่างดำเนินการ คอมมิชชั่นจะถูกคำนวณเพื่อจ่ายหลังสถานะเป็นสำเร็จแล้วเท่านั้น,คำสั่งซื้อจากร้านค้าต่างกัน,ที่มีอยู่,2599adboostco,paris,mng,m56ProwaVDO0905,,Facebook
2509080BS7T22E,สำเร็จ,211012658211551,2025-09-08 13:37:38,2025-09-11 09:17:57,2025-09-08 12:43:46,ZKB.SPORTS,53162814,Preferred(Non-CB),28829543962,หัวจับดอกสกรู ข้อต่อสว่าน แบบล็อคแกนหกเหลี่ยมสวมเร็ว 60/150 mm.,247882988353,Normal Product,,เครื่องใช้ในบ้าน,เครื่องมือและอุปกรณ์ปรับปรุงบ้าน,เครื่องมือช่าง,22,1,คอมมิชชั่นจากร้านค้า,,18,,1.50%,0.27,9.00%,0,0.27,2.55,0,2.55,,0,0.00%,0,100.00%,2.55,สำเร็จ,,คำสั่งซื้อจากร้านค้าต่างกัน,ที่มีอยู่,2599adboostco,paris,mng,m56Fazzi0830,,Facebook
2509080BS7T22E,สำเร็จ,211012658211551,2025-09-08 13:37:38,2025-09-11 09:17:57,2025-09-08 12:43:46,ZKB.SPORTS,53162814,Preferred(Non-CB),29529544072,ชุดคลิปกระจกสะท้อนแสง สําหรับสมาร์ทโฟน ชุดคลิปหนีบกล้องสะท้อนแสง Sky Mirror,168779472446,Normal Product,,มือถือและอุปกรณ์เสริม,อุปกรณ์เสริม,อุปกรณ์สำหรับเซลฟี่,44,1,คอมมิชชั่นจากร้านค้า,,36,,1.50%,0.54,9.00%,0,0.54,0,0,0,,0,0.00%,0,100.00%,0,สำเร็จ,,คำสั่งซื้อจากร้านค้าต่างกัน,ที่มีอยู่,2599adboostco,paris,mng,m56Fazzi0830,,Facebook
2509080BS7T22E,สำเร็จ,211012658211551,2025-09-08 13:37:38,2025-09-11 09:17:57,2025-09-08 12:43:46,ZKB.SPORTS,53162814,Preferred(Non-CB),42454776611,ต๊าบเกลียวท่อ PVC ทำเกลียวท่อ แบบเกลียวในและเกลียวนอก 4 หุนและ 6 หุน,300405200332,Normal Product,,เครื่องใช้ในบ้าน,เครื่องมือและอุปกรณ์ปรับปรุงบ้าน,เครื่องมือช่าง,29,1,คอมมิชชั่นจากร้านค้า,,24,,1.50%,0.36,9.00%,0,0.36,0,0,0,,0,0.00%,0,100.00%,0,สำเร็จ,,คำสั่งซื้อจากร้านค้าต่างกัน,ที่มีอยู่,2599adboostco,paris,mng,m56Fazzi0830,,Facebook
2509080BS7T22E,สำเร็จ,211012658211551,2025-09-08 13:37:38,2025-09-11 09:17:57,2025-09-08 12:43:46,ZKB.SPORTS,53162814,Preferred(Non-CB),42454776611,ต๊าบเกลียวท่อ PVC ทำเกลียวท่อ แบบเกลียวในและเกลียวนอก 4 หุนและ 6 หุน,300405200333,Normal Product,,เครื่องใช้ในบ้าน,เครื่องมือและอุปกรณ์ปรับปรุงบ้าน,เครื่องมือช่าง,39,1,คอมมิชชั่นจากร้านค้า,,32,,1.50%,0.48,9.00%,0,0.48,0,0,0,,0,0.00%,0,100.00%,0,สำเร็จ,,คำสั่งซื้อจากร้านค้าต่างกัน,ที่มีอยู่,2599adboostco,paris,mng,m56Fazzi0830,,Facebook
2509080BS7T22E,สำเร็จ,211012658211551,2025-09-08 13:37:38,2025-09-11 09:17:57,2025-09-08 12:43:46,ZKB.SPORTS,53162814,Preferred(Non-CB),24214223966,ตะขอแขวนเสื้อโค้ท กุญแจ แบบแม่เหล็ก,178071227517,Normal Product,,เครื่องใช้ในบ้าน,อุปกรณ์สำหรับจัดเก็บ,ตะขอ,9,2,คอมมิชชั่นจากร้านค้า,,17,,1.50%,0.255,9.00%,0,0.255,0,0,0,,0,0.00%,0,100.00%,0,สำเร็จ,,คำสั่งซื้อจากร้านค้าต่างกัน,ที่มีอยู่,2599adboostco,paris,mng,m56Fazzi0830,,Facebook
2509080BS7T22E,สำเร็จ,211012658211551,2025-09-08 13:37:38,2025-09-11 09:17:57,2025-09-08 12:43:46,ZKB.SPORTS,53162814,Preferred(Non-CB),24214223966,ตะขอแขวนเสื้อโค้ท กุญแจ แบบแม่เหล็ก,178071227519,Normal Product,,เครื่องใช้ในบ้าน,อุปกรณ์สำหรับจัดเก็บ,ตะขอ,12,2,คอมมิชชั่นจากร้านค้า,,19,,1.50%,0.285,9.00%,0,0.285,0,0,0,,0,0.00%,0,100.00%,0,สำเร็จ,,คำสั่งซื้อจากร้านค้าต่างกัน,ที่มีอยู่,2599adboostco,paris,mng,m56Fazzi0830,,Facebook
2509080BS7T22E,สำเร็จ,211012658211551,2025-09-08 13:37:38,2025-09-11 09:17:57,2025-09-08 12:43:46,ZKB.SPORTS,53162814,Preferred(Non-CB),25905027421,สายยางต่อก๊อกน้ำ ป้องกันน้ำกระเซ็นหมุนได้ 360° งอได้ตามต้องการ,207237771856,Normal Product,,เครื่องใช้ในบ้าน,เครื่องมือและอุปกรณ์ปรับปรุงบ้าน,อ่างล้างมือ,29,1,คอมมิชชั่นจากร้านค้า,,24,,1.50%,0.36,9.00%,0,0.36,0,0,0,,0,0.00%,0,100.00%,0,สำเร็จ,,คำสั่งซื้อจากร้านค้าต่างกัน,ที่มีอยู่,2599adboostco,paris,mng,m56Fazzi0830,,Facebook
2509080BS5Y74X,รอดำเนินการ,211012656280970,2025-09-08 13:37:37,,2025-09-08 08:00:05,esignagemall,206823628,Preferred(Non-CB),24007197665,เครื่องปั่น ไฟฟ้า โถปั่น หนาพิเศษ blender ปั่นอาหาร เนื้อสัตว์ พริก เครื่องบดสับ ที่ปั่นพริกกระเทียม,250188231543,Normal Product,,เครื่องใช้ไฟฟ้าภายในบ้าน,เครื่องใช้ไฟฟ้าในครัว,เครื่องเตรียมอาหารและ เครื่องบดเนื้อ,145,1,คอมมิชชั่นจากร้านค้า,,130,,1.50%,1.95,10.00%,0,1.95,1.95,0,1.95,,0,0.00%,0,100.00%,1.95,รอดำเนินการ,สถานะของสินค้านี้คือ อยู่ระหว่างดำเนินการ คอมมิชชั่นจะถูกคำนวณเพื่อจ่ายหลังสถานะเป็นสำเร็จแล้วเท่านั้น,คำสั่งซื้อจากร้านค้าต่างกัน,ที่มีอยู่,2599adboostco,paris,mng,m01Tik0803,,Facebook
2509080BRNQC4Q,รอดำเนินการ,211012639253178,2025-09-08 13:37:20,,2025-09-08 11:31:19,topsocks,309740014,Preferred(Non-CB),20734465321,มีแบบให้เลือกหลักหลาย🧦แพคมี10คู่ ถุงเท้าข้อกลาง ข้อสั้น  นักเรียน คุณภาพดี พร้อมส่งจากไทยTOPSOCKS,126517390578,Normal Product,,เสื้อผ้าผู้หญิง,ถุงเท้า และถุงน่อง,ถุงเท้า,60,1,คอมมิชชั่นจากร้านค้า,,60,,1.50%,0.9,8.40%,0,0.9,0.9,0,0.9,,0,0.00%,0,100.00%,0.9,รอดำเนินการ,สถานะของสินค้านี้คือ อยู่ระหว่างดำเนินการ คอมมิชชั่นจะถูกคำนวณเพื่อจ่ายหลังสถานะเป็นสำเร็จแล้วเท่านั้น,คำสั่งซื้อจากร้านค้าต่างกัน,ที่มีอยู่,2599adboostco,paris,mng,m06Nasa1228,,Facebook
2509080BM5QCP1,รอดำเนินการ,211012488250625,2025-09-08 13:34:48,,2025-09-08 11:08:50,diamond12345jc.th,928254834,C2C(CB),22084617300,Bella instant square ฮิญาบซิปญี่ปุ่น//ซิปญี่ปุ่น Khimar/ซิปสามเหลี่ยม,204684181662,Normal Product,,เสื้อผ้ามุสลิม,เสื้อผ้ามุสลิมผู้หญิง,ผ้าคลุม,109,1,คอมมิชชั่นจาก Shopee,,91,,1.50%,1.365,0.00%,0,1.365,4.065,0,4.065,,0,0.00%,0,100.00%,4.065,รอดำเนินการ,สถานะของสินค้านี้คือ อยู่ระหว่างดำเนินการ คอมมิชชั่นจะถูกคำนวณเพื่อจ่ายหลังสถานะเป็นสำเร็จแล้วเท่านั้น,คำสั่งซื้อจากร้านค้าต่างกัน,ที่มีอยู่,2599adboostco,paris,mng,m01BMavk0821,,Facebook
2509080BM5QCP1,รอดำเนินการ,211012488250625,2025-09-08 13:34:48,,2025-09-08 11:08:50,diamond12345jc.th,928254834,C2C(CB),22084617300,Bella instant square ฮิญาบซิปญี่ปุ่น//ซิปญี่ปุ่น Khimar/ซิปสามเหลี่ยม,204684181693,Normal Product,,เสื้อผ้ามุสลิม,เสื้อผ้ามุสลิมผู้หญิง,ผ้าคลุม,109,1,คอมมิชชั่นจาก Shopee,,89,,1.50%,1.335,0.00%,0,1.335,0,0,0,,0,0.00%,0,100.00%,0,รอดำเนินการ,สถานะของสินค้านี้คือ อยู่ระหว่างดำเนินการ คอมมิชชั่นจะถูกคำนวณเพื่อจ่ายหลังสถานะเป็นสำเร็จแล้วเท่านั้น,คำสั่งซื้อจากร้านค้าต่างกัน,ที่มีอยู่,2599adboostco,paris,mng,m01BMavk0821,,Facebook
2509080BM5QCP1,รอดำเนินการ,211012488250625,2025-09-08 13:34:48,,2025-09-08 11:08:50,diamond12345jc.th,928254834,C2C(CB),22084617300,Bella instant square ฮิญาบซิปญี่ปุ่น//ซิปญี่ปุ่น Khimar/ซิปสามเหลี่ยม,204684181657,Normal Product,,เสื้อผ้ามุสลิม,เสื้อผ้ามุสลิมผู้หญิง,ผ้าคลุม,109,1,คอมมิชชั่นจาก Shopee,,91,,1.50%,1.365,0.00%,0,1.365,0,0,0,,0,0.00%,0,100.00%,0,รอดำเนินการ,สถานะของสินค้านี้คือ อยู่ระหว่างดำเนินการ คอมมิชชั่นจะถูกคำนวณเพื่อจ่ายหลังสถานะเป็นสำเร็จแล้วเท่านั้น,คำสั่งซื้อจากร้านค้าต่างกัน,ที่มีอยู่,2599adboostco,paris,mng,m01BMavk0821,,Facebook
2509080BK3E11X,สำเร็จ,211012452298172,2025-09-08 13:34:12,2025-09-10 21:52:13,2025-09-08 06:31:17,Dr. Pong shop,6583190,Shopee Mall(Non-CB),27469873315,[9.9 ลดใหญ่] Dr.PONG Zinc Bisglycinate ซิงค์ บิสกลีซิเนต 15มก ดูดซึมดี ช่วยเสริมภูมิ คุมมัน ลดสิว ดูแลผิว ผม เล็บ,159145244843,Normal Product,,กลุ่มผลิตภัณฑ์เพื่อสุขภาพ,อาหารเสริม,อาหารเสริมเพื่อความงาม,479,1,คอมมิชชั่นจาก Shopee,,383,,1.50%,5.745,0.00%,0,5.745,5.745,0,5.745,,0,0.00%,0,100.00%,5.745,สำเร็จ,,คำสั่งซื้อจากร้านค้าต่างกัน,ที่มีอยู่,2599adboostco,paris,mng,m56Fazzi0830,,Facebook
2509080BHGSJ6A,รอดำเนินการ,211012399206088,2025-09-08 13:33:18,,2025-09-08 07:14:25,bigbossmarketofficial,398382624,Shopee Mall(Non-CB),27330943915,(2 หิ้ว 10 ห่อ) ทิชชู่ Inspire ใหญ่พิเศษ หนา 2 ชั้น 178 แผ่นลายราชาหมี bear king ใหญ้พิเศษ สะอาด ซึมซับดี ไม่เป็นขุย,257997748707,Normal Product,,เครื่องใช้ในบ้าน,อุปกรณ์ซักรีดและผลิตภัณฑ์ดูแลบ้าน,กระดาษเช็ดหน้า,169,1,คอมมิชชั่นจากร้านค้า,,152,,1.50%,2.28,7.00%,0,2.28,2.28,0,2.28,,0,0.00%,0,100.00%,2.28,รอดำเนินการ,สถานะของสินค้านี้คือ อยู่ระหว่างดำเนินการ คอมมิชชั่นจะถูกคำนวณเพื่อจ่ายหลังสถานะเป็นสำเร็จแล้วเท่านั้น,คำสั่งซื้อจากร้านค้าต่างกัน,ที่มีอยู่,2599adboostco,paris,mng,m01KFdika0520,,Facebook
2509080BGM7BHJ,รอดำเนินการ,211012369243987,2025-09-08 13:32:50,,2025-09-08 12:47:04,WAN AUTO PARTS TRADING,749703762,C2C(Non-CB),20710008114,ยางปัดน้ำฝนแท้ TOYOTA  REVO รีโว่ ตั้งแต่ปี 2015-2023 ทุกรุ่น,68855025504,Normal Product,0_324897159450921_1,รถยนต์ อะไหล่และอุปกรณ์เสริมรถยนต์,ชิ้นส่วนอะไหล่รถยนต์,ที่ปัดน้ำฝน และตัวชะล้าง,47,2,คอมมิชชั่นจากร้านค้า,,94,,1.75%,1.645,7.00%,0,1.645,1.645,0,1.645,,0,0.00%,0,100.00%,1.645,รอดำเนินการ,สถานะของสินค้านี้คือ อยู่ระหว่างดำเนินการ คอมมิชชั่นจะถูกคำนวณเพื่อจ่ายหลังสถานะเป็นสำเร็จแล้วเท่านั้น,คำสั่งซื้อจากร้านค้าต่างกัน,ที่มีอยู่,2599adboostco,paris,mng,m01kaofangMeow0303,,Facebook
2509080BEXUU4Q,สำเร็จ,211012313292612,2025-09-08 13:31:53,2025-09-11 16:13:27,2025-09-08 11:43:14,SALE686,1233840045,Preferred(Non-CB),42905372640,ปลั๊กไฟต่อพ่วง ปลั๊ก4ทาง หัวเทียบทองเหลือง สายไฟพ่วง ปลั๊กสนาม ปลั๊กตลาดนัด ปลั๊กตัวผู้ ยาว 5-10-20-30 เมตร,253542513436,Normal Product,,เครื่องใช้ไฟฟ้าภายในบ้าน,แผงวงจรและ อะไหล่,ปลั๊กต่อไฟฟ้า & ปลั๊กพ่วง,61,1,คอมมิชชั่นจากร้านค้า,,61,,1.50%,0.915,9.00%,0,0.915,0.915,0,0.915,,0,0.00%,0,100.00%,0.915,สำเร็จ,,คำสั่งซื้อจากร้านค้าต่างกัน,ที่มีอยู่,2599adboostco,paris,mng,m01KFdika0520,,Facebook
2509080BEXUU4N,สำเร็จ,211012313292612,2025-09-08 13:31:53,2025-09-10 22:32:54,2025-09-08 11:43:14,SUSANNA.TH,485124891,Preferred(Non-CB),24423892734,ถุงมือไนไตร ไม่มีแป้ง ถุงมือ ใช้ในอาหาร งานบ้าน ถุงมือยางสีดํา งานครัว (บรรจุ 100ชิ้น/กล่อง),195647514300,Normal Product,,กลุ่มผลิตภัณฑ์เพื่อสุขภาพ,เครื่องมือและอุปกรณ์ในการดูแลสุขภาพ,ถุงมือและหน้ากากอนามัย,85,1,คอมมิชชั่นจากร้านค้า,,67,,1.50%,1.005,7.00%,0,1.005,1.005,0,1.005,,0,0.00%,0,100.00%,1.005,สำเร็จ,,คำสั่งซื้อจากร้านค้าต่างกัน,ที่มีอยู่,2599adboostco,paris,mng,m01KFdika0520,,Facebook
2509080BEXUU4M,รอดำเนินการ,211012313292612,2025-09-08 13:31:53,,2025-09-08 11:43:14,Got Liang Lighting Store,1089123953,C2C(CB),22160119522,Got Liang หลอดไฟสปอตไลท์ LED MR16 GU10 E27 E14 6W วัตต์ 220V 24 120 องศา สีขาวอบอุ่น 2835SMD COB,235766694488,Normal Product,,เครื่องใช้ในบ้าน,โคมไฟและอุปกรณ์ให้แสงสว่าง,,25,4,คอมมิชชั่นจากร้านค้า,,76,,1.50%,1.14,5.00%,0,1.14,2.265,0,2.265,,0,0.00%,0,100.00%,2.265,รอดำเนินการ,สถานะของสินค้านี้คือ อยู่ระหว่างดำเนินการ คอมมิชชั่นจะถูกคำนวณเพื่อจ่ายหลังสถานะเป็นสำเร็จแล้วเท่านั้น,คำสั่งซื้อจากร้านค้าต่างกัน,ที่มีอยู่,2599adboostco,paris,mng,m01KFdika0520,,Facebook
2509080BEXUU4M,รอดำเนินการ,211012313292612,2025-09-08 13:31:53,,2025-09-08 11:43:14,Got Liang Lighting Store,1089123953,C2C(CB),22160119522,Got Liang หลอดไฟสปอตไลท์ LED MR16 GU10 E27 E14 6W วัตต์ 220V 24 120 องศา สีขาวอบอุ่น 2835SMD COB,235766694489,Normal Product,,เครื่องใช้ในบ้าน,โคมไฟและอุปกรณ์ให้แสงสว่าง,,25,4,คอมมิชชั่นจากร้านค้า,,75,,1.50%,1.125,5.00%,0,1.125,0,0,0,,0,0.00%,0,100.00%,0,รอดำเนินการ,สถานะของสินค้านี้คือ อยู่ระหว่างดำเนินการ คอมมิชชั่นจะถูกคำนวณเพื่อจ่ายหลังสถานะเป็นสำเร็จแล้วเท่านั้น,คำสั่งซื้อจากร้านค้าต่างกัน,ที่มีอยู่,2599adboostco,paris,mng,m01KFdika0520,,Facebook
2509080BEXUU4K,สำเร็จ,211012313292612,2025-09-08 13:31:53,2025-09-11 16:12:54,2025-09-08 11:43:14,ST003,187123736,C2C(Non-CB),21916299557,ไฟคีบแบต ST03 รางประหยัดไฟ LED แสงขาว 12V 12W 30/60CM พร้อมปากคีบ ใช้กับแบตเตอรี่,136149821570,Normal Product,,เครื่องใช้ในบ้าน,โคมไฟและอุปกรณ์ให้แสงสว่าง,,44,1,คอมมิชชั่นจากร้านค้า,,37,,1.50%,0.555,7.00%,0,0.555,0.555,0,0.555,,0,0.00%,0,100.00%,0.555,สำเร็จ,,คำสั่งซื้อจากร้านค้าต่างกัน,ที่มีอยู่,2599adboostco,paris,mng,m01KFdika0520,,Facebook
2509080BEXUU4J,รอดำเนินการ,211012313292612,2025-09-08 13:31:53,,2025-09-08 11:43:14,Bom karnyang,98494813,C2C(Non-CB),20140198022,ล้ออะไหล่Nissanแท้ขอบ14/15ใส่Almera March Note,216118284905,Normal Product,,รถยนต์ อะไหล่และอุปกรณ์เสริมรถยนต์,ชิ้นส่วนอะไหล่รถยนต์,ล้อแม็กและอุปกรณ์เสริม,899,2,คอมมิชชั่นจาก Shopee,,1798,,1.75%,31.465,0.00%,0,31.465,31.465,0,31.465,,0,0.00%,0,100.00%,31.465,รอดำเนินการ,สถานะของสินค้านี้คือ อยู่ระหว่างดำเนินการ คอมมิชชั่นจะถูกคำนวณเพื่อจ่ายหลังสถานะเป็นสำเร็จแล้วเท่านั้น,คำสั่งซื้อจากร้านค้าต่างกัน,ที่มีอยู่,2599adboostco,paris,mng,m01KFdika0520,,Facebook
2509080BEXUU4H,รอดำเนินการ,211012313292612,2025-09-08 13:31:53,,2025-09-08 11:43:14,Bom karnyang,98494813,C2C(Non-CB),20140198022,ล้ออะไหล่Nissanแท้ขอบ14/15ใส่Almera March Note,216118284905,Normal Product,,รถยนต์ อะไหล่และอุปกรณ์เสริมรถยนต์,ชิ้นส่วนอะไหล่รถยนต์,ล้อแม็กและอุปกรณ์เสริม,899,1,คอมมิชชั่นจาก Shopee,,899,,1.75%,15.7325,0.00%,0,15.7325,15.7325,0,15.7325,,0,0.00%,0,100.00%,15.7325,รอดำเนินการ,สถานะของสินค้านี้คือ อยู่ระหว่างดำเนินการ คอมมิชชั่นจะถูกคำนวณเพื่อจ่ายหลังสถานะเป็นสำเร็จแล้วเท่านั้น,คำสั่งซื้อจากร้านค้าต่างกัน,ที่มีอยู่,2599adboostco,paris,mng,m01KFdika0520,,Facebook
2509080BEXUU4G,สำเร็จ,211012313292612,2025-09-08 13:31:53,2025-09-10 22:32:38,2025-09-08 11:43:14,lee.pharmashop,19908345,C2C(Non-CB),6235694833,(มาใหม่ HA03 มี Bluetooth) Bluedot เครื่องช่วยฟัง B-HA02 (ชาร์จได้) (รับประกัน 1 ปี),214849177456,Normal Product,,กลุ่มผลิตภัณฑ์เพื่อสุขภาพ,เครื่องมือและอุปกรณ์ในการดูแลสุขภาพ,สำหรับอาการปวดเมื่อย,1160,1,คอมมิชชั่นจาก Shopee,,1160,,1.50%,17.4,0.00%,0,17.4,17.4,0,17.4,,0,0.00%,0,100.00%,17.4,สำเร็จ,,คำสั่งซื้อจากร้านค้าต่างกัน,ที่มีอยู่,2599adboostco,paris,mng,m01KFdika0520,,Facebook
2509080BCYV8VF,รอดำเนินการ,211012247248822,2025-09-08 13:30:47,,2025-09-08 13:26:45,Dreamind No.9 Store,864996108,Preferred(Non-CB),27022491138,กันน้ำ ผ้ากันเปื้อน ผ้ากันเปื้อนยีนส์ ผ้ากันเปื้อนร้านกาแฟ เหมาะสำหรับร้านกาแฟ ผ้ากันเปื้อนทำงานครัว เอี้ยมกันเปื้อน,247394160144,Normal Product,,เครื่องใช้ในบ้าน,เครื่องครัว,ผ้ากันเปื้อนและถุงมือ,85,2,คอมมิชชั่นจากร้านค้า,,169,,1.50%,2.535,10.00%,0,2.535,2.58,0,2.58,,0,0.00%,0,100.00%,2.58,รอดำเนินการ,สถานะของสินค้านี้คือ อยู่ระหว่างดำเนินการ คอมมิชชั่นจะถูกคำนวณเพื่อจ่ายหลังสถานะเป็นสำเร็จแล้วเท่านั้น,คำสั่งซื้อจากร้านค้าต่างกัน,ที่มีอยู่,2599adboostco,paris,mng,m01kaofangMeow0303,,Facebook
2509080BCYV8VF,รอดำเนินการ,211012247248822,2025-09-08 13:30:47,,2025-09-08 13:26:45,Dreamind No.9 Store,864996108,Preferred(Non-CB),18055582858,ตะขอแขวนติดผนัง ตะขอแปะผนัง ตะขอ ตะขอติดผนังปูน ตะขออเนกประสงค์ ลายการ์ตูน น่ารักๆ รับน้ำหนักได้เยอะ,212794796330,Normal Product,,เครื่องใช้ในบ้าน,อุปกรณ์สำหรับจัดเก็บ,ตะขอ,3,1,คอมมิชชั่นจากร้านค้า,,3,,1.50%,0.045,5.00%,0,0.045,0,0,0,,0,0.00%,0,100.00%,0,รอดำเนินการ,สถานะของสินค้านี้คือ อยู่ระหว่างดำเนินการ คอมมิชชั่นจะถูกคำนวณเพื่อจ่ายหลังสถานะเป็นสำเร็จแล้วเท่านั้น,คำสั่งซื้อจากร้านค้าต่างกัน,ที่มีอยู่,2599adboostco,paris,mng,m01kaofangMeow0303,,Facebook
2509080B7EH2XP,รอดำเนินการ,211012061281368,2025-09-08 13:27:42,,2025-09-08 13:27:22,TH -Shop,718606161,Preferred(Non-CB),21162788771,ชุดอุปกรณ์ตัดขนสุนัข ปัตตาเลี่ยนตัดขนสัตว์เลี้ยง ที่ตัดขนแมว ที่ตัดขนหมา 4in1 pet trimmer hairclipper พร้อมหัวที่่กรอเล็,221284404366,Normal Product,,สัตว์เลี้ยง,อุปกรณ์ทำความสะอาดและตกแต่งขน,อุปกรณ์ดูแลขนสัตว์เลี้ยง,295,1,คอมมิชชั่นจากร้านค้า,,234,,1.75%,4.095,4.00%,9.36,13.455,4.095,9.36,13.455,,0,0.00%,0,100.00%,13.455,รอดำเนินการ,สถานะของสินค้านี้คือ อยู่ระหว่างดำเนินการ คอมมิชชั่นจะถูกคำนวณเพื่อจ่ายหลังสถานะเป็นสำเร็จแล้วเท่านั้น,สั่งซื้อในร้านค้าเดียวกัน,ที่มีอยู่,2599adboostco,paris,mng,m01PetKit0520,,Facebook
2509080B0RV8S3,รอดำเนินการ,211011837255214,2025-09-08 13:23:58,,2025-09-08 10:01:13,Interthai Online,102597330,C2C(Non-CB),6563329733,BARCO ล้อรางแขวนใหญ่ ล้อบานประตูเลื่อน 1.6 นิ้ว (จำหน่ายเป็นคู่),41855687465,Normal Product,,เครื่องใช้ในบ้าน,เครื่องมือและอุปกรณ์ปรับปรุงบ้าน,ประตูและหน้าต่าง,128,1,คอมมิชชั่นจากร้านค้า,,103,,1.50%,1.545,10.00%,0,1.545,1.545,0,1.545,,0,0.00%,0,100.00%,1.545,รอดำเนินการ,สถานะของสินค้านี้คือ อยู่ระหว่างดำเนินการ คอมมิชชั่นจะถูกคำนวณเพื่อจ่ายหลังสถานะเป็นสำเร็จแล้วเท่านั้น,คำสั่งซื้อจากร้านค้าต่างกัน,ที่มีอยู่,2599adboostco,paris,mng,m01FahRain0805,,Facebook
2509080B0RV8S2,รอดำเนินการ,211011837255214,2025-09-08 13:23:58,,2025-09-08 10:01:13,BBGno Light n Car,48617917,Preferred(Non-CB),2897944465,Glaco 120ml น้ำยาเคลือบกระจกรถ SOFT99 Gla'co GLACO น้ำไม่เกาะหมดปัญหาคราบน้ำ ขนาด 120Ml.,76834856636,Normal Product,,รถยนต์ อะไหล่และอุปกรณ์เสริมรถยนต์,ผลิตภัณฑ์ดูแลรถยนต์,ผลิตภัณฑ์ดูแลรักษากระจก,249,1,คอมมิชชั่นจาก Shopee,,198,,1.75%,3.465,0.00%,0,3.465,3.465,0,3.465,,0,0.00%,0,100.00%,3.465,รอดำเนินการ,สถานะของสินค้านี้คือ อยู่ระหว่างดำเนินการ คอมมิชชั่นจะถูกคำนวณเพื่อจ่ายหลังสถานะเป็นสำเร็จแล้วเท่านั้น,คำสั่งซื้อจากร้านค้าต่างกัน,ที่มีอยู่,2599adboostco,paris,mng,m01FahRain0805,,Facebook
2509080AXUV9WW,รอดำเนินการ,211011773293227,2025-09-08 13:22:53,,2025-09-08 12:23:46,Fittiger Shop,187887264,Preferred(Non-CB),22032135157,💥ส่งออกเร็ว1-2วัน⚡️ชุดชั้นในไร้โครง มีลายดอกกุหลาบ สวยงามน่ารัก รุ่น NY135,39278874679,Normal Product,,เสื้อผ้าผู้หญิง,ชุดชั้นใน,เสื้อชั้นใน,30,1,คอมมิชชั่นจากร้านค้า,,24,,1.50%,0.36,8.00%,0,0.36,3.18,0,3.18,,0,0.00%,0,100.00%,3.18,รอดำเนินการ,สถานะของสินค้านี้คือ อยู่ระหว่างดำเนินการ คอมมิชชั่นจะถูกคำนวณเพื่อจ่ายหลังสถานะเป็นสำเร็จแล้วเท่านั้น,คำสั่งซื้อจากร้านค้าต่างกัน,ที่มีอยู่,2599adboostco,paris,mng,m01jjshop0803,,Facebook
2509080AXUV9WW,รอดำเนินการ,211011773293227,2025-09-08 13:22:53,,2025-09-08 12:23:46,Fittiger Shop,187887264,Preferred(Non-CB),22032135157,💥ส่งออกเร็ว1-2วัน⚡️ชุดชั้นในไร้โครง มีลายดอกกุหลาบ สวยงามน่ารัก รุ่น NY135,49278612682,Normal Product,,เสื้อผ้าผู้หญิง,ชุดชั้นใน,เสื้อชั้นใน,100,1,คอมมิชชั่นจากร้านค้า,,82,,1.50%,1.23,8.00%,0,1.23,0,0,0,,0,0.00%,0,100.00%,0,รอดำเนินการ,สถานะของสินค้านี้คือ อยู่ระหว่างดำเนินการ คอมมิชชั่นจะถูกคำนวณเพื่อจ่ายหลังสถานะเป็นสำเร็จแล้วเท่านั้น,คำสั่งซื้อจากร้านค้าต่างกัน,ที่มีอยู่,2599adboostco,paris,mng,m01jjshop0803,,Facebook
2509080AXUV9WW,รอดำเนินการ,211011773293227,2025-09-08 13:22:53,,2025-09-08 12:23:46,Fittiger Shop,187887264,Preferred(Non-CB),4014442453,เสื้อชั้นใน เกาะอก สายปรับได้ พร้อมสายใส . NY05,18306638371,Normal Product,,เสื้อผ้าผู้หญิง,ชุดชั้นใน,เสื้อชั้นใน,26,1,คอมมิชชั่นจากร้านค้า,,24,,1.50%,0.36,8.00%,0,0.36,0,0,0,,0,0.00%,0,100.00%,0,รอดำเนินการ,สถานะของสินค้านี้คือ อยู่ระหว่างดำเนินการ คอมมิชชั่นจะถูกคำนวณเพื่อจ่ายหลังสถานะเป็นสำเร็จแล้วเท่านั้น,คำสั่งซื้อจากร้านค้าต่างกัน,ที่มีอยู่,2599adboostco,paris,mng,m01jjshop0803,,Facebook
2509080AXUV9WW,รอดำเนินการ,211011773293227,2025-09-08 13:22:53,,2025-09-08 12:23:46,Fittiger Shop,187887264,Preferred(Non-CB),7341278187,🔥ถูกที่สุด🔥ชุดชั้นใน​ ไร้โครง น่ารัก มีฟองดันทรงในตัว ผ้านุ่มใส่สบาย.  รุ่น NY36,30218426042,Normal Product,,เสื้อผ้าผู้หญิง,ชุดชั้นใน,เสื้อชั้นใน,73,1,คอมมิชชั่นจากร้านค้า,,60,,1.50%,0.9,8.00%,0,0.9,0,0,0,,0,0.00%,0,100.00%,0,รอดำเนินการ,สถานะของสินค้านี้คือ อยู่ระหว่างดำเนินการ คอมมิชชั่นจะถูกคำนวณเพื่อจ่ายหลังสถานะเป็นสำเร็จแล้วเท่านั้น,คำสั่งซื้อจากร้านค้าต่างกัน,ที่มีอยู่,2599adboostco,paris,mng,m01jjshop0803,,Facebook
2509080AXUV9WW,รอดำเนินการ,211011773293227,2025-09-08 13:22:53,,2025-09-08 12:23:46,Fittiger Shop,187887264,Preferred(Non-CB),7341278187,🔥ถูกที่สุด🔥ชุดชั้นใน​ ไร้โครง น่ารัก มีฟองดันทรงในตัว ผ้านุ่มใส่สบาย.  รุ่น NY36,60429618097,Normal Product,,เสื้อผ้าผู้หญิง,ชุดชั้นใน,เสื้อชั้นใน,27,1,คอมมิชชั่นจากร้านค้า,,22,,1.50%,0.33,8.00%,0,0.33,0,0,0,,0,0.00%,0,100.00%,0,รอดำเนินการ,สถานะของสินค้านี้คือ อยู่ระหว่างดำเนินการ คอมมิชชั่นจะถูกคำนวณเพื่อจ่ายหลังสถานะเป็นสำเร็จแล้วเท่านั้น,คำสั่งซื้อจากร้านค้าต่างกัน,ที่มีอยู่,2599adboostco,paris,mng,m01jjshop0803,,Facebook
2509080AX9Q12D,สำเร็จ,211011754245155,2025-09-08 13:22:35,2025-09-09 08:44:16,2025-09-08 09:19:20,Mira Petshop,101048719,Preferred(Non-CB),2198846910,1 หลอด หยดป้องกันเห็บ สุนัข Provet Spot On / GreenVetz Spot On หยดหลังคอ 1 หลอด ป้องกันนาน 1 เดือน,166750884968,Normal Product,,สัตว์เลี้ยง,ผลิตภัณฑ์ดูแลสุขภาพสัตว์เลี้ยง,ผลิตภัณฑ์ป้องกันหมัดและเห็บ,29,2,คอมมิชชั่นจาก Shopee,,58,,1.75%,1.015,0.00%,0,1.015,1.015,0,1.015,,0,0.00%,0,100.00%,1.015,สำเร็จ,,คำสั่งซื้อจากร้านค้าต่างกัน,ที่มีอยู่,2599adboostco,paris,mng,m01PetKit0520,,Facebook
2509080AU9D75W,รอดำเนินการ,211011653251711,2025-09-08 13:20:54,,2025-09-08 13:16:24,NET PLUS Mall,1431939058,Shopee Mall(Non-CB),43907134609,Vivo X200 FE 5G (12+512GB) รับฟรี Premium Gift เครื่องศูนย์ไทย ใหม่ ของแท้ รับประกันศูนย์ 2 ปี ออกใบกำกับภาษีได้ netplus,285605388216,Normal Product,,มือถือและอุปกรณ์เสริม,โทรศัพท์มือถือ,,22090,1,คอมมิชชั่นจาก Shopee,,20070,,1.50%,225,0.00%,0,225,225,0,225,,0,0.00%,0,100.00%,225,รอดำเนินการ,สถานะของสินค้านี้คือ อยู่ระหว่างดำเนินการ คอมมิชชั่นจะถูกคำนวณเพื่อจ่ายหลังสถานะเป็นสำเร็จแล้วเท่านั้น,คำสั่งซื้อจากร้านค้าต่างกัน,ที่มีอยู่,2599adboostco,paris,mng,m01KFdika0520,,Facebook
2509080ASVHG9N,สำเร็จ,211011606214484,2025-09-08 13:20:06,2025-09-10 20:00:41,2025-09-08 13:03:52,Boots Thailand,325262295,Shopee Mall(Non-CB),21968953339,VISTRA วิสทร้า โคเอนไซม์ คิวเท็น 30 มก.ขนาด 20 แคปซูล,220537296675,Normal Product,,กลุ่มผลิตภัณฑ์เพื่อสุขภาพ,อาหารเสริม,อาหารเสริมเพื่อสุขภาพ,89,1,คอมมิชชั่นจาก Shopee,,89,,1.50%,1.335,0.00%,0,1.335,5.395,0,5.395,,0,0.00%,0,100.00%,5.395,สำเร็จ,,คำสั่งซื้อจากร้านค้าต่างกัน,ที่มีอยู่,2599adboostco,paris,mng,m01BMavk0821,,Facebook
2509080ASVHG9N,สำเร็จ,211011606214484,2025-09-08 13:20:06,2025-09-10 20:00:41,2025-09-08 13:03:52,Boots Thailand,325262295,Shopee Mall(Non-CB),22543679548,Boots Cica Sheet Mask 20 ML. บู๊ทส์ ซิก้า ชีท มาส์ก 20 มล.,206772815121,Normal Product,,ผลิตภัณฑ์บำรุงและเสริมความงาม,ผลิตภัณฑ์บำรุงบริเวณใบหน้า,มาส์กหน้า,19,2,คอมมิชชั่นจากร้านค้า,,38,,1.75%,0.665,7.00%,0,0.665,0,0,0,,0,0.00%,0,100.00%,0,สำเร็จ,,คำสั่งซื้อจากร้านค้าต่างกัน,ที่มีอยู่,2599adboostco,paris,mng,m01BMavk0821,,Facebook
2509080ASVHG9N,สำเร็จ,211011606214484,2025-09-08 13:20:06,2025-09-10 20:00:41,2025-09-08 13:03:52,Boots Thailand,325262295,Shopee Mall(Non-CB),27120364288,BOOTS SKIN MASK บู๊ทส์ มิลค์ ชีท มาส์ก,128149257281,Normal Product,,ผลิตภัณฑ์บำรุงและเสริมความงาม,ผลิตภัณฑ์บำรุงบริเวณใบหน้า,มาส์กหน้า,20,2,คอมมิชชั่นจาก Shopee,,40,,1.75%,0.7,0.00%,0,0.7,0,0,0,,0,0.00%,0,100.00%,0,สำเร็จ,,คำสั่งซื้อจากร้านค้าต่างกัน,ที่มีอยู่,2599adboostco,paris,mng,m01BMavk0821,,Facebook
2509080ASVHG9N,สำเร็จ,211011606214484,2025-09-08 13:20:06,2025-09-10 20:00:41,2025-09-08 13:03:52,Boots Thailand,325262295,Shopee Mall(Non-CB),14817514979,BOOTS COTTON WOOL PUFFS บู๊ทส์ คอทเทิน วูล พัฟส์ 160 แผ่น,68001972720,Normal Product,,ผลิตภัณฑ์บำรุงและเสริมความงาม,เครื่องมือแต่งหน้า,อุปกรณ์แต่งหน้า,36,1,คอมมิชชั่นจาก Shopee,,36,,1.75%,0.63,0.00%,0,0.63,0,0,0,,0,0.00%,0,100.00%,0,สำเร็จ,,คำสั่งซื้อจากร้านค้าต่างกัน,ที่มีอยู่,2599adboostco,paris,mng,m01BMavk0821,,Facebook
2509080ASVHG9N,สำเร็จ,211011606214484,2025-09-08 13:20:06,2025-09-10 20:00:41,2025-09-08 13:03:52,Boots Thailand,325262295,Shopee Mall(Non-CB),16694780227,Boots Niacinamide Sheet Mask 20 ML. บู๊ทส์ ไนอาซินาไมด์ ชีท มาส์ก 20 มล.,175911220767,Normal Product,,ผลิตภัณฑ์บำรุงและเสริมความงาม,ผลิตภัณฑ์บำรุงบริเวณใบหน้า,มาส์กหน้า,28,1,คอมมิชชั่นจากร้านค้า,,28,,1.75%,0.49,7.00%,0,0.49,0,0,0,,0,0.00%,0,100.00%,0,สำเร็จ,,คำสั่งซื้อจากร้านค้าต่างกัน,ที่มีอยู่,2599adboostco,paris,mng,m01BMavk0821,,Facebook
2509080ASVHG9N,สำเร็จ,211011606214484,2025-09-08 13:20:06,2025-09-10 20:00:41,2025-09-08 13:03:52,Boots Thailand,325262295,Shopee Mall(Non-CB),17631701140,Mega เมก้า วี แคร์ เลซิติน 1200 มิลลิกรัม 30 แคปซูล,38542213660,Normal Product,,กลุ่มผลิตภัณฑ์เพื่อสุขภาพ,อาหารเสริม,อาหารเสริมเพื่อสุขภาพ,105,1,คอมมิชชั่นจาก Shopee,,105,,1.50%,1.575,0.00%,0,1.575,0,0,0,,0,0.00%,0,100.00%,0,สำเร็จ,,คำสั่งซื้อจากร้านค้าต่างกัน,ที่มีอยู่,2599adboostco,paris,mng,m01BMavk0821,,Facebook
2509080AQAJ265,รอดำเนินการ,211011520242075,2025-09-08 13:18:41,,2025-09-08 13:12:49,Yuedpao - ยืดเปล่า Official Store,240723932,Shopee Mall(Non-CB),41400048187,Yuedpao Sportswear เสื้อออกกำลังกายแขนกุด เสื้อกีฬา เสื้อกล้ามออกกำลังกาย เสื้อสำหรับวิ่ง Ultra Flow Sleeveless,300002801473,Normal Product,,กีฬาและกิจกรรมกลางแจ้ง,เสื้อผ้ากีฬา,เสื้อกีฬา,144,1,คอมมิชชั่นจากร้านค้า,,125,,1.75%,2.1875,10.00%,12.5,14.6875,2.1875,12.5,14.6875,,0,0.00%,0,100.00%,14.6875,รอดำเนินการ,สถานะของสินค้านี้คือ อยู่ระหว่างดำเนินการ คอมมิชชั่นจะถูกคำนวณเพื่อจ่ายหลังสถานะเป็นสำเร็จแล้วเท่านั้น,สั่งซื้อในร้านค้าเดียวกัน,ที่มีอยู่,2599adboostco,paris,mng,m01YPf0821,,Facebook
2509080AGMX35Y,รอดำเนินการ,211011296241776,2025-09-08 13:14:56,,2025-09-08 09:50:23,Pet U,898301812,Preferred(Non-CB),28874548629,(ยกโหล80gx12ซอง) Me-o อาหารเปียกแมว น้องแมวทานได้ทุกช่วงวัย มี 10 สูตรให้เลือก,237321779158,Normal Product,,สัตว์เลี้ยง,อาหารสัตว์,อาหารแมว,170,1,คอมมิชชั่นจาก Shopee,,153,,1.75%,2.6775,0.00%,0,2.6775,2.6775,0,2.6775,,0,0.00%,0,100.00%,2.6775,รอดำเนินการ,สถานะของสินค้านี้คือ อยู่ระหว่างดำเนินการ คอมมิชชั่นจะถูกคำนวณเพื่อจ่ายหลังสถานะเป็นสำเร็จแล้วเท่านั้น,คำสั่งซื้อจากร้านค้าต่างกัน,ที่มีอยู่,2599adboostco,paris,mng,m01kaofangMeow0303,,Facebook
2509080AFRADNT,รอดำเนินการ,211011266240345,2025-09-08 13:14:27,,2025-09-08 08:46:32,PAI _ Sports,701771531,Preferred(Non-CB),29853884713,【8 ระดับ】 ยางยืดออกกําลังกายแรงต้าน ยางดึงข้อ บริหารกล้ามเนื้อ ฝึกความแข็งแรง resistance band PULLUP,205202856238,Normal Product,0_346991930839345_1,กีฬาและกิจกรรมกลางแจ้ง,อุปกรณ์เล่นกีฬาและกิจกรรมกลางแจ้ง,โยคะ และพิลาทิส,34.125,1,คอมมิชชั่นจากร้านค้า,,34.125,,1.75%,0.59718,7.00%,0,0.59718,1.36499,0,1.36499,,0,0.00%,0,100.00%,1.36499,รอดำเนินการ,สถานะของสินค้านี้คือ อยู่ระหว่างดำเนินการ คอมมิชชั่นจะถูกคำนวณเพื่อจ่ายหลังสถานะเป็นสำเร็จแล้วเท่านั้น,คำสั่งซื้อจากร้านค้าต่างกัน,ที่มีอยู่,2599adboostco,paris,mng,m01PetKit0520,,Facebook
2509080AFRADNT,รอดำเนินการ,211011266240345,2025-09-08 13:14:27,,2025-09-08 08:46:32,PAI _ Sports,701771531,Preferred(Non-CB),29853884713,【8 ระดับ】 ยางยืดออกกําลังกายแรงต้าน ยางดึงข้อ บริหารกล้ามเนื้อ ฝึกความแข็งแรง resistance band PULLUP,205202856239,Normal Product,0_346991930839345_1,กีฬาและกิจกรรมกลางแจ้ง,อุปกรณ์เล่นกีฬาและกิจกรรมกลางแจ้ง,โยคะ และพิลาทิส,43.875,1,คอมมิชชั่นจากร้านค้า,,43.875,,1.75%,0.76781,7.00%,0,0.76781,0,0,0,,0,0.00%,0,100.00%,0,รอดำเนินการ,สถานะของสินค้านี้คือ อยู่ระหว่างดำเนินการ คอมมิชชั่นจะถูกคำนวณเพื่อจ่ายหลังสถานะเป็นสำเร็จแล้วเท่านั้น,คำสั่งซื้อจากร้านค้าต่างกัน,ที่มีอยู่,2599adboostco,paris,mng,m01PetKit0520,,Facebook
2509080ACGATRR,รอดำเนินการ,211011157209945,2025-09-08 13:12:37,,2025-09-08 13:10:48,Thundering,1382000217,C2C(Non-CB),29220820327,Hello Kolo รองเท้าแตะอินเทรนด์ผู้ชายหนาพิเศษน้ําหนักเบาสวมใส่ด้านนอกหนากันลื่นทนต่อการสึกหรอ,223593763629,Normal Product,,รองเท้าผู้ชาย,รองเท้าแตะ,รองเท้าแตะแบบสวม,64,1,คอมมิชชั่นจากร้านค้า,,64,,1.75%,1.12,7.00%,0,1.12,1.12,0,1.12,,0,0.00%,0,100.00%,1.12,รอดำเนินการ,สถานะของสินค้านี้คือ อยู่ระหว่างดำเนินการ คอมมิชชั่นจะถูกคำนวณเพื่อจ่ายหลังสถานะเป็นสำเร็จแล้วเท่านั้น,คำสั่งซื้อจากร้านค้าต่างกัน,ที่มีอยู่,2599adboostco,paris,mng,m01Tik0803,,Facebook
2509080AAUXD46,สำเร็จ,211011102279677,2025-09-08 13:11:42,2025-09-11 16:40:03,2025-09-08 06:57:17,Korich official,943008921,Preferred(Non-CB),26460259559,กันแดดหน้า CC  เคโอริช Ko Rich,241531814046,Normal Product,,ผลิตภัณฑ์บำรุงและเสริมความงาม,ผลิตภัณฑ์บำรุงบริเวณใบหน้า,ผลิตภัณฑ์กันแดดสำหรับใบหน้า,100,1,คอมมิชชั่นจาก Shopee,,84,,1.75%,1.47,0.00%,0,1.47,1.47,0,1.47,,0,0.00%,0,100.00%,1.47,สำเร็จ,,คำสั่งซื้อจากร้านค้าต่างกัน,ที่มีอยู่,2599adboostco,paris,mng,m01BMavk0821,,Facebook
2509080AAUXD44,สำเร็จ,211011102279677,2025-09-08 13:11:42,2025-09-11 16:40:37,2025-09-08 06:57:17,Dr. Pong shop,6583190,Shopee Mall(Non-CB),20753476086,[9.9 ลดใหญ่] Dr.PONG ZERO PORE blurring K powder แป้งพัฟเบลอรูขุมขน ปกปิด คุมมัน MADE IN KOREA จากเกาหลี,182685839029,Normal Product,,ผลิตภัณฑ์บำรุงและเสริมความงาม,เครื่องสําอาง,เครื่องสําอางสำหรับผิวหน้า,289,1,คอมมิชชั่นจาก Shopee,,240,,1.75%,4.2,0.00%,0,4.2,4.2,0,4.2,,0,0.00%,0,100.00%,4.2,สำเร็จ,,คำสั่งซื้อจากร้านค้าต่างกัน,ที่มีอยู่,2599adboostco,paris,mng,m01BMavk0821,,Facebook
2509080A9A9FYY,สำเร็จ,211011050203282,2025-09-08 13:10:49,2025-09-11 08:24:15,2025-09-08 12:58:05,TG.Shop69,261752028,Preferred(Non-CB),24930475727,ยาหม่องปู่ชีวก สีเหลือง สูตร ไพล แก้ปวดเมื่อย กล้ามเนื้อ สมุนไพรแท้ 100 กรัม แถมฟรีขนาด 50 กรัม,187505835713,Normal Product,,กลุ่มผลิตภัณฑ์เพื่อสุขภาพ,เครื่องมือและอุปกรณ์ในการดูแลสุขภาพ,อุปกรณ์ปฐมพยาบาล,179,2,คอมมิชชั่นจากร้านค้า,,358,,1.50%,5.37,15.00%,0,5.37,5.37,0,5.37,,0,0.00%,0,100.00%,5.37,สำเร็จ,,คำสั่งซื้อจากร้านค้าต่างกัน,ที่มีอยู่,2599adboostco,paris,mng,m01Tik0803,,Facebook
25090809XSPVV0,สำเร็จ,211010697274048,2025-09-08 13:04:58,2025-09-10 07:53:11,2025-09-08 12:53:51,ADDA Official Shop,84387866,Shopee Mall(Non-CB),42311098236,ADDA  รองเท้าแตะ รองเท้าลำลอง สำหรับผู้ชาย แบบสวม รุ่น  5CH01M1 (ไซส์ 7-10),300931394848,Normal Product,,รองเท้าผู้ชาย,รองเท้าแตะ,รองเท้าแตะแบบสวม,236,1,คอมมิชชั่นจากร้านค้า,,212,,1.75%,3.71,10.00%,0,3.71,3.71,0,3.71,,0,0.00%,0,100.00%,3.71,สำเร็จ,,คำสั่งซื้อจากร้านค้าต่างกัน,ที่มีอยู่,2599adboostco,paris,mng,m01Tik0803,,Facebook
25090809XPU15V,รอดำเนินการ,211010694261661,2025-09-08 13:04:54,,2025-09-08 13:02:16,Rockbros Official Shop,66845735,Shopee Mall(CB),5672919352,ROCKBROS กุญแจล็อครหัสล็อคสําหรับหมวกกันน็อคขี่จักรยาน,23722435367,Normal Product,,กีฬาและกิจกรรมกลางแจ้ง,อุปกรณ์เล่นกีฬาและกิจกรรมกลางแจ้ง,จักรยานและอุปกรณ์,110,2,คอมมิชชั่นจากร้านค้า,,157,,1.75%,2.7475,4.50%,0,2.7475,2.7475,0,2.7475,,0,0.00%,0,100.00%,2.7475,รอดำเนินการ,สถานะของสินค้านี้คือ อยู่ระหว่างดำเนินการ คอมมิชชั่นจะถูกคำนวณเพื่อจ่ายหลังสถานะเป็นสำเร็จแล้วเท่านั้น,คำสั่งซื้อจากร้านค้าต่างกัน,ที่มีอยู่,2599adboostco,paris,mng,m56Fazzi0830,,Facebook
25090809X8H0P0,สำเร็จ,211010679256953,2025-09-08 13:04:39,2025-09-10 17:33:06,2025-09-08 13:03:43,TrueGadget,302222224,Preferred(Non-CB),19123759295,<ถูกชัวร์!>🇹🇭 Hiegi Eartips ฟองน้ำคุณภาพสูงสำหรับหูฟังเอียบัด (1 แผงมี 6 คู่) มีแบบเจาะรู และ ไม่เจาะรู,145175558638,Normal Product,,เครื่องเสียง,อื่นๆ,,75,1,คอมมิชชั่นจาก Shopee,,75,,1.50%,1.125,0.00%,0,1.125,1.125,0,1.125,,0,0.00%,0,100.00%,1.125,สำเร็จ,,คำสั่งซื้อจากร้านค้าต่างกัน,ที่มีอยู่,2599adboostco,paris,mng,m56Fazzi0830,,Facebook
25090809PS49XD,รอดำเนินการ,211010428223622,2025-09-08 13:00:29,,2025-09-08 12:52:45,Joe's Apparel Place Shop,151066598,Preferred(CB),41707544992,เสื้อลายจุด เสื้อ polka dot shirt 2025 เสื้อแขนหลุดสไตล์เกาหลีลายจุดใหม่เก๋ไก๋,290641386655,Normal Product,,เสื้อผ้าผู้หญิง,เสื้อ,เสื้อเชิ้ต,95,1,คอมมิชชั่นจากร้านค้า,,90,,1.50%,1.35,15.00%,0,1.35,1.35,0,1.35,,0,0.00%,0,100.00%,1.35,รอดำเนินการ,สถานะของสินค้านี้คือ อยู่ระหว่างดำเนินการ คอมมิชชั่นจะถูกคำนวณเพื่อจ่ายหลังสถานะเป็นสำเร็จแล้วเท่านั้น,คำสั่งซื้อจากร้านค้าต่างกัน,ที่มีอยู่,2599adboostco,paris,mng,m01jjshop0803,,Facebook
25090809P1B86S,รอดำเนินการ,211010403293513,2025-09-08 13:00:03,,2025-09-08 12:57:45,JT Sweet,939115565,Preferred(Non-CB),25423816699,เรซิ่นรวมแบบ 3D (คละ10 ชิ้น) (เรซิ่นเปล่า ไม่แถมตัวติด) งานเคลือบเงา ตกแต่งงาน DIY งานฝีมืออื่นๆ F003,250624754972,Normal Product,,แม่และเด็ก,ของเล่น,ของเล่นเพื่อการศึกษา,21,1,คอมมิชชั่นจากร้านค้า,,21,,1.75%,0.3675,10.00%,0,0.3675,0.3675,0,0.3675,,0,0.00%,0,100.00%,0.3675,รอดำเนินการ,สถานะของสินค้านี้คือ อยู่ระหว่างดำเนินการ คอมมิชชั่นจะถูกคำนวณเพื่อจ่ายหลังสถานะเป็นสำเร็จแล้วเท่านั้น,คำสั่งซื้อจากร้านค้าต่างกัน,ที่มีอยู่,2599adboostco,paris,mng,m01kaofangMeow0303,,Facebook
25090809DXVU29,สำเร็จ,211010132287110,2025-09-08 12:55:32,2025-09-10 20:22:16,2025-09-08 10:23:21,KS Beauty Online,53817250,Preferred(Non-CB),24702754588,*(แบบซอง) แพคเกจใหม่ บอลลูน วิตามินเพิ่มน้ำหนัก Balloon ผลิตภัณฑ์เสริมอาหาร,187193486829,Normal Product,,กลุ่มผลิตภัณฑ์เพื่อสุขภาพ,อาหารเสริม,อาหารเสริมเพื่อสุขภาพ,130,1,คอมมิชชั่นจากร้านค้า,,117,,1.50%,1.755,7.00%,0,1.755,1.755,0,1.755,,0,0.00%,0,100.00%,1.755,สำเร็จ,,คำสั่งซื้อจากร้านค้าต่างกัน,ที่มีอยู่,2599adboostco,paris,mng,m01KFdika0520,,Facebook
25090809C6KT45,สำเร็จ,211010073275611,2025-09-08 12:54:34,2025-09-09 13:10:18,2025-09-08 09:04:24,kingmetal,1317878418,Preferred(Non-CB),29907434428,ลูกบิดประตูสแตนเลส ลูกบิดสแตนเลส (มีกุญแจ) กันสนิม  ติดตั้งง่าย ใช้สำหรับประตู ลูกบิดประตู,195297871042,Normal Product,,เครื่องใช้ในบ้าน,อุปกรณ์รักษาความปลอดภัย,กุญแจและอุปกรณ์ล็อก,58,2,คอมมิชชั่นจากร้านค้า,,101,,1.50%,1.515,7.00%,0,1.515,1.515,0,1.515,,0,0.00%,0,100.00%,1.515,สำเร็จ,,คำสั่งซื้อจากร้านค้าต่างกัน,ที่มีอยู่,2599adboostco,paris,mng,m56Fazzi0830,,Facebook
25090809C5MTVX,รอดำเนินการ,211010072254692,2025-09-08 12:54:32,,2025-09-08 07:12:22,MINGSITE.th,1279524228,C2C(CB),28261941873,High-end ดอกทานตะวันเข็มกลัดมุกผ้าคลุมไหล่หัวเข็มขัด Corsage Alloy ใหม่ Pearl Pin ดอกไม้ประดิษฐ์คลาสสิกอุปกรณ์เสริมของผู้หญิง,185407749045,Normal Product,,เครื่องประดับ,เครื่องประดับอื่นๆ,เข็มกลัด,24,7,คอมมิชชั่นจากร้านค้า,,135,,1.75%,2.3625,7.00%,0,2.3625,2.3625,0,2.3625,,0,0.00%,0,100.00%,2.3625,รอดำเนินการ,สถานะของสินค้านี้คือ อยู่ระหว่างดำเนินการ คอมมิชชั่นจะถูกคำนวณเพื่อจ่ายหลังสถานะเป็นสำเร็จแล้วเท่านั้น,คำสั่งซื้อจากร้านค้าต่างกัน,ที่มีอยู่,2599adboostco,paris,mng,m01BMavk0821,,Facebook
25090809B83VBY,รอดำเนินการ,211010041293010,2025-09-08 12:54:01,,2025-09-08 06:27:10,YUIYUKARI,1237204856,C2C(Non-CB),41208981606,สายรัดยางกีฬาสำหรับ for Xiaomi Mi Band 10/9/8 สายรัดยางอ่อนสำหรับ for Smartwatch MiBand 9/8 NFC,260752904392,Normal Product,0_344779318038983_1,มือถือและอุปกรณ์เสริม,อุปกรณ์เสริม,อุปกรณ์เสริมอุปกรณ์สวมใส่,34,1,คอมมิชชั่นจากร้านค้า,,26,,1.50%,0.39,1.00%,0,0.39,0.78,0,0.78,,0,0.00%,0,100.00%,0.78,รอดำเนินการ,สถานะของสินค้านี้คือ อยู่ระหว่างดำเนินการ คอมมิชชั่นจะถูกคำนวณเพื่อจ่ายหลังสถานะเป็นสำเร็จแล้วเท่านั้น,คำสั่งซื้อจากร้านค้าต่างกัน,ที่มีอยู่,2599adboostco,paris,mng,m01PetKit0520,,Facebook
25090809B83VBY,รอดำเนินการ,211010041293010,2025-09-08 12:54:01,,2025-09-08 06:27:10,YUIYUKARI,1237204856,C2C(Non-CB),41208981606,สายรัดยางกีฬาสำหรับ for Xiaomi Mi Band 10/9/8 สายรัดยางอ่อนสำหรับ for Smartwatch MiBand 9/8 NFC,260752904395,Normal Product,0_344779318038983_1,มือถือและอุปกรณ์เสริม,อุปกรณ์เสริม,อุปกรณ์เสริมอุปกรณ์สวมใส่,34,1,คอมมิชชั่นจากร้านค้า,,26,,1.50%,0.39,1.00%,0,0.39,0,0,0,,0,0.00%,0,100.00%,0,รอดำเนินการ,สถานะของสินค้านี้คือ อยู่ระหว่างดำเนินการ คอมมิชชั่นจะถูกคำนวณเพื่อจ่ายหลังสถานะเป็นสำเร็จแล้วเท่านั้น,คำสั่งซื้อจากร้านค้าต่างกัน,ที่มีอยู่,2599adboostco,paris,mng,m01PetKit0520,,Facebook
250908097D21YN,สำเร็จ,211009912254292,2025-09-08 12:51:53,2025-09-10 19:14:48,2025-09-08 10:03:44,Trek Thai Sports,1382414888,C2C(Non-CB),40752174386,ชุดมีดคู่ 2ni1 แบบพกพา สําหรับตั้งแคมป์กลางแจ้ง มีดอเนกประสงค์ ตั้งแคมป์ Double Knife,260180285064,Normal Product,,กีฬาและกิจกรรมกลางแจ้ง,อุปกรณ์เล่นกีฬาและกิจกรรมกลางแจ้ง,อุปกรณ์ตั้งแคมป์และเดินป่า,23,2,คอมมิชชั่นจากร้านค้า,,46,,1.75%,0.805,7.00%,0,0.805,0.805,0,0.805,,0,0.00%,0,100.00%,0.805,สำเร็จ,,คำสั่งซื้อจากร้านค้าต่างกัน,ที่มีอยู่,2599adboostco,paris,mng,m01KFdika0520,,Facebook
250908096Q3E0F,สำเร็จ,211009889234568,2025-09-08 12:51:29,2025-09-09 18:32:06,2025-09-08 10:07:44,Wonderful Night ,1302994509,C2C(Non-CB),26509655485,Wonderful Night💗💗เซ็กซี่ ชุดจั๊มสูท ชุดยั่ว เย็บปักถักร้อย สวย สายสะพายไหล่ปรับได้ พร้อมส่งจากไทย,168390451428,Normal Product,,เสื้อผ้าผู้หญิง,ชุดชั้นใน,ชุดชั้นในเซ็กซี่,99,1,คอมมิชชั่นจากร้านค้า,,96,,1.50%,1.44,7.00%,0,1.44,1.44,0,1.44,,0,0.00%,0,100.00%,1.44,สำเร็จ,,คำสั่งซื้อจากร้านค้าต่างกัน,ที่มีอยู่,2599adboostco,paris,mng,m01jjshop0803,,Facebook
250908096Q3E0E,สำเร็จ,211009889234568,2025-09-08 12:51:29,2025-09-10 18:00:45,2025-09-08 10:07:44,cok.popular,89550419,Preferred(Non-CB),9868929488,#512 ชุดนอนผ้าไหมลูกไม้ สุดเซ็กซี่ แถมฟรีจีสติงชุดเซ็ต สำหรับผู้หญิง COK,26417634411,Normal Product,,เสื้อผ้าผู้หญิง,ชุดชั้นใน,ชุดชั้นในเซ็กซี่,26,1,คอมมิชชั่นจากร้านค้า,,26,,1.50%,0.39,7.00%,0,0.39,0.78,0,0.78,,0,0.00%,0,100.00%,0.78,สำเร็จ,,คำสั่งซื้อจากร้านค้าต่างกัน,ที่มีอยู่,2599adboostco,paris,mng,m01jjshop0803,,Facebook
250908096Q3E0E,สำเร็จ,211009889234568,2025-09-08 12:51:29,2025-09-10 18:00:45,2025-09-08 10:07:44,cok.popular,89550419,Preferred(Non-CB),9868929488,#512 ชุดนอนผ้าไหมลูกไม้ สุดเซ็กซี่ แถมฟรีจีสติงชุดเซ็ต สำหรับผู้หญิง COK,26417634414,Normal Product,,เสื้อผ้าผู้หญิง,ชุดชั้นใน,ชุดชั้นในเซ็กซี่,26,1,คอมมิชชั่นจากร้านค้า,,26,,1.50%,0.39,7.00%,0,0.39,0,0,0,,0,0.00%,0,100.00%,0,สำเร็จ,,คำสั่งซื้อจากร้านค้าต่างกัน,ที่มีอยู่,2599adboostco,paris,mng,m01jjshop0803,,Facebook
2509080955GAU7,สำเร็จ,211009837224442,2025-09-08 12:50:38,2025-09-10 17:26:14,2025-09-08 08:52:05,Strawberry_Studio,586035568,C2C(Non-CB),43103237399,STR พร้อมส่ง🎀เสื้อสายเดี่ยวลูกไม้ เสื้อSet2ชิ้น เสื้อครอปท็อป ทรางรัดรูป ติดโปว์ สไตล์คล้องคอ Y2k เซ็กซี่แฟชั่นผู้หญิง,149197117639,Normal Product,,เสื้อผ้าผู้หญิง,เสื้อ,เสื้อกล้าม/สายเดี่ยว,89,1,คอมมิชชั่นจากร้านค้า,,89,,1.50%,1.335,8.00%,0,1.335,1.335,0,1.335,,0,0.00%,0,100.00%,1.335,สำเร็จ,,คำสั่งซื้อจากร้านค้าต่างกัน,ที่มีอยู่,2599adboostco,paris,mng,m01Tik0803,,Facebook
250908094FME4Y,รอดำเนินการ,211009814290645,2025-09-08 12:50:14,,2025-09-08 12:48:17,Buttonandlabel,76508021,Preferred(Non-CB),24313230374,เข็มเก็บไหมพรม สแตนเลส,236048856276,Normal Product,,งานอดิเรกและของสะสม,งานปัก,,25,1,คอมมิชชั่นจาก Shopee,,25,,1.50%,0.375,0.00%,0,0.375,0.375,0,0.375,,0,0.00%,0,100.00%,0.375,รอดำเนินการ,สถานะของสินค้านี้คือ อยู่ระหว่างดำเนินการ คอมมิชชั่นจะถูกคำนวณเพื่อจ่ายหลังสถานะเป็นสำเร็จแล้วเท่านั้น,คำสั่งซื้อจากร้านค้าต่างกัน,ที่มีอยู่,2599adboostco,paris,mng,m01YPf0821,,Facebook
250908092S8J4M,สำเร็จ,211009757288824,2025-09-08 12:49:18,2025-09-11 09:21:07,2025-09-08 12:05:00,N.C.P. Packaging,225657641,C2C(Non-CB),22752945165,กล่องเค้ก 1/2 ปอนด์ 1 ปอนด์ 2 ปอนด์ ฐานน้ำตาล กล่องเค้กพลาสติก กล่องเค้กกลม,118992123320,Normal Product,,เครื่องใช้ในบ้าน,เครื่องครัว,อุปกรณ์ทำขนม,66,1,คอมมิชชั่นจากร้านค้า,,53,,1.50%,0.795,4.00%,0,0.795,0.795,0,0.795,,0,0.00%,0,100.00%,0.795,สำเร็จ,,คำสั่งซื้อจากร้านค้าต่างกัน,ที่มีอยู่,2599adboostco,paris,mng,m01PetKit0520,,Facebook
250908092S8J4K,รอดำเนินการ,211009757288824,2025-09-08 12:49:18,,2025-09-08 12:05:00,Soul Sweet,8919041,Preferred(Non-CB),20863992501,"กล่องขนมจัดเซ็ตแบ่งช่อง 4, 6 ช่อง ( ภายในช่อง 8.5 cm ) ฝาใสทรงสูงมีฟิล์มใส 2 ด้าน",165162157615,Normal Product,,เครื่องใช้ในบ้าน,เครื่องครัว,อุปกรณ์ทำขนม,25,1,คอมมิชชั่นจาก Shopee,,22,,1.50%,0.33,0.00%,0,0.33,0.63,0,0.63,,0,0.00%,0,100.00%,0.63,รอดำเนินการ,สถานะของสินค้านี้คือ อยู่ระหว่างดำเนินการ คอมมิชชั่นจะถูกคำนวณเพื่อจ่ายหลังสถานะเป็นสำเร็จแล้วเท่านั้น,คำสั่งซื้อจากร้านค้าต่างกัน,ที่มีอยู่,2599adboostco,paris,mng,m01PetKit0520,,Facebook
250908092S8J4K,รอดำเนินการ,211009757288824,2025-09-08 12:49:18,,2025-09-08 12:05:00,Soul Sweet,8919041,Preferred(Non-CB),20863992501,"กล่องขนมจัดเซ็ตแบ่งช่อง 4, 6 ช่อง ( ภายในช่อง 8.5 cm ) ฝาใสทรงสูงมีฟิล์มใส 2 ด้าน",266008721287,Normal Product,,เครื่องใช้ในบ้าน,เครื่องครัว,อุปกรณ์ทำขนม,25,1,คอมมิชชั่นจาก Shopee,,20,,1.50%,0.3,0.00%,0,0.3,0,0,0,,0,0.00%,0,100.00%,0,รอดำเนินการ,สถานะของสินค้านี้คือ อยู่ระหว่างดำเนินการ คอมมิชชั่นจะถูกคำนวณเพื่อจ่ายหลังสถานะเป็นสำเร็จแล้วเท่านั้น,คำสั่งซื้อจากร้านค้าต่างกัน,ที่มีอยู่,2599adboostco,paris,mng,m01PetKit0520,,Facebook
250908091AHKJC,สำเร็จ,211009708297926,2025-09-08 12:48:28,2025-09-11 12:12:16,2025-09-08 10:57:20,Jason.coffeeroaster,234201973,C2C(Non-CB),13889926028,"เมล็ดกาแฟคั่ว กลางอ่อน ""Peachy Blend"" Coffee Bean Medium-Light Roast",184371423490,Normal Product,,อาหารและเครื่องดื่ม,เครื่องดื่ม,กาแฟ,321,1,คอมมิชชั่นจากร้านค้า,,192,,1.75%,3.36,4.00%,0,3.36,3.36,0,3.36,,0,0.00%,0,100.00%,3.36,สำเร็จ,,คำสั่งซื้อจากร้านค้าต่างกัน,ที่มีอยู่,2599adboostco,paris,mng,m56Fazzi0830,,Facebook
2509080911XNU9,สำเร็จ,211009699280120,2025-09-08 12:48:20,2025-09-10 20:31:27,2025-09-08 12:21:19,KONVY_Official Shop,70998059,Shopee Mall(Non-CB),40063443344,Maybelline New York Superstay Flex Powder Foundation 9g เมย์เบลลีน นิวยอร์ก แป้งผสมรองพื้น เนื้อเบาสบาย,188650364584,Normal Product,,ผลิตภัณฑ์บำรุงและเสริมความงาม,เครื่องสําอาง,เครื่องสําอางสำหรับผิวหน้า,349,1,คอมมิชชั่นจาก Shopee,,261,,1.75%,4.5675,0.00%,0,4.5675,4.5675,0,4.5675,,0,0.00%,0,100.00%,4.5675,สำเร็จ,,คำสั่งซื้อจากร้านค้าต่างกัน,ที่มีอยู่,2599adboostco,paris,mng,m01YPf0821,,Others
25090808Y5UR5R,สำเร็จ,211009636277796,2025-09-08 12:47:16,2025-09-10 19:45:34,2025-09-08 06:00:11,OMC   OMC,902904872,C2C(Non-CB),27510494575,OMC  26.7/28.9/30.8/32.7/35/37/39 ซม.ใหญ่มาก กะละมังสแตนเลสขนาดใหญ่ กะละมังผัก หนาและสูง กะละมังซักผ้า ขนาดใหญ่ ปลอดสนิม,205373489213,Normal Product,,เครื่องใช้ในบ้าน,อุปกรณ์ซักรีดและผลิตภัณฑ์ดูแลบ้าน,กะละมัง ถังน้ำ ขันตักน้ำ,28,3,คอมมิชชั่นจากร้านค้า,,82,,1.50%,1.23,7.00%,0,1.23,1.23,0,1.23,,0,0.00%,0,100.00%,1.23,สำเร็จ,,คำสั่งซื้อจากร้านค้าต่างกัน,ที่มีอยู่,2599adboostco,paris,mng,m01YPf0821,,Facebook
25090808UV0X1H,รอดำเนินการ,211009525292931,2025-09-08 12:45:25,,2025-09-08 12:44:27,Lucky@ 4289,1297945915,C2C(Non-CB),43553763688,มันม่วง1กก สด ใหม่ คัดลูกจากไร่,275316846816,Normal Product,,อาหารและเครื่องดื่ม,อาหารสด และอาหารแช่แข็ง,ผลไม้สด,25,1,คอมมิชชั่นจากร้านค้า,,23,,1.75%,0.4025,9.00%,2.07,2.4725,0.4025,2.07,2.4725,,0,0.00%,0,100.00%,2.4725,รอดำเนินการ,สถานะของสินค้านี้คือ อยู่ระหว่างดำเนินการ คอมมิชชั่นจะถูกคำนวณเพื่อจ่ายหลังสถานะเป็นสำเร็จแล้วเท่านั้น,สั่งซื้อในร้านค้าเดียวกัน,ที่มีอยู่,2599adboostco,paris,mng,m56Fazzi0830,,Others
25090808SMETYW,รอดำเนินการ,211009450258938,2025-09-08 12:44:10,,2025-09-08 12:40:57,My Foot Stories,46261113,Preferred(Non-CB),25967596072,พร้อมส่ง รองเท้าแตะ ฟองน้ำ Puppa ปุ้ปป้า แท้100% รองเท้าแตะยาง พื้นนุ่ม ใส่สบาย มีหลายสี เบอร์ 9-11,232572841682,Normal Product,,รองเท้าผู้ชาย,รองเท้าแตะ,รองเท้าแตะแบบสวม,59,1,คอมมิชชั่นจากร้านค้า,,59,,1.75%,1.0325,7.00%,0,1.0325,1.0325,0,1.0325,,0,0.00%,0,100.00%,1.0325,รอดำเนินการ,สถานะของสินค้านี้คือ อยู่ระหว่างดำเนินการ คอมมิชชั่นจะถูกคำนวณเพื่อจ่ายหลังสถานะเป็นสำเร็จแล้วเท่านั้น,คำสั่งซื้อจากร้านค้าต่างกัน,ที่มีอยู่,2599adboostco,paris,mng,m01Tik0803,,Facebook
25090808PGB1Q9,สำเร็จ,211009345279336,2025-09-08 12:42:26,2025-09-11 16:33:15,2025-09-06 22:00:58,baankrongnam_officialshop,133520052,Shopee Mall(Non-CB),14204061221,[ส่งฟรีกรุงเทพและปริมณฑล] Pure น้ำดื่มเพียว ขนาด 600 ml 1 แพ็ค 12 ขวด ราคาแพ็คละ 37 บาทเท่านั้น,150186259492,Normal Product,,อาหารและเครื่องดื่ม,เครื่องดื่ม,น้ำดื่ม,370,1,คอมมิชชั่นจากร้านค้า,,296,,1.75%,5.18,7.00%,0,5.18,5.18,0,5.18,,0,0.00%,0,100.00%,5.18,สำเร็จ,,คำสั่งซื้อจากร้านค้าต่างกัน,ที่มีอยู่,2599adboostco,paris,mng,m01KFdika0520,,Facebook
25090808N7B9B4,ยกเลิก,211009302280218,2025-09-08 12:41:42,--,2025-09-08 11:13:35,BTK Racing,418138925,Preferred(Non-CB),19960336694,กระโหลกกัดลายแท้ศูนย์ฮอนด้า Forza300 ทุกปี Forza350 ADV350 แก้อาการออกตัวสั่น ออกตัวกระตุก รับประกันกระโหลกแท้เบิกศูนย์,213079310193,Normal Product,,รถมอเตอร์ไซค์ อะไหล่และอุปกรณ์เสริมมอเตอร์ไซค์,ชิ้นส่วนอะไหล่มอเตอร์ไซค์,เกียร์และระบบขับเคลื่อน,950,0,คอมมิชชั่นจาก Shopee,,0,800,1.75%,0,0.00%,0,0,0,0,0,,0,0.00%,0,100.00%,0,ยกเลิก,คำสั่งซื้อไม่ถูกต้อง.,คำสั่งซื้อจากร้านค้าต่างกัน,ที่มีอยู่,2599adboostco,paris,mng,m01Tik0803,,Facebook
25090808FTN4Q7,รอดำเนินการ,211009121209532,2025-09-08 12:38:41,,2025-09-08 12:35:02,Feelgood.stores,111357422,Preferred(Non-CB),24202455636,ถุงมือกันแดด (กัน UV ผ้าดี ผ้าลื่น ) ถุงมือขับมอไซค์ ฝ่ามือมีแถบยาง กันลื่น มี 3 สี พร้อมส่ง,194787375437,Normal Product,,รถมอเตอร์ไซค์ อะไหล่และอุปกรณ์เสริมมอเตอร์ไซค์,อื่นๆ,,57,1,คอมมิชชั่นจากร้านค้า,,57,,1.75%,0.9975,7.00%,0,0.9975,0.9975,0,0.9975,,0,0.00%,0,100.00%,0.9975,รอดำเนินการ,สถานะของสินค้านี้คือ อยู่ระหว่างดำเนินการ คอมมิชชั่นจะถูกคำนวณเพื่อจ่ายหลังสถานะเป็นสำเร็จแล้วเท่านั้น,คำสั่งซื้อจากร้านค้าต่างกัน,ที่มีอยู่,2599adboostco,paris,mng,m01PetKit0520,,Facebook
250908086PUHMQ,สำเร็จ,211008815230780,2025-09-08 12:33:35,2025-09-10 00:18:34,2025-09-08 12:14:37,ตลาดพลู แบดมินตัน,75038357,Preferred(Non-CB),11488265998,เอ็นแบดมินตัน KIZUNA Z63X  (เอ็นญี่ปุ่นแท้ 100%),170428668913,Normal Product,,กีฬาและกิจกรรมกลางแจ้ง,อุปกรณ์เล่นกีฬาและกิจกรรมกลางแจ้ง,แบดมินตัน,225,1,คอมมิชชั่นจาก Shopee,,180,,1.75%,3.15,0.00%,0,3.15,6.3,0,6.3,,0,0.00%,0,100.00%,6.3,สำเร็จ,,คำสั่งซื้อจากร้านค้าต่างกัน,ที่มีอยู่,2599adboostco,paris,mng,m01FahRain0805,,Facebook
250908086PUHMQ,สำเร็จ,211008815230780,2025-09-08 12:33:35,2025-09-10 00:18:34,2025-09-08 12:14:37,ตลาดพลู แบดมินตัน,75038357,Preferred(Non-CB),11488265998,เอ็นแบดมินตัน KIZUNA Z63X  (เอ็นญี่ปุ่นแท้ 100%),170428668915,Normal Product,,กีฬาและกิจกรรมกลางแจ้ง,อุปกรณ์เล่นกีฬาและกิจกรรมกลางแจ้ง,แบดมินตัน,225,1,คอมมิชชั่นจาก Shopee,,180,,1.75%,3.15,0.00%,0,3.15,0,0,0,,0,0.00%,0,100.00%,0,สำเร็จ,,คำสั่งซื้อจากร้านค้าต่างกัน,ที่มีอยู่,2599adboostco,paris,mng,m01FahRain0805,,Facebook
250908082P3XPT,สำเร็จ,211008680241172,2025-09-08 12:31:21,2025-09-09 08:44:16,2025-09-08 05:22:50,Maydicine_drugstore,9461232,Preferred(Non-CB),23462408023,ชุดตรวจไข้หวัดใหญ่ RSV Flu A/B Covid Adeno virus Mycoplasma MP reagen 6in1,59891924681,Normal Product,,กลุ่มผลิตภัณฑ์เพื่อสุขภาพ,เครื่องมือและอุปกรณ์ในการดูแลสุขภาพ,อุปกรณ์ตรวจวัดสุขภาพ,169,2,คอมมิชชั่นจากร้านค้า,,277,,1.50%,4.155,7.00%,0,4.155,4.155,0,4.155,,0,0.00%,0,100.00%,4.155,สำเร็จ,,คำสั่งซื้อจากร้านค้าต่างกัน,ที่มีอยู่,2599adboostco,paris,mng,m01FahRain0805,,Facebook
250908080CNGRX,สำเร็จ,211008603223807,2025-09-08 12:30:04,2025-09-11 16:14:53,2025-09-08 11:27:46,YFashion Shop,324975652,C2C(Non-CB),25940061124,(1กล่องมี 5 คู่）ถุงเท้าข้อกลาง ถุงเท้าวิ่ง ผ้าฝ้าย ผ้าตาข่าย ระบายอากาศได้ดี สีพื้น แฟชั่นสําหรับผู้ชายผู้หญิง,247387854876,Normal Product,,เสื้อผ้าผู้ชาย,ถุงเท้า,,85,1,คอมมิชชั่นจาก Shopee,,85,,1.75%,1.4875,0.00%,0,1.4875,1.4875,0,1.4875,,0,0.00%,0,100.00%,1.4875,สำเร็จ,,คำสั่งซื้อจากร้านค้าต่างกัน,ที่มีอยู่,2599adboostco,paris,mng,m01Tik0803,,Facebook
25090807Y8FJAH,สำเร็จ,211008565274271,2025-09-08 12:29:25,2025-09-10 21:03:12,2025-09-08 12:23:17,Power.Center,52058097,Preferred(Non-CB),28012565517,มงกุฏเสริมขากระทะ ขาเตาแก๊ส ที่รองหม้อสำหรับวางภาชนะขนาดเล็ก กันลื่นได้ สำหรับเตาแก๊สได้ทุกรุ่น,256678867769,Normal Product,,เครื่องใช้ไฟฟ้าภายในบ้าน,เครื่องใช้ไฟฟ้าในครัว,"เตาฝัง, เตาแก็ส",49,1,คอมมิชชั่นจากร้านค้า,,49,,1.50%,0.735,2.00%,0,0.735,0.735,0,0.735,,0,0.00%,0,100.00%,0.735,สำเร็จ,,คำสั่งซื้อจากร้านค้าต่างกัน,ที่มีอยู่,2599adboostco,paris,mng,m06Nasa1228,,Facebook
25090807Y1QMNR,รอดำเนินการ,211008558207322,2025-09-08 12:29:18,,2025-09-08 11:25:41,tsomai.th,1607653881,C2C(CB),43112347260,รถอลูมิเนียมคุณภาพสูง M12*1.25 H ประเภท Shift Knob Extension ปรับ Extender Gear Shifter พร้อมอะแดปเตอร์สามตัว,253727529974,Normal Product,,รถยนต์ อะไหล่และอุปกรณ์เสริมรถยนต์,อุปกรณ์เสริมภายในรถยนต์,คันเร่งและหัวเกียร์,166,1,คอมมิชชั่นจาก Shopee,,146,,1.75%,2.555,0.00%,0,2.555,2.555,0,2.555,,0,0.00%,0,100.00%,2.555,รอดำเนินการ,สถานะของสินค้านี้คือ อยู่ระหว่างดำเนินการ คอมมิชชั่นจะถูกคำนวณเพื่อจ่ายหลังสถานะเป็นสำเร็จแล้วเท่านั้น,คำสั่งซื้อจากร้านค้าต่างกัน,ที่มีอยู่,2599adboostco,paris,mng,m01PetKit0520,,Facebook
25090807VERT0X,สำเร็จ,211008471218405,2025-09-08 12:27:51,2025-09-09 12:43:47,2025-09-08 12:10:58,Levi's Official Store,704319443,Shopee Mall(Non-CB),28322148152,กางเกงยีนส์ผู้ชาย Levi's® Men's 505™ Regular Jeans,128171973603,Normal Product,,เสื้อผ้าผู้ชาย,กางเกงยีนส์,,1195,1,คอมมิชชั่นจากร้านค้า,,821,,1.75%,14.3675,10.00%,0,14.3675,14.3675,0,14.3675,,0,0.00%,0,100.00%,14.3675,สำเร็จ,,คำสั่งซื้อจากร้านค้าต่างกัน,ที่มีอยู่,2599adboostco,paris,mng,m56Fazzi0830,,Facebook
25090807U6QFVH,รอดำเนินการ,211008429222564,2025-09-08 12:27:09,,2025-09-08 10:08:21,topshop7,235896386,Preferred(Non-CB),29181280408,ที่วางโทรศัพท์ในรถยนต์แบบแม่เหล็กแข็งแรงพับได้ออกแบบ 360° ขายึดสูญญากาศแบบปรับได้สําหรับรถยนต์/โต๊ะ/ห้องน้ํา K11 k10 H67,243022358036,Normal Product,,รถยนต์ อะไหล่และอุปกรณ์เสริมรถยนต์,อุปกรณ์เสริมภายในรถยนต์,ที่ยึดโทรศัพท์สำหรับรถยนต์,129,1,คอมมิชชั่นจากร้านค้า,,109,,1.75%,1.9075,9.00%,0,1.9075,1.9075,0,1.9075,,0,0.00%,0,100.00%,1.9075,รอดำเนินการ,สถานะของสินค้านี้คือ อยู่ระหว่างดำเนินการ คอมมิชชั่นจะถูกคำนวณเพื่อจ่ายหลังสถานะเป็นสำเร็จแล้วเท่านั้น,คำสั่งซื้อจากร้านค้าต่างกัน,ที่มีอยู่,2599adboostco,paris,mng,m01jjshop0803,,Facebook
25090807U20QSM,รอดำเนินการ,211008424285017,2025-09-08 12:27:05,,2025-09-08 12:23:50,JJshop 888,347700833,Preferred(Non-CB),20273829574,"JJ shop 💜พร้อมส่ง ชุดบอดี้สูทลายลูกไม้เก๋ๆแต่งสายไขว้ข้างแอบเซ็กซี่ ""SS-5"" -H",137411523387,Normal Product,,เสื้อผ้าผู้หญิง,เสื้อ,บอดี้สูท,115,1,คอมมิชชั่นจากร้านค้า,,103,,1.50%,1.545,4.00%,4.12,5.665,1.545,4.12,5.665,,0,0.00%,0,100.00%,5.665,รอดำเนินการ,สถานะของสินค้านี้คือ อยู่ระหว่างดำเนินการ คอมมิชชั่นจะถูกคำนวณเพื่อจ่ายหลังสถานะเป็นสำเร็จแล้วเท่านั้น,สั่งซื้อในร้านค้าเดียวกัน,ที่มีอยู่,2599adboostco,paris,mng,m01jjshop0803,,Facebook
25090807RC3PTM,รอดำเนินการ,211008334203546,2025-09-08 12:25:34,,2025-09-08 12:07:54,ร้านขายของเล่นและอะไหล่รถยนต์,296807894,C2C(CB),13002635686,ปลอกกุญแจซิลิโคนสําหรับ Honda Click Wave Alpha 125i Dash 125 ex5 ในอนาคต fi ตี,94685510541,Normal Product,,รถยนต์ อะไหล่และอุปกรณ์เสริมรถยนต์,พวงกุญแจรถยนต์และปลอกหุ้ม,,20,1,คอมมิชชั่นจากร้านค้า,,19,,1.75%,0.3325,12.00%,0,0.3325,0.8225,0,0.8225,,0,0.00%,0,100.00%,0.8225,รอดำเนินการ,สถานะของสินค้านี้คือ อยู่ระหว่างดำเนินการ คอมมิชชั่นจะถูกคำนวณเพื่อจ่ายหลังสถานะเป็นสำเร็จแล้วเท่านั้น,คำสั่งซื้อจากร้านค้าต่างกัน,ที่มีอยู่,2599adboostco,paris,mng,m56ProwaVDO0905,,Facebook
25090807RC3PTM,รอดำเนินการ,211008334203546,2025-09-08 12:25:34,,2025-09-08 12:07:54,ร้านขายของเล่นและอะไหล่รถยนต์,296807894,C2C(CB),25379472676,ทนทานรถจักรยานยนต ์ สาย Keyring Motocross Webbing Key CHAIN พวงกุญแจ Badge พวงกุญแจสําหรับ Honda Yamaha Suzuki รถจักรยานยนต ์,236315192715,Normal Product,,รถยนต์ อะไหล่และอุปกรณ์เสริมรถยนต์,พวงกุญแจรถยนต์และปลอกหุ้ม,,30,1,คอมมิชชั่นจากร้านค้า,,28,,1.75%,0.49,12.00%,0,0.49,0,0,0,,0,0.00%,0,100.00%,0,รอดำเนินการ,สถานะของสินค้านี้คือ อยู่ระหว่างดำเนินการ คอมมิชชั่นจะถูกคำนวณเพื่อจ่ายหลังสถานะเป็นสำเร็จแล้วเท่านั้น,คำสั่งซื้อจากร้านค้าต่างกัน,ที่มีอยู่,2599adboostco,paris,mng,m56ProwaVDO0905,,Facebook
25090807NR8A06,สำเร็จ,211008288211908,2025-09-08 12:24:07,2025-09-09 22:36:22,2025-09-08 09:46:18,easeylike,292466738,Preferred(Non-CB),27736186039,กระเป๋าเงินเด็ก ลายการ์ตูนม้ายูนิคอร์น+สายคล้องคอถอดได้ | กระเป๋าใส่บัตรกุญแจ,253389574835,Normal Product,,เสื้อผ้าแฟชั่นเด็ก,เครื่องประดับสำหรับเด็ก,กระเป๋า,249,1,คอมมิชชั่นจากร้านค้า,,179,,1.75%,3.1325,10.00%,0,3.1325,3.1325,0,3.1325,,0,0.00%,0,100.00%,3.1325,สำเร็จ,,คำสั่งซื้อจากร้านค้าต่างกัน,ที่มีอยู่,2599adboostco,paris,mng,m06Nasa1228,,Facebook
25090807M5MY0J,สำเร็จ,211008193218548,2025-09-08 12:23:13,2025-09-10 09:40:10,2025-09-08 11:13:09,N9NETY_STORE,32033537,C2C(Non-CB),43606118864,นาฬิกาผู้ชาย 💢นาฬิกาคัตตอม💢 สำหรับผู้หญิงและผู้ชาย ลายเท่ๆสวยๆ💯,280513019588,Normal Product,,นาฬิกา,นาฬิกาผู้ชาย,,450,1,คอมมิชชั่นจาก Shopee,,420,,1.75%,7.35,0.00%,0,7.35,7.35,0,7.35,,0,0.00%,0,100.00%,7.35,สำเร็จ,,คำสั่งซื้อจากร้านค้าต่างกัน,ที่มีอยู่,2599adboostco,paris,mng,m01KFdika0520,,Facebook
25090807HHQPWB,รอดำเนินการ,211008105224598,2025-09-08 12:21:45,,2025-09-08 12:09:56,La Moda,484421197,Preferred(Non-CB),11442622604,เสื้อกล้าม ผ้าร่อง(Rib 211),178698383005,Normal Product,,เสื้อผ้าผู้หญิง,เสื้อ,เสื้อกล้าม/สายเดี่ยว,99,1,คอมมิชชั่นจากร้านค้า,,99,,1.50%,1.485,9.00%,0,1.485,11.88,0,11.88,,0,0.00%,0,100.00%,11.88,รอดำเนินการ,สถานะของสินค้านี้คือ อยู่ระหว่างดำเนินการ คอมมิชชั่นจะถูกคำนวณเพื่อจ่ายหลังสถานะเป็นสำเร็จแล้วเท่านั้น,คำสั่งซื้อจากร้านค้าต่างกัน,ที่มีอยู่,2599adboostco,paris,mng,m01YPf0821,,Facebook
25090807HHQPWB,รอดำเนินการ,211008105224598,2025-09-08 12:21:45,,2025-09-08 12:09:56,La Moda,484421197,Preferred(Non-CB),11442622604,เสื้อกล้าม ผ้าร่อง(Rib 211),178698383006,Normal Product,,เสื้อผ้าผู้หญิง,เสื้อ,เสื้อกล้าม/สายเดี่ยว,99,1,คอมมิชชั่นจากร้านค้า,,99,,1.50%,1.485,9.00%,0,1.485,0,0,0,,0,0.00%,0,100.00%,0,รอดำเนินการ,สถานะของสินค้านี้คือ อยู่ระหว่างดำเนินการ คอมมิชชั่นจะถูกคำนวณเพื่อจ่ายหลังสถานะเป็นสำเร็จแล้วเท่านั้น,คำสั่งซื้อจากร้านค้าต่างกัน,ที่มีอยู่,2599adboostco,paris,mng,m01YPf0821,,Facebook
25090807HHQPWB,รอดำเนินการ,211008105224598,2025-09-08 12:21:45,,2025-09-08 12:09:56,La Moda,484421197,Preferred(Non-CB),11442622604,เสื้อกล้าม ผ้าร่อง(Rib 211),178698383010,Normal Product,,เสื้อผ้าผู้หญิง,เสื้อ,เสื้อกล้าม/สายเดี่ยว,99,1,คอมมิชชั่นจากร้านค้า,,99,,1.50%,1.485,9.00%,0,1.485,0,0,0,,0,0.00%,0,100.00%,0,รอดำเนินการ,สถานะของสินค้านี้คือ อยู่ระหว่างดำเนินการ คอมมิชชั่นจะถูกคำนวณเพื่อจ่ายหลังสถานะเป็นสำเร็จแล้วเท่านั้น,คำสั่งซื้อจากร้านค้าต่างกัน,ที่มีอยู่,2599adboostco,paris,mng,m01YPf0821,,Facebook
25090807HHQPWB,รอดำเนินการ,211008105224598,2025-09-08 12:21:45,,2025-09-08 12:09:56,La Moda,484421197,Preferred(Non-CB),11442622604,เสื้อกล้าม ผ้าร่อง(Rib 211),178698383011,Normal Product,,เสื้อผ้าผู้หญิง,เสื้อ,เสื้อกล้าม/สายเดี่ยว,99,1,คอมมิชชั่นจากร้านค้า,,99,,1.50%,1.485,9.00%,0,1.485,0,0,0,,0,0.00%,0,100.00%,0,รอดำเนินการ,สถานะของสินค้านี้คือ อยู่ระหว่างดำเนินการ คอมมิชชั่นจะถูกคำนวณเพื่อจ่ายหลังสถานะเป็นสำเร็จแล้วเท่านั้น,คำสั่งซื้อจากร้านค้าต่างกัน,ที่มีอยู่,2599adboostco,paris,mng,m01YPf0821,,Facebook
25090807HHQPWB,รอดำเนินการ,211008105224598,2025-09-08 12:21:45,,2025-09-08 12:09:56,La Moda,484421197,Preferred(Non-CB),11442622604,เสื้อกล้าม ผ้าร่อง(Rib 211),178698383012,Normal Product,,เสื้อผ้าผู้หญิง,เสื้อ,เสื้อกล้าม/สายเดี่ยว,99,1,คอมมิชชั่นจากร้านค้า,,99,,1.50%,1.485,9.00%,0,1.485,0,0,0,,0,0.00%,0,100.00%,0,รอดำเนินการ,สถานะของสินค้านี้คือ อยู่ระหว่างดำเนินการ คอมมิชชั่นจะถูกคำนวณเพื่อจ่ายหลังสถานะเป็นสำเร็จแล้วเท่านั้น,คำสั่งซื้อจากร้านค้าต่างกัน,ที่มีอยู่,2599adboostco,paris,mng,m01YPf0821,,Facebook
25090807HHQPWB,รอดำเนินการ,211008105224598,2025-09-08 12:21:45,,2025-09-08 12:09:56,La Moda,484421197,Preferred(Non-CB),11442622604,เสื้อกล้าม ผ้าร่อง(Rib 211),178698383013,Normal Product,,เสื้อผ้าผู้หญิง,เสื้อ,เสื้อกล้าม/สายเดี่ยว,99,1,คอมมิชชั่นจากร้านค้า,,99,,1.50%,1.485,9.00%,0,1.485,0,0,0,,0,0.00%,0,100.00%,0,รอดำเนินการ,สถานะของสินค้านี้คือ อยู่ระหว่างดำเนินการ คอมมิชชั่นจะถูกคำนวณเพื่อจ่ายหลังสถานะเป็นสำเร็จแล้วเท่านั้น,คำสั่งซื้อจากร้านค้าต่างกัน,ที่มีอยู่,2599adboostco,paris,mng,m01YPf0821,,Facebook
25090807HHQPWB,รอดำเนินการ,211008105224598,2025-09-08 12:21:45,,2025-09-08 12:09:56,La Moda,484421197,Preferred(Non-CB),11442622604,เสื้อกล้าม ผ้าร่อง(Rib 211),178698383014,Normal Product,,เสื้อผ้าผู้หญิง,เสื้อ,เสื้อกล้าม/สายเดี่ยว,99,1,คอมมิชชั่นจากร้านค้า,,99,,1.50%,1.485,9.00%,0,1.485,0,0,0,,0,0.00%,0,100.00%,0,รอดำเนินการ,สถานะของสินค้านี้คือ อยู่ระหว่างดำเนินการ คอมมิชชั่นจะถูกคำนวณเพื่อจ่ายหลังสถานะเป็นสำเร็จแล้วเท่านั้น,คำสั่งซื้อจากร้านค้าต่างกัน,ที่มีอยู่,2599adboostco,paris,mng,m01YPf0821,,Facebook
25090807HHQPWB,รอดำเนินการ,211008105224598,2025-09-08 12:21:45,,2025-09-08 12:09:56,La Moda,484421197,Preferred(Non-CB),11442622604,เสื้อกล้าม ผ้าร่อง(Rib 211),178698383018,Normal Product,,เสื้อผ้าผู้หญิง,เสื้อ,เสื้อกล้าม/สายเดี่ยว,99,1,คอมมิชชั่นจากร้านค้า,,99,,1.50%,1.485,9.00%,0,1.485,0,0,0,,0,0.00%,0,100.00%,0,รอดำเนินการ,สถานะของสินค้านี้คือ อยู่ระหว่างดำเนินการ คอมมิชชั่นจะถูกคำนวณเพื่อจ่ายหลังสถานะเป็นสำเร็จแล้วเท่านั้น,คำสั่งซื้อจากร้านค้าต่างกัน,ที่มีอยู่,2599adboostco,paris,mng,m01YPf0821,,Facebook
25090807DTJRHW,สำเร็จ,211007980274317,2025-09-08 12:19:41,2025-09-11 12:45:34,2025-09-08 11:28:28,detlyet,1053223192,C2C(Non-CB),26260718921,COD🌷แว่นตากันแดดป้องกันลมกรอบใหญ่แฟชั่นป้องกันรังสียูวีสุดเท่แว่นกันแดดผู้ชายและผู้หญิงสำหรับขี่จักรยานกลางแจ้ง-detlyet,256563896519,Normal Product,,เครื่องประดับ,แว่นตา,แว่นกันแดด,26,1,คอมมิชชั่นจากร้านค้า,,25,,1.75%,0.4375,20.00%,0,0.4375,0.4375,0,0.4375,,0,0.00%,0,100.00%,0.4375,สำเร็จ,,คำสั่งซื้อจากร้านค้าต่างกัน,ที่มีอยู่,2599adboostco,paris,mng,m01KFdika0520,,Facebook
25090807DTJRHV,สำเร็จ,211007980274316,2025-09-08 12:19:41,2025-09-11 15:30:23,2025-09-08 11:28:28,RIVERFRONT_OFFICIAL_SHOP,317783594,Preferred(Non-CB),19790721451,🔥AOSTO CARE BORN PLEXเชื่อมเเกนแบ่งขาย NET.100มล. RC-105 ||ลดปัญหาผมเเห้งเสียไม่ขาดง่ายเเละเปราะบาง,235400783138,Normal Product,,ผลิตภัณฑ์บำรุงและเสริมความงาม,ผลิตภัณฑ์ดูแลผม,ทรีทเม้นท์บำรุงเส้นผม,26,1,คอมมิชชั่นจากร้านค้า,,23,,1.75%,0.4025,7.00%,0,0.4025,0.4025,0,0.4025,,0,0.00%,0,100.00%,0.4025,สำเร็จ,,คำสั่งซื้อจากร้านค้าต่างกัน,ที่มีอยู่,2599adboostco,paris,mng,m01KFdika0520,,Facebook
25090807C56ASE,สำเร็จ,211007924295257,2025-09-08 12:18:44,2025-09-10 17:54:29,2025-09-08 12:17:20,Chat Cosmetics Official Store,876601835,Shopee Mall(Non-CB),42506696419,THA Cushion&Concealer คุชชั่นและคอนซีลเลอร์ เพียง 59 บาท,305564975192,Normal Product,,ผลิตภัณฑ์บำรุงและเสริมความงาม,เครื่องสําอาง,เครื่องสําอางสำหรับผิวหน้า,59,1,คอมมิชชั่นจาก Shopee,,53,,1.75%,0.9275,0.00%,0,0.9275,1.855,0,1.855,,0,0.00%,0,100.00%,1.855,สำเร็จ,,คำสั่งซื้อจากร้านค้าต่างกัน,ที่มีอยู่,2599adboostco,paris,mng,m01Tik0803,,Facebook
25090807C56ASE,สำเร็จ,211007924295257,2025-09-08 12:18:44,2025-09-10 17:54:29,2025-09-08 12:17:20,Chat Cosmetics Official Store,876601835,Shopee Mall(Non-CB),43760839641,เบสกลาสสกินบาวอิท Browit Healthy Glass Skin Face & Body Base แบบซอง 5 ml.,128381409994,Normal Product,,ผลิตภัณฑ์บำรุงและเสริมความงาม,เครื่องสําอาง,เครื่องสําอางสำหรับผิวหน้า,59,1,คอมมิชชั่นจาก Shopee,,53,,1.75%,0.9275,0.00%,0,0.9275,0,0,0,,0,0.00%,0,100.00%,0,สำเร็จ,,คำสั่งซื้อจากร้านค้าต่างกัน,ที่มีอยู่,2599adboostco,paris,mng,m01Tik0803,,Facebook
25090807AU5B7X,รอดำเนินการ,211007880222216,2025-09-08 12:18:01,,2025-09-08 12:17:09,Super cool_shop,1144590236,C2C(Non-CB),28120127948,หมวกกันน็อค หมวกกันน๊อก รถจักรยานยนต์ กันลม กันน้ำ แข็งแรงใส่สบายหมวกกันน็อคเต็ม ทนต่อการใช้งาน หมวกกันน็อคเต็มใบ,208047752859,Normal Product,,รถมอเตอร์ไซค์ อะไหล่และอุปกรณ์เสริมมอเตอร์ไซค์,หมวกกันน็อคและอุปกรณ์สวมใส่สำหรับขับขี่,,179,1,คอมมิชชั่นจากร้านค้า,,111,,1.75%,1.9425,13.00%,14.43,16.3725,1.9425,14.43,16.3725,,0,0.00%,0,100.00%,16.3725,รอดำเนินการ,สถานะของสินค้านี้คือ อยู่ระหว่างดำเนินการ คอมมิชชั่นจะถูกคำนวณเพื่อจ่ายหลังสถานะเป็นสำเร็จแล้วเท่านั้น,สั่งซื้อในร้านค้าเดียวกัน,ที่มีอยู่,2599adboostco,paris,mng,m01BMavk0821,,Facebook
250908079QWUED,รอดำเนินการ,211007843270227,2025-09-08 12:17:24,,2025-09-08 12:06:01,Icy.Sport,401216213,C2C(Non-CB),44005190666,✨หนาIcy.Sport รองเท้าชายหาดตกปลารองเท้าแตะฤดูร้อนX098,290437696113,Normal Product,,รองเท้าผู้ชาย,รองเท้าแตะ,รองเท้าแตะแบบสวม,53,1,คอมมิชชั่นจาก Shopee,,53,,1.75%,0.9275,0.00%,0,0.9275,0.9275,0,0.9275,,0,0.00%,0,100.00%,0.9275,รอดำเนินการ,สถานะของสินค้านี้คือ อยู่ระหว่างดำเนินการ คอมมิชชั่นจะถูกคำนวณเพื่อจ่ายหลังสถานะเป็นสำเร็จแล้วเท่านั้น,คำสั่งซื้อจากร้านค้าต่างกัน,ที่มีอยู่,2599adboostco,paris,mng,m01Tik0803,,Facebook
250908079QUK5Y,สำเร็จ,211007843201527,2025-09-08 12:17:23,2025-09-11 21:07:13,2025-09-08 10:25:28,JJshop 888,347700833,Preferred(Non-CB),20273829574,"JJ shop 💜พร้อมส่ง ชุดบอดี้สูทลายลูกไม้เก๋ๆแต่งสายไขว้ข้างแอบเซ็กซี่ ""SS-5"" -H",137411523387,Normal Product,,เสื้อผ้าผู้หญิง,เสื้อ,บอดี้สูท,115,1,คอมมิชชั่นจากร้านค้า,,101,,1.50%,1.515,4.00%,4.04,5.555,3.03,8.08,11.11,,0,0.00%,0,100.00%,11.11,สำเร็จ,,สั่งซื้อในร้านค้าเดียวกัน,ที่มีอยู่,2599adboostco,paris,mng,m01jjshop0803,,Facebook
250908079QUK5Y,สำเร็จ,211007843201527,2025-09-08 12:17:23,2025-09-11 21:07:13,2025-09-08 10:25:28,JJshop 888,347700833,Preferred(Non-CB),20273829574,"JJ shop 💜พร้อมส่ง ชุดบอดี้สูทลายลูกไม้เก๋ๆแต่งสายไขว้ข้างแอบเซ็กซี่ ""SS-5"" -H",137411523386,Normal Product,,เสื้อผ้าผู้หญิง,เสื้อ,บอดี้สูท,115,1,คอมมิชชั่นจากร้านค้า,,101,,1.50%,1.515,4.00%,4.04,5.555,0,0,0,,0,0.00%,0,100.00%,0,สำเร็จ,,สั่งซื้อในร้านค้าเดียวกัน,ที่มีอยู่,2599adboostco,paris,mng,m01jjshop0803,,Facebook
2509080728JDHY,สำเร็จ,211007592295127,2025-09-08 12:13:12,2025-09-10 12:36:18,2025-09-08 07:59:14,ทิชชู่ Mart,1208822693,Preferred(Non-CB),24441120571,[เซท 3 แพค] Paseo Baby กระดาษทิชชู่เช็ดหน้า พาซิโอ เบบี้ ห่อ130แผ่น หนา3ชั้น แพค4ห่อ,257589542123,Normal Product,,เครื่องใช้ในบ้าน,อุปกรณ์ซักรีดและผลิตภัณฑ์ดูแลบ้าน,กระดาษเช็ดหน้า,312,1,คอมมิชชั่นจาก Shopee,,280,,1.50%,4.2,0.00%,0,4.2,4.2,0,4.2,,0,0.00%,0,100.00%,4.2,สำเร็จ,,คำสั่งซื้อจากร้านค้าต่างกัน,ที่มีอยู่,2599adboostco,paris,mng,m01kaofangMeow0303,,Facebook
2509080723Q9EE,รอดำเนินการ,211007587217388,2025-09-08 12:13:07,,2025-09-08 12:01:24,KTD1950,54755319,C2C(Non-CB),1923467766,ผ้าพยุงน่อง KTD Grip,3288393079,Normal Product,,กลุ่มผลิตภัณฑ์เพื่อสุขภาพ,เครื่องมือและอุปกรณ์ในการดูแลสุขภาพ,สำหรับอาการปวดเมื่อย,85,2,คอมมิชชั่นจาก Shopee,,129,,1.50%,1.935,0.00%,0,1.935,2.91,0,2.91,,0,0.00%,0,100.00%,2.91,รอดำเนินการ,สถานะของสินค้านี้คือ อยู่ระหว่างดำเนินการ คอมมิชชั่นจะถูกคำนวณเพื่อจ่ายหลังสถานะเป็นสำเร็จแล้วเท่านั้น,คำสั่งซื้อจากร้านค้าต่างกัน,ที่มีอยู่,2599adboostco,paris,mng,m01FahRain0805,,Facebook
2509080723Q9EE,รอดำเนินการ,211007587217388,2025-09-08 12:13:07,,2025-09-08 12:01:24,KTD1950,54755319,C2C(Non-CB),1923446990,ผ้าพยุงต้นขา KTD Grip,3288345187,Normal Product,,กลุ่มผลิตภัณฑ์เพื่อสุขภาพ,เครื่องมือและอุปกรณ์ในการดูแลสุขภาพ,สำหรับอาการปวดเมื่อย,85,1,คอมมิชชั่นจาก Shopee,,65,,1.50%,0.975,0.00%,0,0.975,0,0,0,,0,0.00%,0,100.00%,0,รอดำเนินการ,สถานะของสินค้านี้คือ อยู่ระหว่างดำเนินการ คอมมิชชั่นจะถูกคำนวณเพื่อจ่ายหลังสถานะเป็นสำเร็จแล้วเท่านั้น,คำสั่งซื้อจากร้านค้าต่างกัน,ที่มีอยู่,2599adboostco,paris,mng,m01FahRain0805,,Facebook
2509080712BMFE,รอดำเนินการ,211007552225793,2025-09-08 12:12:32,,2025-09-08 11:59:40,Shopee Choice Global,196268298,C2C(CB),28655983794,Petgo 4 in 1 สัตว์เลี้ยงไฟฟ้าผม Clipper Grooming Trimmer เล็บเครื่องบดชาร์จตัดผมสําหรับสุนัขแมว,251243786070,Normal Product,,สัตว์เลี้ยง,อุปกรณ์ทำความสะอาดและตกแต่งขน,อุปกรณ์ดูแลขนสัตว์เลี้ยง,184,1,คอมมิชชั่นจากร้านค้า,,153,,1.75%,2.6775,7.00%,0,2.6775,2.6775,0,2.6775,,0,0.00%,0,100.00%,2.6775,รอดำเนินการ,สถานะของสินค้านี้คือ อยู่ระหว่างดำเนินการ คอมมิชชั่นจะถูกคำนวณเพื่อจ่ายหลังสถานะเป็นสำเร็จแล้วเท่านั้น,คำสั่งซื้อจากร้านค้าต่างกัน,ที่มีอยู่,2599adboostco,paris,mng,m01kaofangMeow0303,,Facebook
250908070F8HTY,ยกเลิก,211007532202420,2025-09-08 12:12:11,--,2025-09-06 09:14:07,Allcosmet dot Shop,89170347,Preferred(Non-CB),41901241933,A.COSMET กางเกงขาสั้นลายริ้วมีเชือกผูกรูดได้ สายฝอ ทรงเข้ารูปสวย แมทช์ง่าย ใส่ได้ทั้งนอนและเที่ยว,280725011772,Normal Product,,เสื้อผ้าผู้หญิง,กางเกงขาสั้น,กางเกงขาสั้น,89,0,คอมมิชชั่นจากร้านค้า,,0,79,1.50%,0,9.00%,0,0,0,0,0,,0,0.00%,0,100.00%,0,ยกเลิก,คำสั่งซื้อไม่ถูกต้อง.,คำสั่งซื้อจากร้านค้าต่างกัน,ที่มีอยู่,2599adboostco,paris,mng,m01PetKit0520,,Facebook
25090806XDF1J7,สำเร็จ,211007463209317,2025-09-08 12:11:03,2025-09-09 08:44:16,2025-09-08 09:29:13,chutima.online,62467035,Preferred(Non-CB),3516625881,ที่ดัดขนตา ซาช่า บิวตี้ SASHA #10101,62140327571,Normal Product,,ผลิตภัณฑ์บำรุงและเสริมความงาม,เครื่องมือแต่งหน้า,อุปกรณ์แต่งหน้า,50,1,คอมมิชชั่นจาก Shopee,,42,,1.75%,0.735,0.00%,0,0.735,3.115,0,3.115,,0,0.00%,0,100.00%,3.115,สำเร็จ,,คำสั่งซื้อจากร้านค้าต่างกัน,ที่มีอยู่,2599adboostco,paris,mng,m01BMavk0821,,Facebook
25090806XDF1J7,สำเร็จ,211007463209317,2025-09-08 12:11:03,2025-09-09 08:44:16,2025-09-08 09:29:13,chutima.online,62467035,Preferred(Non-CB),43416089797,บราวอิท อายดอล อายแชโดว์เนื้อครีม แบบแท่ง Browit By NongChat Eyedol Matte & Glow Shadow Stick 0.5g.+0.5g.,253821074422,Normal Product,,ผลิตภัณฑ์บำรุงและเสริมความงาม,เครื่องสําอาง,เครื่องสําอางสำหรับดวงตา,165,1,คอมมิชชั่นจาก Shopee,,136,,1.75%,2.38,0.00%,0,2.38,0,0,0,,0,0.00%,0,100.00%,0,สำเร็จ,,คำสั่งซื้อจากร้านค้าต่างกัน,ที่มีอยู่,2599adboostco,paris,mng,m01BMavk0821,,Facebook
25090806X067W7,สำเร็จ,211007449284216,2025-09-08 12:10:49,2025-09-10 19:18:52,2025-09-08 09:32:36,AUTOSHOP TEAM,54558437,Preferred(Non-CB),8468093783,BOSCH ใบปัดน้ำฝน บอช แท้ รุ่น ADVANTAGE ที่ปัดน้ำฝนรุ่นโครงเหล็ก ร้านนี้ยางใหม่ ***สำหรับกระจกหน้า,26384847034,Normal Product,,รถยนต์ อะไหล่และอุปกรณ์เสริมรถยนต์,ชิ้นส่วนอะไหล่รถยนต์,ที่ปัดน้ำฝน และตัวชะล้าง,214,1,คอมมิชชั่นจากร้านค้า,,133,,1.75%,2.3275,7.00%,0,2.3275,2.3275,0,2.3275,,0,0.00%,0,100.00%,2.3275,สำเร็จ,,คำสั่งซื้อจากร้านค้าต่างกัน,ที่มีอยู่,2599adboostco,paris,mng,m01FahRain0805,,Facebook
25090806VYQRF1,สำเร็จ,211007415255284,2025-09-08 12:10:16,2025-09-10 10:24:33,2025-09-08 11:40:59,fashion light,935981505,C2C(Non-CB),40206361378,S-8XL สตรีขากว้างแฟชั่นลำลองทรงเพรียวบางแห้งเร็วกางเกงขาสั้นกีฬาคาร์โก้ห้าจุด,280680084025,Normal Product,,เสื้อผ้าผู้หญิง,กางเกงขาสั้น,กางเกงขาสั้น,189,1,คอมมิชชั่นจากร้านค้า,,160,,1.50%,2.4,10.00%,0,2.4,2.4,0,2.4,,0,0.00%,0,100.00%,2.4,สำเร็จ,,คำสั่งซื้อจากร้านค้าต่างกัน,ที่มีอยู่,2599adboostco,paris,mng,m01Tik0803,,Facebook
25090806VYQRF0,รอดำเนินการ,211007415255284,2025-09-08 12:10:16,,2025-09-08 11:40:59,vnice thailand,1240205096,Shopee Mall(Non-CB),24443410410,VNICE หมวกปีกกว้าง แก๊ป cap สไตล์ลำลอง หมวกกีฬาสี มี4สี ฤดูใบไม้ร่วง ปรับขนาดได้,147768034552,Normal Product,,กีฬาและกิจกรรมกลางแจ้ง,อุปกรณ์เสริมสำหรับเล่นกีฬาและกิจกรรมกลางแจ้ง,หมวกกีฬา,65,1,คอมมิชชั่นจากร้านค้า,,52,,1.75%,0.91,7.00%,0,0.91,0.91,0,0.91,,0,0.00%,0,100.00%,0.91,รอดำเนินการ,สถานะของสินค้านี้คือ อยู่ระหว่างดำเนินการ คอมมิชชั่นจะถูกคำนวณเพื่อจ่ายหลังสถานะเป็นสำเร็จแล้วเท่านั้น,คำสั่งซื้อจากร้านค้าต่างกัน,ที่มีอยู่,2599adboostco,paris,mng,m01Tik0803,,Facebook
25090806PY3B1J,สำเร็จ,211007213269038,2025-09-08 12:06:53,2025-09-11 14:57:07,2025-09-08 11:44:19,Homehoney,1283757218,Preferred(Non-CB),29618182358,ไม้จิ้มฟันไม้ไผ่ธรรมชาติ(450ชิ้น)แบบปลายแหลมสองหัว พกพา ไม้จิ้มฟันในร้านอาหาร ครัวเรือน เครื่องครัว ชุดช้อนส้อม,215571364507,Normal Product,,เครื่องใช้ในบ้าน,เครื่องใช้บนโต๊ะอาหาร,อื่นๆ,10,5,คอมมิชชั่นจากร้านค้า,,50,,1.50%,0.75,10.00%,0,0.75,0.75,0,0.75,,0,0.00%,0,100.00%,0.75,สำเร็จ,,คำสั่งซื้อจากร้านค้าต่างกัน,ที่มีอยู่,2599adboostco,paris,mng,m01kaofangMeow0303,,Facebook
25090806MC4NDV,รอดำเนินการ,211007126273675,2025-09-08 12:05:26,,2025-09-08 11:45:11,Parima  CPP,1369615650,C2C(Non-CB),27187291594,ตรายอดชา ชาเขียว โบราณ สีเข้ม ไม่มีกลิ่นมะลิ ต้นตํารับเชียงใหม่ ใช้ชง ชาเขียวนม ตรายอดชา Yodcha,285291055812,Normal Product,,อาหารและเครื่องดื่ม,เครื่องดื่ม,ชา และ ชาซอง,75,2,คอมมิชชั่นจาก Shopee,,134,,1.75%,2.345,0.00%,0,2.345,2.345,0,2.345,,0,0.00%,0,100.00%,2.345,รอดำเนินการ,สถานะของสินค้านี้คือ อยู่ระหว่างดำเนินการ คอมมิชชั่นจะถูกคำนวณเพื่อจ่ายหลังสถานะเป็นสำเร็จแล้วเท่านั้น,คำสั่งซื้อจากร้านค้าต่างกัน,ที่มีอยู่,2599adboostco,paris,mng,m01BMavk0821,,Facebook
25090806MC4NDU,รอดำเนินการ,211007126273675,2025-09-08 12:05:26,,2025-09-08 11:45:11,Mita CPP,1369607818,C2C(Non-CB),26312711229,มังกรบิน ชาเขียวนม ชาเขียวมังกรบิน ผงชาปรุงสำเร็จ​ ขนาด​ 200​ กรัม,226827890798,Normal Product,,อาหารและเครื่องดื่ม,เครื่องดื่ม,ชา และ ชาซอง,72,2,คอมมิชชั่นจาก Shopee,,130,,1.75%,2.275,0.00%,0,2.275,5.6525,0,5.6525,,0,0.00%,0,100.00%,5.6525,รอดำเนินการ,สถานะของสินค้านี้คือ อยู่ระหว่างดำเนินการ คอมมิชชั่นจะถูกคำนวณเพื่อจ่ายหลังสถานะเป็นสำเร็จแล้วเท่านั้น,คำสั่งซื้อจากร้านค้าต่างกัน,ที่มีอยู่,2599adboostco,paris,mng,m01BMavk0821,,Facebook
25090806MC4NDU,รอดำเนินการ,211007126273675,2025-09-08 12:05:26,,2025-09-08 11:45:11,Mita CPP,1369607818,C2C(Non-CB),29912715001,ชาเขียวตรามือ สูตรเข้มข้น Extra Green 180 กรัมแบบซอง,241690178200,Normal Product,,อาหารและเครื่องดื่ม,เครื่องดื่ม,ชา และ ชาซอง,108,2,คอมมิชชั่นจาก Shopee,,193,,1.75%,3.3775,0.00%,0,3.3775,0,0,0,,0,0.00%,0,100.00%,0,รอดำเนินการ,สถานะของสินค้านี้คือ อยู่ระหว่างดำเนินการ คอมมิชชั่นจะถูกคำนวณเพื่อจ่ายหลังสถานะเป็นสำเร็จแล้วเท่านั้น,คำสั่งซื้อจากร้านค้าต่างกัน,ที่มีอยู่,2599adboostco,paris,mng,m01BMavk0821,,Facebook
25090806MC4NDT,รอดำเนินการ,211007126273675,2025-09-08 12:05:26,,2025-09-08 11:45:11,Changthong Official Shop,89724317,Preferred(Non-CB),1522120478,ชาผง ตราช้างทอง สูตรชาเขียวนม 200g กลิ่นหอม มีกลิ่นมะลิเล็กน้อย รสชาติเข้ม สีสวย,305054755127,Normal Product,0_366530991173745_1,อาหารและเครื่องดื่ม,เครื่องดื่ม,ชา และ ชาซอง,62.5,2,คอมมิชชั่นจากร้านค้า,,114,,1.75%,1.995,4.00%,0,1.995,1.995,0,1.995,,0,0.00%,0,100.00%,1.995,รอดำเนินการ,สถานะของสินค้านี้คือ อยู่ระหว่างดำเนินการ คอมมิชชั่นจะถูกคำนวณเพื่อจ่ายหลังสถานะเป็นสำเร็จแล้วเท่านั้น,คำสั่งซื้อจากร้านค้าต่างกัน,ที่มีอยู่,2599adboostco,paris,mng,m01BMavk0821,,Facebook
25090806KS0DQM,สำเร็จ,211007106218908,2025-09-08 12:05:06,2025-09-09 21:39:37,2025-09-08 09:17:39,GAIFEEL ร้านค้าอย่างเป็นทางการ,1082375249,Shopee Mall(CB),24121947707,GAIFEEL LITE ทิชชู่เปียกเด็ก รสแคนดี้ ไม่มีกลิ่น แปดสิบห่อ ผ้าเช็ดทำความสะอาดเด็กแบบคลาสสิก,138900199550,Normal Product,366980289217236_0_0,แม่และเด็ก,ผลิตภัณฑ์อาบน้ำและดูแลผิวเด็ก,ทิชชู่เด็ก,0,1,คอมมิชชั่นจากร้านค้า,,0,,1.75%,0,8.00%,0,0,4.41,0,4.41,,0,0.00%,0,100.00%,4.41,สำเร็จ,,คำสั่งซื้อจากร้านค้าต่างกัน,ที่มีอยู่,2599adboostco,paris,mng,m56Fazzi0830,,Facebook
25090806KS0DQM,สำเร็จ,211007106218908,2025-09-08 12:05:06,2025-09-09 21:39:37,2025-09-08 09:17:39,GAIFEEL ร้านค้าอย่างเป็นทางการ,1082375249,Shopee Mall(CB),25840262925,GAIFEEL LITE ผ้าเช็ดเปียกสำหรับทารกและเด็กเล็กรุ่นคลาสสิก 20 แพ็ค 1680 แผ่น ไม่มีกลิ่นและรสหวาน,147636851328,Normal Product,366980289217236_0_0,แม่และเด็ก,ผลิตภัณฑ์อาบน้ำและดูแลผิวเด็ก,ทิชชู่เด็ก,299,1,คอมมิชชั่นจากร้านค้า,,252,,1.75%,4.41,8.00%,0,4.41,0,0,0,,0,0.00%,0,100.00%,0,สำเร็จ,,คำสั่งซื้อจากร้านค้าต่างกัน,ที่มีอยู่,2599adboostco,paris,mng,m56Fazzi0830,,Facebook
25090806KS0DQK,สำเร็จ,211007106218908,2025-09-08 12:05:06,2025-09-09 21:39:47,2025-09-08 09:17:39,Botare OFFICIAL STORE,868401466,Shopee Mall(CB),22916116852,[ 20ห่อ ] Botare Air-cushion ดีลักซ์ คอมฟอร์ท กระดาษทิชชู่ หนา 4 ชั้น 400 แผ่น,220682542195,Normal Product,,เครื่องใช้ในบ้าน,อุปกรณ์ซักรีดและผลิตภัณฑ์ดูแลบ้าน,กระดาษเช็ดหน้า,199,2,คอมมิชชั่นจากร้านค้า,,351,,1.50%,5.265,13.00%,0,5.265,5.265,0,5.265,,0,0.00%,0,100.00%,5.265,สำเร็จ,,คำสั่งซื้อจากร้านค้าต่างกัน,ที่มีอยู่,2599adboostco,paris,mng,m56Fazzi0830,,Facebook
25090806KS0DQJ,สำเร็จ,211007106218908,2025-09-08 12:05:06,2025-09-11 07:59:27,2025-09-08 09:17:39,dodolove,201488045,Shopee Mall(Non-CB),6439091330,[ยกลัง12] DODOLOVE  ทิชชู่เปียก Baby Wipes ผ้าเช็ดทำความสะอาดสำหรับเด็ก ออร์แกนิค ห่อใหญ่ 80 แผ่น,207773886279,Normal Product,,แม่และเด็ก,ผลิตภัณฑ์อาบน้ำและดูแลผิวเด็ก,ทิชชู่เด็ก,359,1,คอมมิชชั่นจากร้านค้า,,308,,1.75%,5.39,7.00%,0,5.39,5.39,0,5.39,,0,0.00%,0,100.00%,5.39,สำเร็จ,,คำสั่งซื้อจากร้านค้าต่างกัน,ที่มีอยู่,2599adboostco,paris,mng,m56Fazzi0830,,Facebook
25090806FQB0BM,สำเร็จ,211006970243947,2025-09-08 12:02:51,2025-09-11 16:13:19,2025-09-07 10:37:36,MOMO TOYS-Thailand,1251250566,C2C(Non-CB),42366148937,🔴จุ่มเดี่ยว🔴🔥พร้อมส่งในไทย🔥Labubu V4 Labubu pin for love series  labubu V.4  พวงกุญแจ,261330899051,Normal Product,,กระเป๋าผู้หญิง,อุปกรณ์เสริมกระเป๋า,พวงกุญแจและผ้าพันหูกระเป๋า,629,1,คอมมิชชั่นจาก Shopee,,503,,2.00%,10.06,0.00%,0,10.06,10.06,0,10.06,,0,0.00%,0,100.00%,10.06,สำเร็จ,,คำสั่งซื้อจากร้านค้าต่างกัน,ที่มีอยู่,31267397,tunis,mng,m39RespoK1118,,Websites
25090806FNETXV,สำเร็จ,211006968279279,2025-09-08 12:02:48,2025-09-10 20:35:08,2025-09-08 08:19:33,ZappELeeShabu,336518,Preferred(Non-CB),18264445899,❤️ก๋วยเตี๋ยวเรือยองยองซด❤️อร่อยไม่ต้องปรุงเพิ่มผลิตสดใหม่ว่นต่อวันสะอาดซีลทุกถุงเครื่องปรุงแน่น,213306060463,Normal Product,,อาหารและเครื่องดื่ม,อาหารสำเร็จรูป,บะหมี่กึ่งสำเร็จรูป,10,6,คอมมิชชั่นจากร้านค้า,,54,,1.75%,0.945,7.00%,0,0.945,2.52,0,2.52,,0,0.00%,0,100.00%,2.52,สำเร็จ,,คำสั่งซื้อจากร้านค้าต่างกัน,ที่มีอยู่,2599adboostco,paris,mng,m06Nasa1228,,Facebook
25090806FNETXV,สำเร็จ,211006968279279,2025-09-08 12:02:48,2025-09-10 20:35:08,2025-09-08 08:19:33,ZappELeeShabu,336518,Preferred(Non-CB),18264445899,❤️ก๋วยเตี๋ยวเรือยองยองซด❤️อร่อยไม่ต้องปรุงเพิ่มผลิตสดใหม่ว่นต่อวันสะอาดซีลทุกถุงเครื่องปรุงแน่น,213306060464,Normal Product,,อาหารและเครื่องดื่ม,อาหารสำเร็จรูป,บะหมี่กึ่งสำเร็จรูป,10,2,คอมมิชชั่นจากร้านค้า,,18,,1.75%,0.315,7.00%,0,0.315,0,0,0,,0,0.00%,0,100.00%,0,สำเร็จ,,คำสั่งซื้อจากร้านค้าต่างกัน,ที่มีอยู่,2599adboostco,paris,mng,m06Nasa1228,,Facebook
25090806FNETXV,สำเร็จ,211006968279279,2025-09-08 12:02:48,2025-09-10 20:35:08,2025-09-08 08:19:33,ZappELeeShabu,336518,Preferred(Non-CB),18264445899,❤️ก๋วยเตี๋ยวเรือยองยองซด❤️อร่อยไม่ต้องปรุงเพิ่มผลิตสดใหม่ว่นต่อวันสะอาดซีลทุกถุงเครื่องปรุงแน่น,213306060456,Normal Product,,อาหารและเครื่องดื่ม,อาหารสำเร็จรูป,บะหมี่กึ่งสำเร็จรูป,10,1,คอมมิชชั่นจากร้านค้า,,9,,1.75%,0.1575,7.00%,0,0.1575,0,0,0,,0,0.00%,0,100.00%,0,สำเร็จ,,คำสั่งซื้อจากร้านค้าต่างกัน,ที่มีอยู่,2599adboostco,paris,mng,m06Nasa1228,,Facebook
25090806FNETXV,สำเร็จ,211006968279279,2025-09-08 12:02:48,2025-09-10 20:35:08,2025-09-08 08:19:33,ZappELeeShabu,336518,Preferred(Non-CB),18264445899,❤️ก๋วยเตี๋ยวเรือยองยองซด❤️อร่อยไม่ต้องปรุงเพิ่มผลิตสดใหม่ว่นต่อวันสะอาดซีลทุกถุงเครื่องปรุงแน่น,213306060458,Normal Product,,อาหารและเครื่องดื่ม,อาหารสำเร็จรูป,บะหมี่กึ่งสำเร็จรูป,10,1,คอมมิชชั่นจากร้านค้า,,9,,1.75%,0.1575,7.00%,0,0.1575,0,0,0,,0,0.00%,0,100.00%,0,สำเร็จ,,คำสั่งซื้อจากร้านค้าต่างกัน,ที่มีอยู่,2599adboostco,paris,mng,m06Nasa1228,,Facebook
25090806FNETXV,สำเร็จ,211006968279279,2025-09-08 12:02:48,2025-09-10 20:35:08,2025-09-08 08:19:33,ZappELeeShabu,336518,Preferred(Non-CB),18264445899,❤️ก๋วยเตี๋ยวเรือยองยองซด❤️อร่อยไม่ต้องปรุงเพิ่มผลิตสดใหม่ว่นต่อวันสะอาดซีลทุกถุงเครื่องปรุงแน่น,213306060462,Normal Product,,อาหารและเครื่องดื่ม,อาหารสำเร็จรูป,บะหมี่กึ่งสำเร็จรูป,10,6,คอมมิชชั่นจากร้านค้า,,54,,1.75%,0.945,7.00%,0,0.945,0,0,0,,0,0.00%,0,100.00%,0,สำเร็จ,,คำสั่งซื้อจากร้านค้าต่างกัน,ที่มีอยู่,2599adboostco,paris,mng,m06Nasa1228,,Facebook
250908067BBKJ0,รอดำเนินการ,211006689241058,2025-09-08 11:58:09,,2025-09-08 11:56:47,h6nluj_yf_,1181801319,C2C(Non-CB),29520236380,🔥YOSONหมวกกันน็อค หมวกกันน๊อก รถจักรยานยนต์ กันลม กันน้ำ ทนต่อการใช้งาน หมวกกันน็อคเต็มใบ แข็งแรงใส่สบายหมวกกันน็อคเต็ม,218559945957,Normal Product,,รถมอเตอร์ไซค์ อะไหล่และอุปกรณ์เสริมมอเตอร์ไซค์,หมวกกันน็อคและอุปกรณ์สวมใส่สำหรับขับขี่,,389,1,คอมมิชชั่นจากร้านค้า,,379,,1.75%,6.6325,9.00%,0,6.6325,6.6325,0,6.6325,,0,0.00%,0,100.00%,6.6325,รอดำเนินการ,สถานะของสินค้านี้คือ อยู่ระหว่างดำเนินการ คอมมิชชั่นจะถูกคำนวณเพื่อจ่ายหลังสถานะเป็นสำเร็จแล้วเท่านั้น,คำสั่งซื้อจากร้านค้าต่างกัน,ที่มีอยู่,2599adboostco,paris,mng,m01KFdika0520,,Facebook
250908064NH3M7,รอดำเนินการ,211006599247903,2025-09-08 11:56:40,,2025-09-08 11:52:04,warmstation.th,76227443,Preferred(CB),21915184795,แผ่นรองฝ่าเท้า กระดูกสันหลังส่วนโค้ง สําหรับผู้ชาย และผู้หญิง,210844042913,Normal Product,,รองเท้าผู้ชาย,อุปกรณ์เสริมสำหรับรองเท้า,แผ่นเสริมส้นรองเท้า,39,1,คอมมิชชั่นจากร้านค้า,,33,,1.75%,0.5775,4.00%,0,0.5775,2.1875,0,2.1875,,0,0.00%,0,100.00%,2.1875,รอดำเนินการ,สถานะของสินค้านี้คือ อยู่ระหว่างดำเนินการ คอมมิชชั่นจะถูกคำนวณเพื่อจ่ายหลังสถานะเป็นสำเร็จแล้วเท่านั้น,คำสั่งซื้อจากร้านค้าต่างกัน,ที่มีอยู่,2599adboostco,paris,mng,m01Tik0803,,Facebook
250908064NH3M7,รอดำเนินการ,211006599247903,2025-09-08 11:56:40,,2025-09-08 11:52:04,warmstation.th,76227443,Preferred(CB),21915184795,แผ่นรองฝ่าเท้า กระดูกสันหลังส่วนโค้ง สําหรับผู้ชาย และผู้หญิง,210844042913,Normal Product,0_336547707027528_1,รองเท้าผู้ชาย,อุปกรณ์เสริมสำหรับรองเท้า,แผ่นเสริมส้นรองเท้า,37.66666,3,คอมมิชชั่นจากร้านค้า,,92,,1.75%,1.61,4.00%,0,1.61,0,0,0,,0,0.00%,0,100.00%,0,รอดำเนินการ,สถานะของสินค้านี้คือ อยู่ระหว่างดำเนินการ คอมมิชชั่นจะถูกคำนวณเพื่อจ่ายหลังสถานะเป็นสำเร็จแล้วเท่านั้น,คำสั่งซื้อจากร้านค้าต่างกัน,ที่มีอยู่,2599adboostco,paris,mng,m01Tik0803,,Facebook
25090806150TJG,รอดำเนินการ,211006481273766,2025-09-08 11:54:42,,2025-09-08 10:01:11,ดาวน้อย//,132036613,Preferred(Non-CB),8224710531,กล่องดินสอเหล็ก กล่องใส่ดินสอ ใส่เครื่องเขียน ปากกา ดินสอ  175A,81088812273,Normal Product,,เครื่องเขียน,อุปกรณ์สำนักงานและโรงเรียน,กล่องดินสอ,82,1,คอมมิชชั่นจากร้านค้า,,82,,1.75%,1.435,4.00%,0,1.435,1.435,0,1.435,,0,0.00%,0,100.00%,1.435,รอดำเนินการ,สถานะของสินค้านี้คือ อยู่ระหว่างดำเนินการ คอมมิชชั่นจะถูกคำนวณเพื่อจ่ายหลังสถานะเป็นสำเร็จแล้วเท่านั้น,คำสั่งซื้อจากร้านค้าต่างกัน,ที่มีอยู่,2599adboostco,paris,mng,m01KFdika0520,,Facebook
250908060Y9XG2,รอดำเนินการ,211006475283247,2025-09-08 11:54:35,,2025-09-08 11:49:16,KONVY_Official Shop,70998059,Shopee Mall(Non-CB),1531951517,Biore Cleansing Water Refill บิโอเร คลีนซิ่งแบบถุงเติม 330ml (Acne Care/Moist Up),224152807103,Normal Product,,ผลิตภัณฑ์บำรุงและเสริมความงาม,เครื่องสําอาง,น้ำยาล้างเครื่องสำอาง,175,1,คอมมิชชั่นจาก Shopee,,148,,1.75%,2.59,0.00%,0,2.59,2.59,0,2.59,,0,0.00%,0,100.00%,2.59,รอดำเนินการ,สถานะของสินค้านี้คือ อยู่ระหว่างดำเนินการ คอมมิชชั่นจะถูกคำนวณเพื่อจ่ายหลังสถานะเป็นสำเร็จแล้วเท่านั้น,คำสั่งซื้อจากร้านค้าต่างกัน,ที่มีอยู่,2599adboostco,paris,mng,m01BMavk0821,,Facebook
250908060D3V23,สำเร็จ,211006456206026,2025-09-08 11:54:15,2025-09-11 12:00:11,2025-09-08 09:26:05,PetStern,262382045,C2C(Non-CB),42055363730,PetStern ของเล่นแมว ไส้แคทนิป ของเล่นแมว ตุ๊กตาปลา มีกระดิ่ง ผ่อนคลายความเครียด Catnip Cat Toy,305452314635,Normal Product,0_323024042000465_1,สัตว์เลี้ยง,อุปกรณ์สำหรับสัตว์เลี้ยง,ของเล่น,38.5,2,คอมมิชชั่นจากร้านค้า,,77,,1.75%,1.3475,4.00%,0,1.3475,1.3475,0,1.3475,,0,0.00%,0,100.00%,1.3475,สำเร็จ,,คำสั่งซื้อจากร้านค้าต่างกัน,ที่มีอยู่,2599adboostco,paris,mng,m01kaofangMeow0303,,Facebook
25090805XE722G,รอดำเนินการ,211006390253775,2025-09-08 11:53:10,,2025-09-08 09:51:09,Chat cosmetics,5537470,Shopee Mall(Non-CB),10302600092,[ในไลฟ์ลด 30% ทุกตัว]ไฮยาน้องฉัตรHYA BOOSTER SERUM[ของแท้100%สั่งผ่านช่องทางบริษัทช่องทางนี้เท่านั้น,25791488070,Normal Product,,ผลิตภัณฑ์บำรุงและเสริมความงาม,ผลิตภัณฑ์บำรุงบริเวณใบหน้า,เซรั่มบำรุงผิวหน้า & น้ำตบ,410,1,คอมมิชชั่นจากร้านค้า,,368,,1.75%,6.44,4.00%,0,6.44,8.015,0,8.015,,0,0.00%,0,100.00%,8.015,รอดำเนินการ,สถานะของสินค้านี้คือ อยู่ระหว่างดำเนินการ คอมมิชชั่นจะถูกคำนวณเพื่อจ่ายหลังสถานะเป็นสำเร็จแล้วเท่านั้น,คำสั่งซื้อจากร้านค้าต่างกัน,ที่มีอยู่,2599adboostco,paris,mng,m01KFdika0520,,Facebook
25090805XE722G,รอดำเนินการ,211006390253775,2025-09-08 11:53:10,,2025-09-08 09:51:09,Chat cosmetics,5537470,Shopee Mall(Non-CB),17971636835,[ในไลฟ์ลด 30%] ไฮยาครีมของแท้ 100% hya cream ส่งตรงจากบริษัท (แบบซอง),116757265414,Normal Product,,ผลิตภัณฑ์บำรุงและเสริมความงาม,ผลิตภัณฑ์บำรุงบริเวณใบหน้า,มอยส์เจอร์ไรเซอร์บำรุงผิวหน้า,99,1,คอมมิชชั่นจากร้านค้า,,90,,1.75%,1.575,4.00%,0,1.575,0,0,0,,0,0.00%,0,100.00%,0,รอดำเนินการ,สถานะของสินค้านี้คือ อยู่ระหว่างดำเนินการ คอมมิชชั่นจะถูกคำนวณเพื่อจ่ายหลังสถานะเป็นสำเร็จแล้วเท่านั้น,คำสั่งซื้อจากร้านค้าต่างกัน,ที่มีอยู่,2599adboostco,paris,mng,m01KFdika0520,,Facebook
25090805WCU4KX,สำเร็จ,211006355264991,2025-09-08 11:52:35,2025-09-09 08:46:19,2025-09-08 11:38:57,KTS STATIONERY(ศูนย์เครื่องเขียน),153415251,C2C(Non-CB),6315593607,"(KTS)กรรไกร ตราช้าง ขนาด 6"" OFB0260",90071528308,Normal Product,,เครื่องเขียน,อุปกรณ์สำนักงานและโรงเรียน,กรรไกร,19,1,คอมมิชชั่นจาก Shopee,,19,,1.75%,0.3325,0.00%,0,0.3325,1.085,0,1.085,,0,0.00%,0,100.00%,1.085,สำเร็จ,,คำสั่งซื้อจากร้านค้าต่างกัน,ที่มีอยู่,2599adboostco,paris,mng,m56Fazzi0830,,Facebook
25090805WCU4KX,สำเร็จ,211006355264991,2025-09-08 11:52:35,2025-09-09 08:46:19,2025-09-08 11:38:57,KTS STATIONERY(ศูนย์เครื่องเขียน),153415251,C2C(Non-CB),11912586419,(KTS)เทปผ้ากาว NUVO ขนาด 1 นิ้ว (24x8 yds) เลือกสีได้ Cloth Tape 555,92877725570,Normal Product,,เครื่องเขียน,อุปกรณ์สำนักงานและโรงเรียน,เชือกฟางและเทปกาว,14,1,คอมมิชชั่นจาก Shopee,,14,,1.75%,0.245,0.00%,0,0.245,0,0,0,,0,0.00%,0,100.00%,0,สำเร็จ,,คำสั่งซื้อจากร้านค้าต่างกัน,ที่มีอยู่,2599adboostco,paris,mng,m56Fazzi0830,,Facebook
25090805WCU4KX,สำเร็จ,211006355264991,2025-09-08 11:52:35,2025-09-09 08:46:19,2025-09-08 11:38:57,KTS STATIONERY(ศูนย์เครื่องเขียน),153415251,C2C(Non-CB),12635823419,(KTS)คลิปสี ขนาด 6 นิ้ว ROBIN NO.063 คละสี,85502221909,Normal Product,,เครื่องเขียน,อุปกรณ์สำนักงานและโรงเรียน,คลิปหนีบและหมุด,29,1,คอมมิชชั่นจาก Shopee,,29,,1.75%,0.5075,0.00%,0,0.5075,0,0,0,,0,0.00%,0,100.00%,0,สำเร็จ,,คำสั่งซื้อจากร้านค้าต่างกัน,ที่มีอยู่,2599adboostco,paris,mng,m56Fazzi0830,,Facebook
25090805SGVJ7S,รอดำเนินการ,211006225282735,2025-09-08 11:50:26,,2025-09-08 11:40:34,All-round car helper,1020340736,C2C(Non-CB),25236646186,น้ํายาเช็ดกระจกรถยนต์ แปรงทําความสะอาดกระจกยานยนต์กระจกฟิล์มน้ํามันทําความสะอาดแว่นตาตัวแทนขัดการบํารุงรักษารถยนต์ ารถปร,223280019094,Normal Product,,รถยนต์ อะไหล่และอุปกรณ์เสริมรถยนต์,ผลิตภัณฑ์ดูแลรถยนต์,ผลิตภัณฑ์ดูแลรักษากระจก,29,1,คอมมิชชั่นจากร้านค้า,,29,,1.75%,0.5075,10.00%,0,0.5075,0.5075,0,0.5075,,0,0.00%,0,100.00%,0.5075,รอดำเนินการ,สถานะของสินค้านี้คือ อยู่ระหว่างดำเนินการ คอมมิชชั่นจะถูกคำนวณเพื่อจ่ายหลังสถานะเป็นสำเร็จแล้วเท่านั้น,คำสั่งซื้อจากร้านค้าต่างกัน,ที่มีอยู่,2599adboostco,paris,mng,m01FahRain0805,,Facebook
25090805M8305C,สำเร็จ,211006048285915,2025-09-08 11:47:29,2025-09-09 08:44:16,2025-09-08 09:10:21,petjungshop,1213579370,Shopee Mall(Non-CB),27007947493,Dermacore COS Spray  รักษาโรคผิวหนังติดเชื้อสัตว์เลี้ยง 20-100ML,148746544970,Normal Product,,สัตว์เลี้ยง,อื่นๆ,,285,1,คอมมิชชั่นจาก Shopee,,199,,1.75%,3.4825,0.00%,0,3.4825,3.4825,0,3.4825,,0,0.00%,0,100.00%,3.4825,สำเร็จ,,คำสั่งซื้อจากร้านค้าต่างกัน,ที่มีอยู่,2599adboostco,paris,mng,m01PetKit0520,,Facebook
25090805H6T3C1,รอดำเนินการ,211005946281974,2025-09-08 11:45:46,,2025-09-08 10:51:35,Auto.decorations.th,1064206138,Preferred(CB),26703584085,Honda pcx 160/forza 350/giorno เคสกุญแจ Honda Vision ตะกั่ว 125 คลิก 160 ฝาครอบกุญแจ,178273136924,Normal Product,,รถยนต์ อะไหล่และอุปกรณ์เสริมรถยนต์,พวงกุญแจรถยนต์และปลอกหุ้ม,,96,1,คอมมิชชั่นจากร้านค้า,,72,,1.75%,1.26,10.00%,0,1.26,2.38,0,2.38,,0,0.00%,0,100.00%,2.38,รอดำเนินการ,สถานะของสินค้านี้คือ อยู่ระหว่างดำเนินการ คอมมิชชั่นจะถูกคำนวณเพื่อจ่ายหลังสถานะเป็นสำเร็จแล้วเท่านั้น,คำสั่งซื้อจากร้านค้าต่างกัน,ที่มีอยู่,2599adboostco,paris,mng,m01BMavk0821,,Facebook
25090805H6T3C1,รอดำเนินการ,211005946281974,2025-09-08 11:45:46,,2025-09-08 10:51:35,Auto.decorations.th,1064206138,Preferred(CB),44100286755,ผ้าขนหนูพิเศษสําหรับทําความสะอาดรถผ้าขนหนูพิเศษคุณภาพสูงสําหรับล้างรถหนาการดูดซึมน้ําที่แข็งแกร่งไม่มีผ้าสําลีไม่มีร่องรอยผ้าเช็,300022377032,Normal Product,,รถยนต์ อะไหล่และอุปกรณ์เสริมรถยนต์,ผลิตภัณฑ์ดูแลรถยนต์,ผลิตภัณฑ์ล้างและเคลือบเงารถยนต์,83,1,คอมมิชชั่นจากร้านค้า,,64,,1.75%,1.12,7.00%,0,1.12,0,0,0,,0,0.00%,0,100.00%,0,รอดำเนินการ,สถานะของสินค้านี้คือ อยู่ระหว่างดำเนินการ คอมมิชชั่นจะถูกคำนวณเพื่อจ่ายหลังสถานะเป็นสำเร็จแล้วเท่านั้น,คำสั่งซื้อจากร้านค้าต่างกัน,ที่มีอยู่,2599adboostco,paris,mng,m01BMavk0821,,Facebook
25090805H6T3C0,รอดำเนินการ,211005946281974,2025-09-08 11:45:46,,2025-09-08 10:51:35,KJI MOTOR,633099571,Preferred(CB),25802136374,สําหรับ Honda LEAD 125 ขาตั้งด้านข้างรองรับขาตั้ง Kick เดี่ยว Foot Extender รองเท้า Enlarger Pad อุปกรณ์เสริม,245055970223,Normal Product,,รถมอเตอร์ไซค์ อะไหล่และอุปกรณ์เสริมมอเตอร์ไซค์,ชิ้นส่วนอะไหล่มอเตอร์ไซค์,ชิ้นส่วนตัวถังมอเตอร์ไซค์,210,1,คอมมิชชั่นจาก Shopee,,161,,1.75%,2.8175,0.00%,0,2.8175,2.8175,0,2.8175,,0,0.00%,0,100.00%,2.8175,รอดำเนินการ,สถานะของสินค้านี้คือ อยู่ระหว่างดำเนินการ คอมมิชชั่นจะถูกคำนวณเพื่อจ่ายหลังสถานะเป็นสำเร็จแล้วเท่านั้น,คำสั่งซื้อจากร้านค้าต่างกัน,ที่มีอยู่,2599adboostco,paris,mng,m01BMavk0821,,Facebook
25090805FRY0NX,รอดำเนินการ,211005898202251,2025-09-08 11:44:58,,2025-09-08 10:45:47,Sipiao facial tissue,1294996630,Shopee Mall(CB),28617150622,6 แพ็คกระดาษทิชชู่แบบนุ่มหนา Sipiao (1323-6) 1328 ชิ้นต่อแพ็ค TH  กระดาษชําระ ทิชชู่แขวนผนัง,128111386891,Normal Product,,เครื่องใช้ในบ้าน,อุปกรณ์ซักรีดและผลิตภัณฑ์ดูแลบ้าน,กระดาษเช็ดหน้า,189,1,ดีลพิเศษเฉพาะคุณ,,160,,1.50%,2.4,10.01%,0,2.4,2.4,0,2.4,,0,0.00%,0,100.00%,2.4,รอดำเนินการ,สถานะของสินค้านี้คือ อยู่ระหว่างดำเนินการ คอมมิชชั่นจะถูกคำนวณเพื่อจ่ายหลังสถานะเป็นสำเร็จแล้วเท่านั้น,คำสั่งซื้อจากร้านค้าต่างกัน,ที่มีอยู่,2599adboostco,paris,mng,m06Nasa1228,,Facebook
25090805CYBMB1,สำเร็จ,211005804246186,2025-09-08 11:43:25,2025-09-09 13:57:18,2025-09-08 11:28:55,CHO-I-CE รองเท้าแตะโชอิเซะ,201852570,Preferred(Non-CB),5284397484,Best Seller🔥รองเท้าแตะรัดส้น CHO-I-CE ลุคคุณหนูเรียบหรูไฮโซ,84406616322,Normal Product,,รองเท้าผู้หญิง,รองเท้าแตะ,รองเท้าแตะหูคีบ,154,1,คอมมิชชั่นจากร้านค้า,,138,,2.00%,2.76,9.00%,12.42,15.18,2.76,12.42,15.18,,0,0.00%,0,100.00%,15.18,สำเร็จ,,สั่งซื้อในร้านค้าเดียวกัน,ที่มีอยู่,2599adboostco,paris,mng,m01YPf0821,,Others
25090805BR7UGN,รอดำเนินการ,211005763230610,2025-09-08 11:42:44,,2025-09-08 08:31:57,Earthman,167004099,Preferred(Non-CB),24752535052,"ฟิล์มห่ออาหาร แรปห่ออาหาร ตราดาว ขนาด 8,10,12 นิ้ว หนา 8mic ใช้ห่ออาหาร ถนอมอาหาร_Earthman",197187822464,Normal Product,,เครื่องใช้ในบ้าน,เครื่องครัว,พลาสติกห่ออาหาร,249,2,คอมมิชชั่นจาก Shopee,,420,,1.50%,6.3,0.00%,0,6.3,6.3,0,6.3,,0,0.00%,0,100.00%,6.3,รอดำเนินการ,สถานะของสินค้านี้คือ อยู่ระหว่างดำเนินการ คอมมิชชั่นจะถูกคำนวณเพื่อจ่ายหลังสถานะเป็นสำเร็จแล้วเท่านั้น,คำสั่งซื้อจากร้านค้าต่างกัน,ที่มีอยู่,2599adboostco,paris,mng,m01jjshop0803,,Facebook
25090805BR7UGM,รอดำเนินการ,211005763230609,2025-09-08 11:42:44,,2025-09-08 08:31:57,WanJai TeaCoffee Roaster,210876905,Preferred(Non-CB),20871341529,"เมล็ดกาแฟคั่ว Brazil Cerrado คั่วระดับกลางเข้ม นมคาราเมล,นัตตี้,ถั่ว WHANJAI TEA COFFEE ROASTER",203729477669,Normal Product,,อาหารและเครื่องดื่ม,เครื่องดื่ม,กาแฟ,340,1,คอมมิชชั่นจากร้านค้า,,287,,1.75%,5.0225,7.00%,0,5.0225,5.0225,0,5.0225,,0,0.00%,0,100.00%,5.0225,รอดำเนินการ,สถานะของสินค้านี้คือ อยู่ระหว่างดำเนินการ คอมมิชชั่นจะถูกคำนวณเพื่อจ่ายหลังสถานะเป็นสำเร็จแล้วเท่านั้น,คำสั่งซื้อจากร้านค้าต่างกัน,ที่มีอยู่,2599adboostco,paris,mng,m01jjshop0803,,Facebook
25090805BR7UGK,รอดำเนินการ,211005763230608,2025-09-08 11:42:44,,2025-09-08 08:31:57,ร้านอุ่นไอรัก,132035331,Preferred(Non-CB),20317771452,🌺🌺พร้อมส่ง Moccona Classic Medium Roas กาแฟมอคโคน่า คลาสสิค มีเดียม ขนาด200กรัมสินค้านำเข้า,210966049719,Normal Product,,อาหารและเครื่องดื่ม,เครื่องดื่ม,กาแฟ,439,1,คอมมิชชั่นจาก Shopee,,370,,1.75%,6.475,0.00%,0,6.475,6.475,0,6.475,,0,0.00%,0,100.00%,6.475,รอดำเนินการ,สถานะของสินค้านี้คือ อยู่ระหว่างดำเนินการ คอมมิชชั่นจะถูกคำนวณเพื่อจ่ายหลังสถานะเป็นสำเร็จแล้วเท่านั้น,คำสั่งซื้อจากร้านค้าต่างกัน,ที่มีอยู่,2599adboostco,paris,mng,m01jjshop0803,,Facebook
25090805BEQGHC,รอดำเนินการ,211005753253052,2025-09-08 11:42:34,,2025-09-08 11:33:20,Super cool_shop,1144590236,C2C(Non-CB),28120127948,หมวกกันน็อค หมวกกันน๊อก รถจักรยานยนต์ กันลม กันน้ำ แข็งแรงใส่สบายหมวกกันน็อคเต็ม ทนต่อการใช้งาน หมวกกันน็อคเต็มใบ,208047752855,Normal Product,,รถมอเตอร์ไซค์ อะไหล่และอุปกรณ์เสริมมอเตอร์ไซค์,หมวกกันน็อคและอุปกรณ์สวมใส่สำหรับขับขี่,,179,1,คอมมิชชั่นจากร้านค้า,,171,,1.75%,2.9925,13.00%,22.23,25.2225,2.9925,22.23,25.2225,,0,0.00%,0,100.00%,25.2225,รอดำเนินการ,สถานะของสินค้านี้คือ อยู่ระหว่างดำเนินการ คอมมิชชั่นจะถูกคำนวณเพื่อจ่ายหลังสถานะเป็นสำเร็จแล้วเท่านั้น,สั่งซื้อในร้านค้าเดียวกัน,ที่มีอยู่,2599adboostco,paris,mng,m01BMavk0821,,Facebook
2509080553M0QV,รอดำเนินการ,211005540288797,2025-09-08 11:39:01,,2025-09-08 11:31:06,Rinda Shop,7801439,Preferred(Non-CB),914796133,ชุดฉีดชำระ ครบชุด วัสดุคุณภาพดี (สีเงิน),12557015135,Normal Product,,เครื่องใช้ในบ้าน,ห้องน้ำ,ฝักบัว ก็อกน้ำ,53,2,คอมมิชชั่นจากร้านค้า,,106,,1.50%,1.59,4.00%,0,1.59,1.59,0,1.59,,0,0.00%,0,100.00%,1.59,รอดำเนินการ,สถานะของสินค้านี้คือ อยู่ระหว่างดำเนินการ คอมมิชชั่นจะถูกคำนวณเพื่อจ่ายหลังสถานะเป็นสำเร็จแล้วเท่านั้น,คำสั่งซื้อจากร้านค้าต่างกัน,ที่มีอยู่,2599adboostco,paris,mng,m01KFdika0520,,Facebook
250908054JEPQV,รอดำเนินการ,211005522280249,2025-09-08 11:38:43,,2025-09-08 11:14:45,Ping.65 Store,369391971,C2C(Non-CB),23459700695,กล่องเก็บนาฬิกา 6 เรือน รุ่นไม้ฮอกกานีอะไหล่เงิน ด้านบนเป็นกระจก กล่องเก็บนาฬิกาสวยหรู,246035600716,Normal Product,,นาฬิกา,อุปกรณ์เสริมสำหรับนาฬิกา,กล่องนาฬิกา,165,1,คอมมิชชั่นจากร้านค้า,,135,,1.75%,2.3625,4.00%,0,2.3625,2.3625,0,2.3625,,0,0.00%,0,100.00%,2.3625,รอดำเนินการ,สถานะของสินค้านี้คือ อยู่ระหว่างดำเนินการ คอมมิชชั่นจะถูกคำนวณเพื่อจ่ายหลังสถานะเป็นสำเร็จแล้วเท่านั้น,คำสั่งซื้อจากร้านค้าต่างกัน,ที่มีอยู่,2599adboostco,paris,mng,m01jjshop0803,,Facebook
250908053PQCV0,สำเร็จ,211005493206175,2025-09-08 11:38:12,2025-09-10 02:48:32,2025-09-08 11:35:45,BEAE VILLAGE,261589184,Preferred(Non-CB),42515286045,【พร้อมส่ง】เข็มขัดยุทธวิธีของแท้ เร็ว ปล่อย เข็มขัดกลางแจ้ง ทหารกลางแจ้ง ไนลอนนุ่ม ไม่ต้องเจาะ ไม่ลอก ทันสมัย ​​สไตล์ฮอต,301262892787,Normal Product,,เครื่องประดับ,เข็มขัด,,28,1,คอมมิชชั่นจาก Shopee,,27,,1.75%,0.4725,0.00%,0,0.4725,0.4725,0,0.4725,,0,0.00%,0,100.00%,0.4725,สำเร็จ,,คำสั่งซื้อจากร้านค้าต่างกัน,ที่มีอยู่,2599adboostco,paris,mng,m01KFdika0520,,Facebook
25090804XTBUFF,รอดำเนินการ,211005329258706,2025-09-08 11:35:30,,2025-09-08 08:13:13,Fingertipsalll.th,1604101927,C2C(CB),42217545758,FIN 1 ชุดกีตาร์เหยียบ 40*13 ซม.DIY กีตาร์ Pedalboard พร้อม Magic Tape TH,218688676167,Normal Product,,งานอดิเรกและของสะสม,เครื่องดนตรีและอุปกรณ์เสริม,เครื่องสาย,186,1,คอมมิชชั่นจาก Shopee,,141,,1.50%,2.115,0.00%,0,2.115,2.115,0,2.115,,0,0.00%,0,100.00%,2.115,รอดำเนินการ,สถานะของสินค้านี้คือ อยู่ระหว่างดำเนินการ คอมมิชชั่นจะถูกคำนวณเพื่อจ่ายหลังสถานะเป็นสำเร็จแล้วเท่านั้น,คำสั่งซื้อจากร้านค้าต่างกัน,ที่มีอยู่,2599adboostco,paris,mng,m56Fazzi0830,,Facebook
25090804XTBUFE,รอดำเนินการ,211005329258706,2025-09-08 11:35:30,,2025-09-08 08:13:13,Gzlangmo,1283689712,C2C(CB),21787634712,"เลกาโต้ Lgs-2 ไฟฟ้าเบสกีตาร์สายรัด 3"" กว้างไหล่เข็มขัด ข้น เมมโมรี่โฟมหนังไนลอนปรับความยาวได้ 6 ข้อ",217656314891,Normal Product,,งานอดิเรกและของสะสม,เครื่องดนตรีและอุปกรณ์เสริม,อุปกรณ์เสริมเครื่องดนตรี,278,1,คอมมิชชั่นจาก Shopee,,211,,1.50%,3.165,0.00%,0,3.165,3.165,0,3.165,,0,0.00%,0,100.00%,3.165,รอดำเนินการ,สถานะของสินค้านี้คือ อยู่ระหว่างดำเนินการ คอมมิชชั่นจะถูกคำนวณเพื่อจ่ายหลังสถานะเป็นสำเร็จแล้วเท่านั้น,คำสั่งซื้อจากร้านค้าต่างกัน,ที่มีอยู่,2599adboostco,paris,mng,m56Fazzi0830,,Facebook
25090804XTBUFD,สำเร็จ,211005329258706,2025-09-08 11:35:30,2025-09-10 04:03:02,2025-09-08 08:13:13,BEFOYI Official Store,284378041,Preferred(CB),20683214608,ซีอีโอ กางเกงสูทผู้ชายธุรกิจตรงหลวมสํานักงานกางเกงบางผ้าไนลอนสีดํายาวกางเกงอย่างเป็นทางการสบายๆขนาดบวก ส3253,39341444862,Normal Product,,เสื้อผ้าผู้ชาย,สูท,กางเกงสูท,178,1,คอมมิชชั่นจากร้านค้า,,130,,1.75%,2.275,7.00%,0,2.275,2.275,0,2.275,,0,0.00%,0,100.00%,2.275,สำเร็จ,,คำสั่งซื้อจากร้านค้าต่างกัน,ที่มีอยู่,2599adboostco,paris,mng,m56Fazzi0830,,Facebook
25090804X88TU6,สำเร็จ,211005310277729,2025-09-08 11:35:11,2025-09-11 07:54:09,2025-09-08 10:37:40,Saisabuy_Shop,1054894061,Preferred(Non-CB),14299462190,🚀🚀 พร้อมส่ง กางเกงในทอมในไม่มีเป้า สำหรับสาวหล่อ Bradeni 3019 🚹🚹🚹,222013054603,Normal Product,,เสื้อผ้าผู้ชาย,ชุดชั้นในชาย,กางเกงใน,39,1,คอมมิชชั่นจาก Shopee,,33,,1.75%,0.5775,0.00%,0,0.5775,2.3275,0,2.3275,,0,0.00%,0,100.00%,2.3275,สำเร็จ,,คำสั่งซื้อจากร้านค้าต่างกัน,ที่มีอยู่,2599adboostco,paris,mng,m01KFdika0520,,Facebook
25090804X88TU6,สำเร็จ,211005310277729,2025-09-08 11:35:11,2025-09-11 07:54:09,2025-09-08 10:37:40,Saisabuy_Shop,1054894061,Preferred(Non-CB),23679910699,🚀🚀 พร้อมส่ง กางเกงในทอมในไม่มีเป้า สำหรับสาวหล่อ Bradeni 4023  🚹🚹🚹,127699344872,Normal Product,,เสื้อผ้าผู้ชาย,ชุดชั้นในชาย,กางเกงใน,39,1,คอมมิชชั่นจาก Shopee,,33,,1.75%,0.5775,0.00%,0,0.5775,0,0,0,,0,0.00%,0,100.00%,0,สำเร็จ,,คำสั่งซื้อจากร้านค้าต่างกัน,ที่มีอยู่,2599adboostco,paris,mng,m01KFdika0520,,Facebook
25090804X88TU6,สำเร็จ,211005310277729,2025-09-08 11:35:11,2025-09-11 07:54:09,2025-09-08 10:37:40,Saisabuy_Shop,1054894061,Preferred(Non-CB),14299462190,🚀🚀 พร้อมส่ง กางเกงในทอมในไม่มีเป้า สำหรับสาวหล่อ Bradeni 3019 🚹🚹🚹,222013054601,Normal Product,,เสื้อผ้าผู้ชาย,ชุดชั้นในชาย,กางเกงใน,39,1,คอมมิชชั่นจาก Shopee,,34,,1.75%,0.595,0.00%,0,0.595,0,0,0,,0,0.00%,0,100.00%,0,สำเร็จ,,คำสั่งซื้อจากร้านค้าต่างกัน,ที่มีอยู่,2599adboostco,paris,mng,m01KFdika0520,,Facebook
25090804X88TU6,สำเร็จ,211005310277729,2025-09-08 11:35:11,2025-09-11 07:54:09,2025-09-08 10:37:40,Saisabuy_Shop,1054894061,Preferred(Non-CB),14299462190,🚀🚀 พร้อมส่ง กางเกงในทอมในไม่มีเป้า สำหรับสาวหล่อ Bradeni 3019 🚹🚹🚹,222013054602,Normal Product,,เสื้อผ้าผู้ชาย,ชุดชั้นในชาย,กางเกงใน,39,1,คอมมิชชั่นจาก Shopee,,33,,1.75%,0.5775,0.00%,0,0.5775,0,0,0,,0,0.00%,0,100.00%,0,สำเร็จ,,คำสั่งซื้อจากร้านค้าต่างกัน,ที่มีอยู่,2599adboostco,paris,mng,m01KFdika0520,,Facebook
25090804W7SV6B,รอดำเนินการ,211005276233825,2025-09-08 11:34:36,,2025-09-08 11:11:46,Dollar Pettie,431678659,C2C(Non-CB),28416736806,ทรายแมวเต้าหู้ 14L ทรายแมว ผสมทรายแมวเต้าหู้ ทรายเต้าหู้ ชักโครกแบบล้างได้ ดับกลิ่นได้,246965589805,Normal Product,,สัตว์เลี้ยง,ห้องน้ำและทราย,ทรายแมวและกระบะทรายแมว,79,2,คอมมิชชั่นจากร้านค้า,,137,,1.75%,2.3975,9.00%,0,2.3975,2.3975,0,2.3975,,0,0.00%,0,100.00%,2.3975,รอดำเนินการ,สถานะของสินค้านี้คือ อยู่ระหว่างดำเนินการ คอมมิชชั่นจะถูกคำนวณเพื่อจ่ายหลังสถานะเป็นสำเร็จแล้วเท่านั้น,คำสั่งซื้อจากร้านค้าต่างกัน,ที่มีอยู่,2599adboostco,paris,mng,m01kaofangMeow0303,,Facebook
25090804TE6U96,สำเร็จ,211005182288237,2025-09-08 11:33:02,2025-09-10 14:25:20,2025-09-08 11:30:25,Accompany for life,1339657940,Preferred(Non-CB),27262261415,ชามกันมด แมว ชามอาหารแมว ชามอาหารสัตว์เลี้ยง ทรงเฉียง ชามอาหารสุนัข ที่วางอาหารสัตว์เลี้ยง เครื่องให้อาหารสัตว์เลี้ยง,246660507383,Normal Product,,สัตว์เลี้ยง,อุปกรณ์สำหรับสัตว์เลี้ยง,ชามและเครื่องให้อาหาร,17,1,คอมมิชชั่นจากร้านค้า,,17,,1.75%,0.2975,9.00%,0,0.2975,0.8575,0,0.8575,,0,0.00%,0,100.00%,0.8575,สำเร็จ,,คำสั่งซื้อจากร้านค้าต่างกัน,ที่มีอยู่,2599adboostco,paris,mng,m01kaofangMeow0303,,Facebook
25090804TE6U96,สำเร็จ,211005182288237,2025-09-08 11:33:02,2025-09-10 14:25:20,2025-09-08 11:30:25,Accompany for life,1339657940,Preferred(Non-CB),27262261415,ชามกันมด แมว ชามอาหารแมว ชามอาหารสัตว์เลี้ยง ทรงเฉียง ชามอาหารสุนัข ที่วางอาหารสัตว์เลี้ยง เครื่องให้อาหารสัตว์เลี้ยง,246660507385,Normal Product,,สัตว์เลี้ยง,อุปกรณ์สำหรับสัตว์เลี้ยง,ชามและเครื่องให้อาหาร,17,1,คอมมิชชั่นจากร้านค้า,,16,,1.75%,0.28,9.00%,0,0.28,0,0,0,,0,0.00%,0,100.00%,0,สำเร็จ,,คำสั่งซื้อจากร้านค้าต่างกัน,ที่มีอยู่,2599adboostco,paris,mng,m01kaofangMeow0303,,Facebook
25090804TE6U96,สำเร็จ,211005182288237,2025-09-08 11:33:02,2025-09-10 14:25:20,2025-09-08 11:30:25,Accompany for life,1339657940,Preferred(Non-CB),27262261415,ชามกันมด แมว ชามอาหารแมว ชามอาหารสัตว์เลี้ยง ทรงเฉียง ชามอาหารสุนัข ที่วางอาหารสัตว์เลี้ยง เครื่องให้อาหารสัตว์เลี้ยง,246660507386,Normal Product,,สัตว์เลี้ยง,อุปกรณ์สำหรับสัตว์เลี้ยง,ชามและเครื่องให้อาหาร,17,1,คอมมิชชั่นจากร้านค้า,,16,,1.75%,0.28,9.00%,0,0.28,0,0,0,,0,0.00%,0,100.00%,0,สำเร็จ,,คำสั่งซื้อจากร้านค้าต่างกัน,ที่มีอยู่,2599adboostco,paris,mng,m01kaofangMeow0303,,Facebook
25090804SPC9FH,สำเร็จ,211005157295655,2025-09-08 11:32:37,2025-09-11 14:33:04,2025-09-08 09:24:33,LISBCO,80614387,Preferred(Non-CB),12968261503,เมล็ดฟักทองแกะเปลือก 1 กก. อบ / ดิบ Pumpkin Seeds 1 kg. Grade AA+ Roasted / Raw เม็ดฟักทอง ใหม่,243668645414,Normal Product,,อาหารและเครื่องดื่ม,ขนมขบเคี้ยว,เมล็ดธัญพืช,52,1,คอมมิชชั่นจากร้านค้า,,47,,1.75%,0.8225,4.00%,0,0.8225,0.8225,0,0.8225,,0,0.00%,0,100.00%,0.8225,สำเร็จ,,คำสั่งซื้อจากร้านค้าต่างกัน,ที่มีอยู่,2599adboostco,paris,mng,m02Rooftop0706,,Facebook
25090804QHMDTS,รอดำเนินการ,211005085213316,2025-09-08 11:31:25,,2025-09-06 20:44:33,Sinsawatt,63185803,Preferred(Non-CB),24403599410,Lactacyd แลคตาซิด ผลิตภัณฑ์ล้างจุดซ่อนเร้น 150ml,108262849346,Normal Product,,กลุ่มผลิตภัณฑ์เพื่อสุขภาพ,ของใช้ส่วนตัว,ผลิตภัณฑ์สำหรับผู้หญิง,95,1,คอมมิชชั่นจาก Shopee,,95,,1.50%,1.425,0.00%,0,1.425,1.425,0,1.425,,0,0.00%,0,100.00%,1.425,รอดำเนินการ,สถานะของสินค้านี้คือ อยู่ระหว่างดำเนินการ คอมมิชชั่นจะถูกคำนวณเพื่อจ่ายหลังสถานะเป็นสำเร็จแล้วเท่านั้น,คำสั่งซื้อจากร้านค้าต่างกัน,ที่มีอยู่,2599adboostco,paris,mng,m06NOV0904,,Facebook
25090804KKS6Q4,รอดำเนินการ,211004953256678,2025-09-08 11:29:14,,2025-09-08 11:26:38,9STORE BY CATZA MEOW Official,289705092,C2C(Non-CB),14283000817,MEOW ทรายแมวเต้าหู้ 10 ลิตร / ทรายแมวมันเต้า MEOW ออแกนิก 100% ทิ้งชักโครกได้,245008957087,Normal Product,,สัตว์เลี้ยง,ห้องน้ำและทราย,ทรายแมวและกระบะทรายแมว,319,1,คอมมิชชั่นจากร้านค้า,,287,,1.75%,5.0225,8.00%,22.96,27.9825,5.0225,22.96,27.9825,,0,0.00%,0,100.00%,27.9825,รอดำเนินการ,สถานะของสินค้านี้คือ อยู่ระหว่างดำเนินการ คอมมิชชั่นจะถูกคำนวณเพื่อจ่ายหลังสถานะเป็นสำเร็จแล้วเท่านั้น,สั่งซื้อในร้านค้าเดียวกัน,ที่มีอยู่,2599adboostco,paris,mng,m01kaofangMeow0303,,Facebook
25090804DVNE50,สำเร็จ,211004761238942,2025-09-08 11:26:01,2025-09-10 12:25:22,2025-09-08 10:02:07,PRO HOME,556906725,Preferred(Non-CB),25003536160,Prohome ช้อนใส่รองเท้า ความยาว 63cm ที่ช่วยการสวมรองเท้าได้ไว  Shoe Horn Long Handle,250094829456,Normal Product,0_349915251671285_1,รองเท้าผู้ชาย,อุปกรณ์เสริมสำหรับรองเท้า,อื่นๆ,36.10843,1,คอมมิชชั่นจาก Shopee,,34.10843,,1.75%,0.59689,0.00%,0,0.59689,2.85652,0,2.85652,,0,0.00%,0,100.00%,2.85652,สำเร็จ,,คำสั่งซื้อจากร้านค้าต่างกัน,ที่มีอยู่,2599adboostco,paris,mng,m01FahRain0805,,Facebook
25090804DVNE50,สำเร็จ,211004761238942,2025-09-08 11:26:01,2025-09-10 12:25:22,2025-09-08 10:02:07,PRO HOME,556906725,Preferred(Non-CB),10182811902,หินลับมีด ลับได้ เครื่องลับมีด แท่นลับมีด ที่ลับมีด อุปกรณ์ลับมีด  / Knife sharpener,141762890195,Normal Product,,เครื่องใช้ในบ้าน,เครื่องครัว,มีดและกรรไกร,38,1,คอมมิชชั่นจาก Shopee,,36,,1.50%,0.54,0.00%,0,0.54,0,0,0,,0,0.00%,0,100.00%,0,สำเร็จ,,คำสั่งซื้อจากร้านค้าต่างกัน,ที่มีอยู่,2599adboostco,paris,mng,m01FahRain0805,,Facebook
25090804DVNE50,สำเร็จ,211004761238942,2025-09-08 11:26:01,2025-09-10 12:25:22,2025-09-08 10:02:07,PRO HOME,556906725,Preferred(Non-CB),12889002799,อุปกรณ์เสริมรองเท้าผ้าใบ กันรองเท้ากัด กันหลวม มีความหนา2ระดับ heel sticker,153960083065,Normal Product,,รองเท้าผู้หญิง,รองเท้าส้นสูง,,15,2,คอมมิชชั่นจาก Shopee,,29,,2.00%,0.58,0.00%,0,0.58,0,0,0,,0,0.00%,0,100.00%,0,สำเร็จ,,คำสั่งซื้อจากร้านค้าต่างกัน,ที่มีอยู่,2599adboostco,paris,mng,m01FahRain0805,,Facebook
25090804DVNE50,สำเร็จ,211004761238942,2025-09-08 11:26:01,2025-09-10 12:25:22,2025-09-08 10:02:07,PRO HOME,556906725,Preferred(Non-CB),13791673113,สายรัดซิลิโคน อุปกรณ์สำหรับรัดสายหูฟัง  ที่เก็บสายดาต้า silicone cable winder,106574658623,Normal Product,,มือถือและอุปกรณ์เสริม,อุปกรณ์เสริม,สายชาร์จและตัวแปลง,5,1,คอมมิชชั่นจาก Shopee,,5,,1.50%,0.075,0.00%,0,0.075,0,0,0,,0,0.00%,0,100.00%,0,สำเร็จ,,คำสั่งซื้อจากร้านค้าต่างกัน,ที่มีอยู่,2599adboostco,paris,mng,m01FahRain0805,,Facebook
25090804DVNE50,สำเร็จ,211004761238942,2025-09-08 11:26:01,2025-09-10 12:25:22,2025-09-08 10:02:07,PRO HOME,556906725,Preferred(Non-CB),13791673113,สายรัดซิลิโคน อุปกรณ์สำหรับรัดสายหูฟัง  ที่เก็บสายดาต้า silicone cable winder,106574658623,Normal Product,0_349915251671285_1,มือถือและอุปกรณ์เสริม,อุปกรณ์เสริม,สายชาร์จและตัวแปลง,4.87951,3,คอมมิชชั่นจาก Shopee,,14.63855,,1.50%,0.21957,0.00%,0,0.21957,0,0,0,,0,0.00%,0,100.00%,0,สำเร็จ,,คำสั่งซื้อจากร้านค้าต่างกัน,ที่มีอยู่,2599adboostco,paris,mng,m01FahRain0805,,Facebook
25090804DVNE50,สำเร็จ,211004761238942,2025-09-08 11:26:01,2025-09-10 12:25:22,2025-09-08 10:02:07,PRO HOME,556906725,Preferred(Non-CB),20486448552,Prohome ปลอกหุ้มล้อกระเป๋าเดินทาง 8 ชิ้น ต่อชุด ลดเสียงรบกวน ปกป้องล้อ Luggage Wheels Cover,109048512750,Normal Product,0_349915251671285_1,กระเป๋าเดินทาง,อุปกรณ์เสริมสำหรับเดินทาง,ผ้าคลุมกระเป๋าเดินทาง,30.25301,1,คอมมิชชั่นจาก Shopee,,28.25301,,2.00%,0.56506,0.00%,0,0.56506,0,0,0,,0,0.00%,0,100.00%,0,สำเร็จ,,คำสั่งซื้อจากร้านค้าต่างกัน,ที่มีอยู่,2599adboostco,paris,mng,m01FahRain0805,,Facebook
25090804DVNE50,สำเร็จ,211004761238942,2025-09-08 11:26:01,2025-09-10 12:25:22,2025-09-08 10:02:07,PRO HOME,556906725,Preferred(Non-CB),24488131221,Prohome กิ๊บม้วนผม ยกโคนผม การจัดแต่งทรงผม ให้ผมดูมีมิติ หนาฟู Hairpin comb,251982136751,Normal Product,,ผลิตภัณฑ์บำรุงและเสริมความงาม,เครื่องมือแต่งหน้า,เครื่องทำผม,16,1,คอมมิชชั่นจาก Shopee,,16,,1.75%,0.28,0.00%,0,0.28,0,0,0,,0,0.00%,0,100.00%,0,สำเร็จ,,คำสั่งซื้อจากร้านค้าต่างกัน,ที่มีอยู่,2599adboostco,paris,mng,m01FahRain0805,,Facebook
25090804DFBT7Y,รอดำเนินการ,211004747297391,2025-09-08 11:25:47,,2025-09-08 11:23:00,3M Auto Flagship Store,340998316,Shopee Mall(Non-CB),6463633991,3M สเปรย์เคลือบเงา สูตรเสริมความเงา ขนาด 400 ml. GLOSS ENHANCER PN39034LT,61875462821,Normal Product,,รถยนต์ อะไหล่และอุปกรณ์เสริมรถยนต์,ผลิตภัณฑ์ดูแลรถยนต์,ผลิตภัณฑ์ล้างและเคลือบเงารถยนต์,139,1,คอมมิชชั่นจาก Shopee,,125,,1.75%,2.1875,0.00%,0,2.1875,2.1875,0,2.1875,,0,0.00%,0,100.00%,2.1875,รอดำเนินการ,สถานะของสินค้านี้คือ อยู่ระหว่างดำเนินการ คอมมิชชั่นจะถูกคำนวณเพื่อจ่ายหลังสถานะเป็นสำเร็จแล้วเท่านั้น,คำสั่งซื้อจากร้านค้าต่างกัน,ที่มีอยู่,2599adboostco,paris,mng,m56ProwaVDO0905,,Facebook
25090804BN5500,รอดำเนินการ,211004686252757,2025-09-08 11:24:47,,2025-09-08 09:45:47,Sunday Review,1367156890,Preferred(Non-CB),29869845716,พร้อมส่งจากกทม เข้ารูป เสื้อครอปน่ารักๆ เสื้อกล้ามผู้หญิง สื้อสายเดี่ยวผู้หญิง เย็นและหวานแบบไม่มีหลัง,237115454918,Normal Product,,เสื้อผ้าผู้หญิง,เสื้อ,เสื้อกล้าม/สายเดี่ยว,66,1,คอมมิชชั่นจาก Shopee,,65,,1.50%,0.975,0.00%,0,0.975,0.975,0,0.975,,0,0.00%,0,100.00%,0.975,รอดำเนินการ,สถานะของสินค้านี้คือ อยู่ระหว่างดำเนินการ คอมมิชชั่นจะถูกคำนวณเพื่อจ่ายหลังสถานะเป็นสำเร็จแล้วเท่านั้น,คำสั่งซื้อจากร้านค้าต่างกัน,ที่มีอยู่,2599adboostco,paris,mng,m01kaofangMeow0303,,Facebook
25090804B8Q8D8,รอดำเนินการ,211004673210446,2025-09-08 11:24:33,,2025-09-08 11:00:24,MALL7-11,147967854,Preferred(Non-CB),27117338953,7277 หม้อ หม้อสแตนเลส 3in1 หม้ออเนกประสงค์ ทอด/แกง/ต้ม/นึ่ง/ลวก มีด้ามจับ,217968453114,Normal Product,,เครื่องใช้ในบ้าน,เครื่องครัว,หม้อ,152,1,คอมมิชชั่นจากร้านค้า,,136,,1.50%,2.04,7.00%,0,2.04,2.04,0,2.04,,0,0.00%,0,100.00%,2.04,รอดำเนินการ,สถานะของสินค้านี้คือ อยู่ระหว่างดำเนินการ คอมมิชชั่นจะถูกคำนวณเพื่อจ่ายหลังสถานะเป็นสำเร็จแล้วเท่านั้น,คำสั่งซื้อจากร้านค้าต่างกัน,ที่มีอยู่,2599adboostco,paris,mng,m01FahRain0805,,Facebook
250908047DPC0G,สำเร็จ,211004544214588,2025-09-08 11:22:24,2025-09-10 23:48:59,2025-09-08 11:19:39,babylon-TH,242377652,Preferred(Non-CB),24330483071,หมวกกันน็อคเด็ก 2 -16 ขวบ หมวกกันน็อคครึ่งใบ หมวกกันน็อคเต็มใบ สำหรับเด็ก สไตล์การ์ตูน ระบายอากาศดี,226330679945,Normal Product,,รถมอเตอร์ไซค์ อะไหล่และอุปกรณ์เสริมมอเตอร์ไซค์,หมวกกันน็อคและอุปกรณ์สวมใส่สำหรับขับขี่,,118,1,คอมมิชชั่นจากร้านค้า,,100,,1.75%,1.75,10.00%,0,1.75,3.4825,0,3.4825,,0,0.00%,0,100.00%,3.4825,สำเร็จ,,คำสั่งซื้อจากร้านค้าต่างกัน,ที่มีอยู่,2599adboostco,paris,mng,m01KFdika0520,,Facebook
250908047DPC0G,สำเร็จ,211004544214588,2025-09-08 11:22:24,2025-09-10 23:48:59,2025-09-08 11:19:39,babylon-TH,242377652,Preferred(Non-CB),24330483071,หมวกกันน็อคเด็ก 2 -16 ขวบ หมวกกันน็อคครึ่งใบ หมวกกันน็อคเต็มใบ สำหรับเด็ก สไตล์การ์ตูน ระบายอากาศดี,226330679947,Normal Product,,รถมอเตอร์ไซค์ อะไหล่และอุปกรณ์เสริมมอเตอร์ไซค์,หมวกกันน็อคและอุปกรณ์สวมใส่สำหรับขับขี่,,119,1,คอมมิชชั่นจากร้านค้า,,99,,1.75%,1.7325,10.00%,0,1.7325,0,0,0,,0,0.00%,0,100.00%,0,สำเร็จ,,คำสั่งซื้อจากร้านค้าต่างกัน,ที่มีอยู่,2599adboostco,paris,mng,m01KFdika0520,,Facebook
25090804566AVN,สำเร็จ,211004469233735,2025-09-08 11:21:09,2025-09-10 12:10:26,2025-09-08 10:30:35,Yuedpao - ยืดเปล่า Official Store,240723932,Shopee Mall(Non-CB),41400048187,Yuedpao Sportswear เสื้อออกกำลังกายแขนกุด เสื้อกีฬา เสื้อกล้ามออกกำลังกาย เสื้อสำหรับวิ่ง Ultra Flow Sleeveless,300002801473,Normal Product,,กีฬาและกิจกรรมกลางแจ้ง,เสื้อผ้ากีฬา,เสื้อกีฬา,144,1,คอมมิชชั่นจากร้านค้า,,124,,1.75%,2.17,10.00%,12.4,14.57,2.17,12.4,14.57,,0,0.00%,0,100.00%,14.57,สำเร็จ,,สั่งซื้อในร้านค้าเดียวกัน,ที่มีอยู่,2599adboostco,paris,mng,m01YPf0821,,Facebook
250908044K49PR,รอดำเนินการ,211004449243219,2025-09-08 11:20:50,,2025-09-08 07:05:20,ZeedaOfficial,431755133,C2C(Non-CB),9249003365,"ZEEDA SILKY COAT LIP MATTE (ลิปกันน้ำ, ไม่ติด mask)",230688363760,Normal Product,0_368764726489281_1,ผลิตภัณฑ์บำรุงและเสริมความงาม,เครื่องสําอาง,เครื่องสำอางสำหรับริมฝีปาก,75.93309,1,คอมมิชชั่นจากร้านค้า,,68.93309,,1.75%,1.20632,20.00%,0,1.20632,3.56999,0,3.56999,,0,0.00%,0,100.00%,3.56999,รอดำเนินการ,สถานะของสินค้านี้คือ อยู่ระหว่างดำเนินการ คอมมิชชั่นจะถูกคำนวณเพื่อจ่ายหลังสถานะเป็นสำเร็จแล้วเท่านั้น,คำสั่งซื้อจากร้านค้าต่างกัน,ที่มีอยู่,2599adboostco,paris,mng,m01KFdika0520,,Facebook
250908044K49PR,รอดำเนินการ,211004449243219,2025-09-08 11:20:50,,2025-09-08 07:05:20,ZeedaOfficial,431755133,C2C(Non-CB),9249003365,"ZEEDA SILKY COAT LIP MATTE (ลิปกันน้ำ, ไม่ติด mask)",230688363765,Normal Product,0_368764726489281_1,ผลิตภัณฑ์บำรุงและเสริมความงาม,เครื่องสําอาง,เครื่องสำอางสำหรับริมฝีปาก,151.0669,1,คอมมิชชั่นจากร้านค้า,,135.0669,,1.75%,2.36367,20.00%,0,2.36367,0,0,0,,0,0.00%,0,100.00%,0,รอดำเนินการ,สถานะของสินค้านี้คือ อยู่ระหว่างดำเนินการ คอมมิชชั่นจะถูกคำนวณเพื่อจ่ายหลังสถานะเป็นสำเร็จแล้วเท่านั้น,คำสั่งซื้อจากร้านค้าต่างกัน,ที่มีอยู่,2599adboostco,paris,mng,m01KFdika0520,,Facebook
250908044BFP68,รอดำเนินการ,211004441238466,2025-09-08 11:20:41,,2025-09-08 11:03:49,Earngarden,236315248,C2C(Non-CB),24352569358,กุหลาบปาตี้ทามดอกสวยมากดอกใหญ่มาก,255068381873,Normal Product,,เครื่องใช้ในบ้าน,สวน,ต้นไม้,150,1,คอมมิชชั่นจากร้านค้า,,120,,1.50%,1.8,7.00%,0,1.8,3.6,0,3.6,,0,0.00%,0,100.00%,3.6,รอดำเนินการ,สถานะของสินค้านี้คือ อยู่ระหว่างดำเนินการ คอมมิชชั่นจะถูกคำนวณเพื่อจ่ายหลังสถานะเป็นสำเร็จแล้วเท่านั้น,คำสั่งซื้อจากร้านค้าต่างกัน,ที่มีอยู่,2599adboostco,paris,mng,m01Tik0803,,Facebook
250908044BFP68,รอดำเนินการ,211004441238466,2025-09-08 11:20:41,,2025-09-08 11:03:49,Earngarden,236315248,C2C(Non-CB),5860641588,กุหลาบดับเบิ้ลดีไลน์ดอกหอมเลี้ยงง่าย,41644999007,Normal Product,,เครื่องใช้ในบ้าน,สวน,ต้นไม้,150,1,คอมมิชชั่นจากร้านค้า,,120,,1.50%,1.8,7.00%,0,1.8,0,0,0,,0,0.00%,0,100.00%,0,รอดำเนินการ,สถานะของสินค้านี้คือ อยู่ระหว่างดำเนินการ คอมมิชชั่นจะถูกคำนวณเพื่อจ่ายหลังสถานะเป็นสำเร็จแล้วเท่านั้น,คำสั่งซื้อจากร้านค้าต่างกัน,ที่มีอยู่,2599adboostco,paris,mng,m01Tik0803,,Facebook
2509080447N0E4,รอดำเนินการ,211004437216657,2025-09-08 11:20:36,,2025-09-08 10:47:19,mangongtong,65173690,Preferred(Non-CB),26967157450,หมวกเบสบอล แบบนิ่ม ปักColobn Flower มี7สี  คุณภาพสู สไตล์เกาหลี,237003271843,Normal Product,,เครื่องประดับ,หมวก,,69,1,คอมมิชชั่นจากร้านค้า,,65,,1.75%,1.1375,10.00%,0,1.1375,1.1375,0,1.1375,,0,0.00%,0,100.00%,1.1375,รอดำเนินการ,สถานะของสินค้านี้คือ อยู่ระหว่างดำเนินการ คอมมิชชั่นจะถูกคำนวณเพื่อจ่ายหลังสถานะเป็นสำเร็จแล้วเท่านั้น,คำสั่งซื้อจากร้านค้าต่างกัน,ที่มีอยู่,2599adboostco,paris,mng,m01KFdika0520,,Facebook
250908042144SK,รอดำเนินการ,211004363265708,2025-09-08 11:19:23,,2025-09-08 11:15:46,MS AUTO PARTS STORE,751490448,Preferred(Non-CB),25780204122,Valeo ใบปัดน้ำฝน แบบก้านเหล็ก แบบคู่ ขนาด 22/19 MITSUBISHI PAJERO SPORT  (ราคาต่อ 2 ชิ้น),217623166337,Normal Product,,รถยนต์ อะไหล่และอุปกรณ์เสริมรถยนต์,ชิ้นส่วนอะไหล่รถยนต์,ที่ปัดน้ำฝน และตัวชะล้าง,189,1,คอมมิชชั่นจาก Shopee,,170,,1.75%,2.975,0.00%,0,2.975,2.975,0,2.975,,0,0.00%,0,100.00%,2.975,รอดำเนินการ,สถานะของสินค้านี้คือ อยู่ระหว่างดำเนินการ คอมมิชชั่นจะถูกคำนวณเพื่อจ่ายหลังสถานะเป็นสำเร็จแล้วเท่านั้น,คำสั่งซื้อจากร้านค้าต่างกัน,ที่มีอยู่,2599adboostco,paris,mng,m01FahRain0805,,Facebook
250908040DKRNR,รอดำเนินการ,211004309247769,2025-09-08 11:18:30,,2025-09-08 10:28:07,zymello.th,237301900,Preferred(CB),24093644447,สําหรับ OPPO Reno 14F Reno 14Pro Reno 13F Reno 13 Pro Reno12F Reno12 Pro Reno 11F Reno 11 Reno 10 Reno 8T Reno 8Z Reno 7Z Reno7 ,208392861465,Normal Product,,มือถือและอุปกรณ์เสริม,อุปกรณ์เสริม,เคสมือถือและแท็บเล็ต,35,1,คอมมิชชั่นจากร้านค้า,,34,,1.50%,0.51,6.00%,0,0.51,1.08,0,1.08,,0,0.00%,0,100.00%,1.08,รอดำเนินการ,สถานะของสินค้านี้คือ อยู่ระหว่างดำเนินการ คอมมิชชั่นจะถูกคำนวณเพื่อจ่ายหลังสถานะเป็นสำเร็จแล้วเท่านั้น,คำสั่งซื้อจากร้านค้าต่างกัน,ที่มีอยู่,2599adboostco,paris,mng,m01jjshop0803,,Facebook
250908040DKRNR,รอดำเนินการ,211004309247769,2025-09-08 11:18:30,,2025-09-08 10:28:07,zymello.th,237301900,Preferred(CB),43061004234,สําหรับ OPPO Reno14F Reno14 Pro Reno 13F Reno13 Pro Reno12 F Reno 11F Reno10 Reno8Z Reno7Z Reno8T Reno5 Reno4 Reno6z น่ารักการ์ต,157901983204,Normal Product,,มือถือและอุปกรณ์เสริม,อุปกรณ์เสริม,เคสมือถือและแท็บเล็ต,19,1,คอมมิชชั่นจากร้านค้า,,19,,1.50%,0.285,6.00%,0,0.285,0,0,0,,0,0.00%,0,100.00%,0,รอดำเนินการ,สถานะของสินค้านี้คือ อยู่ระหว่างดำเนินการ คอมมิชชั่นจะถูกคำนวณเพื่อจ่ายหลังสถานะเป็นสำเร็จแล้วเท่านั้น,คำสั่งซื้อจากร้านค้าต่างกัน,ที่มีอยู่,2599adboostco,paris,mng,m01jjshop0803,,Facebook
250908040DKRNR,รอดำเนินการ,211004309247769,2025-09-08 11:18:30,,2025-09-08 10:28:07,zymello.th,237301900,Preferred(CB),43061004234,สําหรับ OPPO Reno14F Reno14 Pro Reno 13F Reno13 Pro Reno12 F Reno 11F Reno10 Reno8Z Reno7Z Reno8T Reno5 Reno4 Reno6z น่ารักการ์ต,248692918272,Normal Product,,มือถือและอุปกรณ์เสริม,อุปกรณ์เสริม,เคสมือถือและแท็บเล็ต,19,1,คอมมิชชั่นจากร้านค้า,,19,,1.50%,0.285,6.00%,0,0.285,0,0,0,,0,0.00%,0,100.00%,0,รอดำเนินการ,สถานะของสินค้านี้คือ อยู่ระหว่างดำเนินการ คอมมิชชั่นจะถูกคำนวณเพื่อจ่ายหลังสถานะเป็นสำเร็จแล้วเท่านั้น,คำสั่งซื้อจากร้านค้าต่างกัน,ที่มีอยู่,2599adboostco,paris,mng,m01jjshop0803,,Facebook
25090803Y6FCM4,ยกเลิก,211004268203366,2025-09-08 11:17:48,--,2025-09-08 11:16:56,"ล้อมวง-ขายถั่ว, ธัญพืช, ขนม",83648539,Preferred(Non-CB),18977866324,ธัญพืชรวม 9 ชนิด 500 กรัม by ล้อมวง ธัญพืช 9 เซียน มะม่วงหิมพานต์ อัลมอนด์ ถั่วรวม ถั่ว,156789137513,Normal Product,,อาหารและเครื่องดื่ม,ขนมขบเคี้ยว,ถั่ว,149,0,คอมมิชชั่นจาก Shopee,,0,134,0.00%,0,0.00%,0,0,0,0,0,,0,0.00%,0,100.00%,0,ยกเลิก,ผู้ซื้อยกเลิกคำสั่งซื้อ.,สั่งซื้อในร้านค้าเดียวกัน,ที่มีอยู่,,,,,,Shopeevideo-Shopee
25090803XKE7H0,รอดำเนินการ,211004248245921,2025-09-08 11:17:29,,2025-09-08 07:51:40,Shopee Choice Global,196268298,C2C(CB),29908233275,เข็มขัดหนังธุรกิจผู้ชายคลาสสิก-สายหัวเข็มขัดโลหะหรูหราปรับได้แบบสบาย ๆ สําหรับกางเกงยีนส์/กางเกง,168365130077,Normal Product,,เครื่องประดับ,เข็มขัด,,61,1,คอมมิชชั่นจากร้านค้า,,61,,1.75%,1.0675,7.00%,0,1.0675,1.0675,0,1.0675,,0,0.00%,0,100.00%,1.0675,รอดำเนินการ,สถานะของสินค้านี้คือ อยู่ระหว่างดำเนินการ คอมมิชชั่นจะถูกคำนวณเพื่อจ่ายหลังสถานะเป็นสำเร็จแล้วเท่านั้น,คำสั่งซื้อจากร้านค้าต่างกัน,ที่มีอยู่,2599adboostco,paris,mng,m02Rooftop0623,,Facebook
25090803VAWNMY,รอดำเนินการ,211004172202872,2025-09-08 11:16:12,,2025-09-08 11:13:40,PETBABY-STORE,639932464,C2C(Non-CB),26806215959,ปัตตาเลี่ยนสัตว์เลี้ยง ที่ตัดขนสุนัข 4in1ตัดขนแมว ที่ตัดขนสุนัข เหมาะสำหรับสัตว์เลี้ยงทุกชนิด การชาร์จ USB ผลิตภัณฑ์ดูแล,236581703251,Normal Product,,สัตว์เลี้ยง,อุปกรณ์ทำความสะอาดและตกแต่งขน,อุปกรณ์ดูแลขนสัตว์เลี้ยง,149,1,คอมมิชชั่นจากร้านค้า,,120,,1.75%,2.1,10.00%,0,2.1,2.1,0,2.1,,0,0.00%,0,100.00%,2.1,รอดำเนินการ,สถานะของสินค้านี้คือ อยู่ระหว่างดำเนินการ คอมมิชชั่นจะถูกคำนวณเพื่อจ่ายหลังสถานะเป็นสำเร็จแล้วเท่านั้น,คำสั่งซื้อจากร้านค้าต่างกัน,ที่มีอยู่,2599adboostco,paris,mng,m01PetKit0520,,Facebook
25090803RD24VF,รอดำเนินการ,211004040235443,2025-09-08 11:14:01,,2025-09-08 11:13:11,BLIVO,1253880486,C2C(Non-CB),24036530658,ถาดฟอยล์ (แพ็ค10ใบ) แบบใช้แล้วทิ้ง สำหรับหม้อทอด/เตาอบ ถ้วยฟอยล์ ถาดฟอยล์อะลูมิเนียม แผ่นรองหม้อทอด 6นิ้ว/7นิ้ว/8นิ้ว,197839882828,Normal Product,,เครื่องใช้ในบ้าน,เครื่องครัว,กระดาษฟอยล์,23,3,คอมมิชชั่นจาก Shopee,,69,,1.50%,1.035,0.00%,0,1.035,1.035,0,1.035,,0,0.00%,0,100.00%,1.035,รอดำเนินการ,สถานะของสินค้านี้คือ อยู่ระหว่างดำเนินการ คอมมิชชั่นจะถูกคำนวณเพื่อจ่ายหลังสถานะเป็นสำเร็จแล้วเท่านั้น,คำสั่งซื้อจากร้านค้าต่างกัน,ที่มีอยู่,2599adboostco,paris,mng,m56Fazzi0830,,Others
25090803PPQY52,สำเร็จ,211003983270622,2025-09-08 11:13:03,2025-09-10 18:21:25,2025-09-08 06:17:14,GOOJODOQ Mall Store,813485708,Shopee Mall(CB),29456503531,GOOJODOQ GD14 Stylus For Pad 11 10 9 8 7 10.2 Air4 Air5 10.9 Air6 Air 7 Pro 11 13 2018-2025,251284022253,Normal Product,,มือถือและอุปกรณ์เสริม,อุปกรณ์เสริม,ปากกาสไตลัส,659,1,คอมมิชชั่นจากร้านค้า,,593,,1.50%,8.895,9.00%,0,8.895,8.895,0,8.895,,0,0.00%,0,100.00%,8.895,สำเร็จ,,คำสั่งซื้อจากร้านค้าต่างกัน,ที่มีอยู่,2599adboostco,paris,mng,m01FahRain0805,,Facebook
25090803P0SYMT,รอดำเนินการ,211003960273392,2025-09-08 11:12:41,,2025-09-08 11:01:56,LEEGO PET HOME,1278780102,Preferred(CB),24194826692,LEEGO PET[จัดส่งตลอด 24 ชั่วโมง]ทรายแมวเต้าหู้ 6 ลิตร ระงับกลิ่นกายก้นไม่ติด ต้านเชื้อแบคทีเรีย,99177954547,Normal Product,,สัตว์เลี้ยง,ห้องน้ำและทราย,ทรายแมวและกระบะทรายแมว,245,1,คอมมิชชั่นจากร้านค้า,,196,,1.75%,3.43,7.00%,0,3.43,3.43,0,3.43,,0,0.00%,0,100.00%,3.43,รอดำเนินการ,สถานะของสินค้านี้คือ อยู่ระหว่างดำเนินการ คอมมิชชั่นจะถูกคำนวณเพื่อจ่ายหลังสถานะเป็นสำเร็จแล้วเท่านั้น,คำสั่งซื้อจากร้านค้าต่างกัน,ที่มีอยู่,2599adboostco,paris,mng,m01kaofangMeow0303,,Facebook
25090803N1ATK0,รอดำเนินการ,211003927276735,2025-09-08 11:12:07,,2025-09-08 11:06:02,YIBEIKA.th,379390455,Preferred(CB),14602887581,เสื้อชั้นในไร้โครง แบบญี่ปุ่น สวมใสสบาย สำหรับผู้หญิง,150130166177,Normal Product,,เสื้อผ้าผู้หญิง,ชุดชั้นใน,เสื้อชั้นใน,66,1,คอมมิชชั่นจากร้านค้า,,61,,1.50%,0.915,6.00%,0,0.915,0.915,0,0.915,,0,0.00%,0,100.00%,0.915,รอดำเนินการ,สถานะของสินค้านี้คือ อยู่ระหว่างดำเนินการ คอมมิชชั่นจะถูกคำนวณเพื่อจ่ายหลังสถานะเป็นสำเร็จแล้วเท่านั้น,คำสั่งซื้อจากร้านค้าต่างกัน,ที่มีอยู่,2599adboostco,paris,mng,m01jjshop0803,,Facebook
25090803K1C6Y0,รอดำเนินการ,211003860205991,2025-09-08 11:11:00,,2025-09-08 11:04:40,tami_store,195262598,Preferred(Non-CB),19738173126,"เทปตีนตุ๊กแกไม่มีกาวและมีกาวเกรดAA  6หุน-6นิ้ว  ได้เป็นคู่ ขน1เมตร หนาม 1เมตร สีดำ,ขาว /เมจิกเทป/ตีนตุ๊แก/เวลโกเทป",126591656325,Normal Product,,เครื่องใช้ในบ้าน,เครื่องมือและอุปกรณ์ปรับปรุงบ้าน,เทปและกาว,25,1,คอมมิชชั่นจากร้านค้า,,25,,1.50%,0.375,4.00%,0,0.375,0.375,0,0.375,,0,0.00%,0,100.00%,0.375,รอดำเนินการ,สถานะของสินค้านี้คือ อยู่ระหว่างดำเนินการ คอมมิชชั่นจะถูกคำนวณเพื่อจ่ายหลังสถานะเป็นสำเร็จแล้วเท่านั้น,คำสั่งซื้อจากร้านค้าต่างกัน,ที่มีอยู่,2599adboostco,paris,mng,m01Tik0803,,Facebook
25090803G21XG6,รอดำเนินการ,211003760251514,2025-09-08 11:09:20,,2025-09-08 09:27:31,Khunchai.spicy,626977208,C2C(Non-CB),16792788834,น้ำพริกไข่มันปู(ขวดใหญ่ 250 กรัม),203877585393,Normal Product,,อาหารและเครื่องดื่ม,อาหารสำเร็จรูป,อาหารปรุงสุก และอาหารพร้อมทาน,175,1,คอมมิชชั่นจากร้านค้า,,157,,1.75%,2.7475,10.00%,0,2.7475,2.7475,0,2.7475,,0,0.00%,0,100.00%,2.7475,รอดำเนินการ,สถานะของสินค้านี้คือ อยู่ระหว่างดำเนินการ คอมมิชชั่นจะถูกคำนวณเพื่อจ่ายหลังสถานะเป็นสำเร็จแล้วเท่านั้น,คำสั่งซื้อจากร้านค้าต่างกัน,ที่มีอยู่,2599adboostco,paris,mng,m01KFdika0520,,Facebook
25090803BH2BVY,สำเร็จ,211003608220181,2025-09-08 11:06:48,2025-09-10 21:26:10,2025-09-08 11:03:42,AIDIYTECH mall,1236358843,Shopee Mall(Non-CB),44452552805,AIDIYTECH หมวกกันน็อกครึ่งใบสำหรับรถจักรยานยนต์ แข็งแรงทนทาน พร้อมเลนส์ป้องกันแสงสะท้อน 3 สีให้เลือก หมวกกันน็อค,280210830373,Normal Product,,รถมอเตอร์ไซค์ อะไหล่และอุปกรณ์เสริมมอเตอร์ไซค์,หมวกกันน็อคและอุปกรณ์สวมใส่สำหรับขับขี่,,199,1,คอมมิชชั่นจากร้านค้า,,177,,1.75%,3.0975,15.00%,0,3.0975,3.0975,0,3.0975,,0,0.00%,0,100.00%,3.0975,สำเร็จ,,คำสั่งซื้อจากร้านค้าต่างกัน,ที่มีอยู่,2599adboostco,paris,mng,m01BMavk0821,,Facebook
250908039YEY68,รอดำเนินการ,211003556219449,2025-09-08 11:05:56,,2025-09-08 11:04:54,DayDay buy,38342820,C2C(Non-CB),2353089981,(เครื่องชั่ง 2 กิโล) Food Diet Weight Scale เครื่องชั่งน้ำหนัก ชั่งได้สูงสุด 2 กิโลกรัม เครื่องชั่งน้ำหนักอาหาร,52137838721,Normal Product,,เครื่องใช้ในบ้าน,เครื่องครัว,เครื่องชั่งน้ำหนักอาหาร,74,1,ดีลพิเศษเฉพาะคุณ,,74,,1.50%,1.11,7.10%,5.254,6.364,1.11,5.254,6.364,,0,0.00%,0,100.00%,6.364,รอดำเนินการ,สถานะของสินค้านี้คือ อยู่ระหว่างดำเนินการ คอมมิชชั่นจะถูกคำนวณเพื่อจ่ายหลังสถานะเป็นสำเร็จแล้วเท่านั้น,สั่งซื้อในร้านค้าเดียวกัน,ที่มีอยู่,2599adboostco,paris,mng,m01YPf0821,,Others
250908037XP3PJ,รอดำเนินการ,211003488287917,2025-09-08 11:04:49,,2025-09-08 10:54:17,Taoyeablokofficial,401238751,Shopee Mall(Non-CB),42951407422,สเปรย์ระงับกลิ่นกาย เต่าเหยียบโลก สูตรเอ็กซ์ตร้า ไวท์เทนนิ่ง,275113438561,Normal Product,,ผลิตภัณฑ์บำรุงและเสริมความงาม,สบู่อาบน้ำและผลิตภัณฑ์ดูแลผิวกาย,ผลิตภัณฑ์ระงับกลิ่นกาย,149,1,คอมมิชชั่นจากร้านค้า,,126,,1.75%,2.205,9.00%,0,2.205,2.205,0,2.205,,0,0.00%,0,100.00%,2.205,รอดำเนินการ,สถานะของสินค้านี้คือ อยู่ระหว่างดำเนินการ คอมมิชชั่นจะถูกคำนวณเพื่อจ่ายหลังสถานะเป็นสำเร็จแล้วเท่านั้น,คำสั่งซื้อจากร้านค้าต่างกัน,ที่มีอยู่,2599adboostco,paris,mng,m01KFdika0520,,Facebook
25090803525BCQ,สำเร็จ,211003391273259,2025-09-08 11:03:11,2025-09-10 15:41:21,2025-09-08 09:01:16,โครตมหาเฮง168กำจัด,1131284443,C2C(Non-CB),27301673070,สบู่ black pearl ไข่มุขดำญี่ปุ่น,250948442751,Normal Product,,ผลิตภัณฑ์บำรุงและเสริมความงาม,สบู่อาบน้ำและผลิตภัณฑ์ดูแลผิวกาย,สบู่ชำระผิวกาย,200,1,คอมมิชชั่นจาก Shopee,,200,,1.75%,3.5,0.00%,0,3.5,3.5,0,3.5,,0,0.00%,0,100.00%,3.5,สำเร็จ,,คำสั่งซื้อจากร้านค้าต่างกัน,ที่มีอยู่,2599adboostco,paris,mng,m01kaofangMeow0303,,Facebook
250908034C5NH3,รอดำเนินการ,211003368211055,2025-09-08 11:02:48,,2025-09-08 11:02:07,รองเท้า.th,126792025,Preferred(CB),18479240547,Tikp รองเท้าแตะลําลอง ระบายอากาศ กันลื่น แฟชั่นสําหรับผู้ชาย ไซซ์ 39-45 0427,177627023546,Normal Product,,รองเท้าผู้ชาย,รองเท้าแตะ,รองเท้าแตะแบบสวม,256,1,คอมมิชชั่นจากร้านค้า,,227,,1.75%,3.9725,12.00%,27.24,31.2125,3.9725,27.24,31.2125,,0,0.00%,0,100.00%,31.2125,รอดำเนินการ,สถานะของสินค้านี้คือ อยู่ระหว่างดำเนินการ คอมมิชชั่นจะถูกคำนวณเพื่อจ่ายหลังสถานะเป็นสำเร็จแล้วเท่านั้น,สั่งซื้อในร้านค้าเดียวกัน,ที่มีอยู่,2599adboostco,paris,mng,m01Tik0803,,Facebook
2509080320UY76,รอดำเนินการ,211003289257892,2025-09-08 11:01:29,,2025-09-08 10:56:52,Super cool_shop,1144590236,C2C(Non-CB),28120127948,หมวกกันน็อค หมวกกันน๊อก รถจักรยานยนต์ กันลม กันน้ำ แข็งแรงใส่สบายหมวกกันน็อคเต็ม ทนต่อการใช้งาน หมวกกันน็อคเต็มใบ,208047752859,Normal Product,,รถมอเตอร์ไซค์ อะไหล่และอุปกรณ์เสริมมอเตอร์ไซค์,หมวกกันน็อคและอุปกรณ์สวมใส่สำหรับขับขี่,,179,1,คอมมิชชั่นจากร้านค้า,,171,,1.75%,2.9925,13.00%,22.23,25.2225,2.9925,22.23,25.2225,,0,0.00%,0,100.00%,25.2225,รอดำเนินการ,สถานะของสินค้านี้คือ อยู่ระหว่างดำเนินการ คอมมิชชั่นจะถูกคำนวณเพื่อจ่ายหลังสถานะเป็นสำเร็จแล้วเท่านั้น,สั่งซื้อในร้านค้าเดียวกัน,ที่มีอยู่,2599adboostco,paris,mng,m01BMavk0821,,Facebook
25090803190N9J,รอดำเนินการ,211003264233266,2025-09-08 11:01:03,,2025-09-08 10:15:20,PT2HOME อุปกรณ์กายภาพบำบัด,38144229,Preferred(Non-CB),26955343621,เจล อัลตราซาวด์ รีฟิล แบบถุงเติม 2500 กรัม อ่อนโยน ไม่แพ้ sonomed มาตรฐานเยอรมัน,233000014712,Normal Product,,กลุ่มผลิตภัณฑ์เพื่อสุขภาพ,ของใช้ส่วนตัว,สินค้าอื่นๆ,477,1,คอมมิชชั่นจากร้านค้า,,345,,1.50%,5.175,10.00%,0,5.175,5.175,0,5.175,,0,0.00%,0,100.00%,5.175,รอดำเนินการ,สถานะของสินค้านี้คือ อยู่ระหว่างดำเนินการ คอมมิชชั่นจะถูกคำนวณเพื่อจ่ายหลังสถานะเป็นสำเร็จแล้วเท่านั้น,คำสั่งซื้อจากร้านค้าต่างกัน,ที่มีอยู่,2555adboostco,paris,mng,m56Nintendo0423,,Others
25090803190N9G,รอดำเนินการ,211003264233266,2025-09-08 11:01:03,,2025-09-08 10:15:20,beautyhero.th,898391044,Preferred(CB),22286486664,Hih กลีบดอกไม้เจลลี่เปลี่ยนสีลิปสติกเจลลี่ให้ความชุ่มชื้นยาวนานไวท์เทนนิ่งถ้วยไม่ติด,236926184178,Normal Product,,ผลิตภัณฑ์บำรุงและเสริมความงาม,ผลิตภัณฑ์บำรุงบริเวณใบหน้า,ผลิตภัณฑ์บำรุงริมฝีปาก,47,1,คอมมิชชั่นจากร้านค้า,,37,,1.75%,0.6475,4.00%,0,0.6475,1.435,0,1.435,,0,0.00%,0,100.00%,1.435,รอดำเนินการ,สถานะของสินค้านี้คือ อยู่ระหว่างดำเนินการ คอมมิชชั่นจะถูกคำนวณเพื่อจ่ายหลังสถานะเป็นสำเร็จแล้วเท่านั้น,คำสั่งซื้อจากร้านค้าต่างกัน,ที่มีอยู่,2555adboostco,paris,mng,m56Nintendo0423,,Others
25090803190N9G,รอดำเนินการ,211003264233266,2025-09-08 11:01:03,,2025-09-08 10:15:20,beautyhero.th,898391044,Preferred(CB),22286486664,Hih กลีบดอกไม้เจลลี่เปลี่ยนสีลิปสติกเจลลี่ให้ความชุ่มชื้นยาวนานไวท์เทนนิ่งถ้วยไม่ติด,225807274271,Normal Product,,ผลิตภัณฑ์บำรุงและเสริมความงาม,ผลิตภัณฑ์บำรุงบริเวณใบหน้า,ผลิตภัณฑ์บำรุงริมฝีปาก,61,1,คอมมิชชั่นจากร้านค้า,,45,,1.75%,0.7875,4.00%,0,0.7875,0,0,0,,0,0.00%,0,100.00%,0,รอดำเนินการ,สถานะของสินค้านี้คือ อยู่ระหว่างดำเนินการ คอมมิชชั่นจะถูกคำนวณเพื่อจ่ายหลังสถานะเป็นสำเร็จแล้วเท่านั้น,คำสั่งซื้อจากร้านค้าต่างกัน,ที่มีอยู่,2555adboostco,paris,mng,m56Nintendo0423,,Others
250908030XJQQW,ยกเลิก,211003253290840,2025-09-08 11:00:52,--,2025-09-08 10:59:24,Super cool_shop,1144590236,C2C(Non-CB),28120127948,หมวกกันน็อค หมวกกันน๊อก รถจักรยานยนต์ กันลม กันน้ำ แข็งแรงใส่สบายหมวกกันน็อคเต็ม ทนต่อการใช้งาน หมวกกันน็อคเต็มใบ,208047752859,Normal Product,,รถมอเตอร์ไซค์ อะไหล่และอุปกรณ์เสริมมอเตอร์ไซค์,หมวกกันน็อคและอุปกรณ์สวมใส่สำหรับขับขี่,,179,0,คอมมิชชั่นจากร้านค้า,,0,111,1.75%,0,13.00%,0,0,0,0,0,,0,0.00%,0,100.00%,0,ยกเลิก,ผู้ซื้อยกเลิกคำสั่งซื้อ.,สั่งซื้อในร้านค้าเดียวกัน,ที่มีอยู่,2599adboostco,paris,mng,m01BMavk0821,,Facebook
250908030NWY4P,รอดำเนินการ,211003270262051,2025-09-08 11:00:45,,2025-09-08 10:54:29,มดบิวตี้ MOD BEAUTY,584850897,C2C(Non-CB),14436662409,ครีมมาส์กผม นิซซี พลัส ริช คอลลาเจน อาแกน Nissi plus rich keratin collagen argan 500ml.,133653097015,Normal Product,,ผลิตภัณฑ์บำรุงและเสริมความงาม,ผลิตภัณฑ์ดูแลผม,ทรีทเม้นท์บำรุงเส้นผม,279,1,คอมมิชชั่นจาก Shopee,,251,,1.75%,4.3925,0.00%,0,4.3925,4.3925,0,4.3925,,0,0.00%,0,100.00%,4.3925,รอดำเนินการ,สถานะของสินค้านี้คือ อยู่ระหว่างดำเนินการ คอมมิชชั่นจะถูกคำนวณเพื่อจ่ายหลังสถานะเป็นสำเร็จแล้วเท่านั้น,คำสั่งซื้อจากร้านค้าต่างกัน,ที่มีอยู่,2599adboostco,paris,mng,m01BMavk0821,,Facebook
25090802XBGRUW,สำเร็จ,211003166204066,2025-09-08 10:59:26,2025-09-11 20:22:27,2025-09-08 06:20:48,Raithai Organic Store,1036319214,Preferred(Non-CB),18282018530,ของแท้100%💥มะระสกัดเย็น ตราไร่ไทย มะระขี้นกอัดเม็ด ออร์แกนิก ลดน้ำตาลในเลือด,184444835422,Normal Product,,กลุ่มผลิตภัณฑ์เพื่อสุขภาพ,อาหารเสริม,อาหารเสริมเพื่อสุขภาพ,123,2,คอมมิชชั่นจากร้านค้า,,204,,1.50%,3.06,6.00%,0,3.06,3.06,0,3.06,,0,0.00%,0,100.00%,3.06,สำเร็จ,,คำสั่งซื้อจากร้านค้าต่างกัน,ที่มีอยู่,2599adboostco,paris,mng,m06Nasa1228,,Facebook
25090802U3KEQQ,สำเร็จ,211003057237420,2025-09-08 10:57:37,2025-09-09 22:01:42,2025-09-08 06:39:07,Whale Store,1008608919,Preferred(Non-CB),26055132304,6 ระดับ หนาขึ้น แผ่นรองฉี่ แผ่นรองฉี่สุนัข แผ่นรองฉี่แมว ช่วยฝึกขับถ่าย ซึมซับได้ดี กักเก็บกลิ่น แผ่นรองซับดูดซึมได้ดี,119208620073,Normal Product,,สัตว์เลี้ยง,ห้องน้ำและทราย,แผ่นรองซับและถาดฝึกขับถ่ายสำหรับสุนัข,96,0,คอมมิชชั่นจากร้านค้า,,0,159,1.75%,0,7.00%,0,0,0.105,0,0.105,,0,0.00%,0,100.00%,0.105,ยกเลิก,คำสั่งซื้อไม่ถูกต้อง.,คำสั่งซื้อจากร้านค้าต่างกัน,ที่มีอยู่,2599adboostco,paris,mng,m56ProwaVDO0905,,Facebook
25090802U3KEQQ,สำเร็จ,211003057237420,2025-09-08 10:57:37,2025-09-09 22:01:42,2025-09-08 06:39:07,Whale Store,1008608919,Preferred(Non-CB),27554301151,ถุงขยะแบบม้วน แพ็ค 75 ใบ (5ม้วน) แบบพกพา ถุงขยะแบบฉีก,178286842731,Normal Product,,เครื่องใช้ในบ้าน,อุปกรณ์ซักรีดและผลิตภัณฑ์ดูแลบ้าน,ถุงขยะ,8,1,คอมมิชชั่นจากร้านค้า,,7,,1.50%,0.105,7.00%,0,0.105,0,0,0,,0,0.00%,0,100.00%,0,สำเร็จ,,คำสั่งซื้อจากร้านค้าต่างกัน,ที่มีอยู่,2599adboostco,paris,mng,m56ProwaVDO0905,,Facebook
25090802U1Q6SK,รอดำเนินการ,211003055269972,2025-09-08 10:57:35,,2025-09-08 10:24:42,jing5.th,441618947,Preferred(CB),24250021587,ไม้คิวสนุ๊กเกอร์ บิลเลียด แบบยืดสไลด์ได้ สามารถปรับได้,49719524350,Normal Product,,กีฬาและกิจกรรมกลางแจ้ง,อุปกรณ์เล่นกีฬาและกิจกรรมกลางแจ้ง,บิลเลียด,241,1,คอมมิชชั่นจากร้านค้า,,191,,1.75%,3.3425,4.00%,0,3.3425,3.3425,0,3.3425,,0,0.00%,0,100.00%,3.3425,รอดำเนินการ,สถานะของสินค้านี้คือ อยู่ระหว่างดำเนินการ คอมมิชชั่นจะถูกคำนวณเพื่อจ่ายหลังสถานะเป็นสำเร็จแล้วเท่านั้น,คำสั่งซื้อจากร้านค้าต่างกัน,ที่มีอยู่,2599adboostco,paris,mng,m01KFdika0520,,Facebook
25090802JX8RMC,รอดำเนินการ,211002783204323,2025-09-08 10:53:03,,2025-09-08 10:42:01,Sexy night,797023464,Preferred(Non-CB),26952060374,🌸New🌸กางเกงใน แฟชั่น กางเกงชั้นใน ผู้หญิง สไตล์เกาหลี กางเกงในลายการ์ตูน น่ารักๆ โทนชมพูสวยๆ ผ้านิ่ม ราคาถูก สวมใส่สบาย,232875179318,Normal Product,,เสื้อผ้าผู้หญิง,ชุดชั้นใน,กางเกงชั้นใน,10,2,คอมมิชชั่นจาก Shopee,,20,,1.50%,0.3,0.00%,0,0.3,1.05,0,1.05,,0,0.00%,0,100.00%,1.05,รอดำเนินการ,สถานะของสินค้านี้คือ อยู่ระหว่างดำเนินการ คอมมิชชั่นจะถูกคำนวณเพื่อจ่ายหลังสถานะเป็นสำเร็จแล้วเท่านั้น,คำสั่งซื้อจากร้านค้าต่างกัน,ที่มีอยู่,2599adboostco,paris,mng,m01BMavk0821,,Facebook
25090802JX8RMC,รอดำเนินการ,211002783204323,2025-09-08 10:53:03,,2025-09-08 10:42:01,Sexy night,797023464,Preferred(Non-CB),26952060374,🌸New🌸กางเกงใน แฟชั่น กางเกงชั้นใน ผู้หญิง สไตล์เกาหลี กางเกงในลายการ์ตูน น่ารักๆ โทนชมพูสวยๆ ผ้านิ่ม ราคาถูก สวมใส่สบาย,232875179324,Normal Product,,เสื้อผ้าผู้หญิง,ชุดชั้นใน,กางเกงชั้นใน,10,2,คอมมิชชั่นจาก Shopee,,20,,1.50%,0.3,0.00%,0,0.3,0,0,0,,0,0.00%,0,100.00%,0,รอดำเนินการ,สถานะของสินค้านี้คือ อยู่ระหว่างดำเนินการ คอมมิชชั่นจะถูกคำนวณเพื่อจ่ายหลังสถานะเป็นสำเร็จแล้วเท่านั้น,คำสั่งซื้อจากร้านค้าต่างกัน,ที่มีอยู่,2599adboostco,paris,mng,m01BMavk0821,,Facebook
25090802JX8RMC,รอดำเนินการ,211002783204323,2025-09-08 10:53:03,,2025-09-08 10:42:01,Sexy night,797023464,Preferred(Non-CB),26952060374,🌸New🌸กางเกงใน แฟชั่น กางเกงชั้นใน ผู้หญิง สไตล์เกาหลี กางเกงในลายการ์ตูน น่ารักๆ โทนชมพูสวยๆ ผ้านิ่ม ราคาถูก สวมใส่สบาย,232875179327,Normal Product,,เสื้อผ้าผู้หญิง,ชุดชั้นใน,กางเกงชั้นใน,10,1,คอมมิชชั่นจาก Shopee,,10,,1.50%,0.15,0.00%,0,0.15,0,0,0,,0,0.00%,0,100.00%,0,รอดำเนินการ,สถานะของสินค้านี้คือ อยู่ระหว่างดำเนินการ คอมมิชชั่นจะถูกคำนวณเพื่อจ่ายหลังสถานะเป็นสำเร็จแล้วเท่านั้น,คำสั่งซื้อจากร้านค้าต่างกัน,ที่มีอยู่,2599adboostco,paris,mng,m01BMavk0821,,Facebook
25090802JX8RMC,รอดำเนินการ,211002783204323,2025-09-08 10:53:03,,2025-09-08 10:42:01,Sexy night,797023464,Preferred(Non-CB),26952060374,🌸New🌸กางเกงใน แฟชั่น กางเกงชั้นใน ผู้หญิง สไตล์เกาหลี กางเกงในลายการ์ตูน น่ารักๆ โทนชมพูสวยๆ ผ้านิ่ม ราคาถูก สวมใส่สบาย,232875179330,Normal Product,,เสื้อผ้าผู้หญิง,ชุดชั้นใน,กางเกงชั้นใน,10,2,คอมมิชชั่นจาก Shopee,,20,,1.50%,0.3,0.00%,0,0.3,0,0,0,,0,0.00%,0,100.00%,0,รอดำเนินการ,สถานะของสินค้านี้คือ อยู่ระหว่างดำเนินการ คอมมิชชั่นจะถูกคำนวณเพื่อจ่ายหลังสถานะเป็นสำเร็จแล้วเท่านั้น,คำสั่งซื้อจากร้านค้าต่างกัน,ที่มีอยู่,2599adboostco,paris,mng,m01BMavk0821,,Facebook
25090802ECDJ15,สำเร็จ,211002630279814,2025-09-08 10:50:30,2025-09-11 10:11:31,2025-09-08 10:41:40,Yuedpao - ยืดเปล่า Official Store,240723932,Shopee Mall(Non-CB),44100035741,Yuedpao Sportswear เสื้อออกกำลังกาย เสื้อกีฬา ระบายอากาศได้ดี เสื้อสำหรับวิ่ง Ultra Flow Training shirt,300002049484,Normal Product,,กีฬาและกิจกรรมกลางแจ้ง,เสื้อผ้ากีฬา,เสื้อกีฬา,188,1,คอมมิชชั่นจากร้านค้า,,155,,1.75%,2.7125,10.00%,15.5,18.2125,2.7125,15.5,18.2125,,0,0.00%,0,100.00%,18.2125,สำเร็จ,,สั่งซื้อในร้านค้าเดียวกัน,ที่มีอยู่,2599adboostco,paris,mng,m01YPf0821,,Facebook
25090802BD1NSM,รอดำเนินการ,211002530262301,2025-09-08 10:48:50,,2025-09-08 10:24:12,ร้านต้นไม้เพชรรุ่ง,66793666,Preferred(Non-CB),27854652105,ต้นกระเพราแดง - ขาว 🪴 ต้นกล้าแข็งแรงพร้อมปลูก ผักสวนครัว ให้ผลผลิตเร็ว 🚚 การขนส่งเสียหายทางร้านเปลี่ยนสิ้นค้าให้ใหม่,109474040354,Normal Product,,เครื่องใช้ในบ้าน,สวน,ต้นไม้,45,2,คอมมิชชั่นจากร้านค้า,,81,,1.50%,1.215,9.00%,0,1.215,1.215,0,1.215,,0,0.00%,0,100.00%,1.215,รอดำเนินการ,สถานะของสินค้านี้คือ อยู่ระหว่างดำเนินการ คอมมิชชั่นจะถูกคำนวณเพื่อจ่ายหลังสถานะเป็นสำเร็จแล้วเท่านั้น,คำสั่งซื้อจากร้านค้าต่างกัน,ที่มีอยู่,2599adboostco,paris,mng,m01KFdika0520,,Facebook
2509080295FTX1,รอดำเนินการ,211002455233283,2025-09-08 10:47:35,,2025-09-08 10:41:22,One We,1249298955,C2C(Non-CB),26001556534,ONE-WE กางเกงขาสั้น ระบายอากาศ แห้งเร็ว เหมาะกับการวิ่ง เล่นกีฬา เข้าฟิตเนส เข้าได้กับทุกชุดไซซ์ กางเกงกีฬาขาสั้น M-5XL,128958145287,Normal Product,,กีฬาและกิจกรรมกลางแจ้ง,เสื้อผ้ากีฬา,กางเกง/กระโปรง,99,1,คอมมิชชั่นจากร้านค้า,,99,,1.75%,1.7325,7.00%,0,1.7325,1.7325,0,1.7325,,0,0.00%,0,100.00%,1.7325,รอดำเนินการ,สถานะของสินค้านี้คือ อยู่ระหว่างดำเนินการ คอมมิชชั่นจะถูกคำนวณเพื่อจ่ายหลังสถานะเป็นสำเร็จแล้วเท่านั้น,คำสั่งซื้อจากร้านค้าต่างกัน,ที่มีอยู่,2599adboostco,paris,mng,m01YPf0821,,Others
250908026AX2H2,สำเร็จ,211002360282183,2025-09-08 10:46:01,2025-09-11 16:38:18,2025-09-08 10:42:16,shiqishop,399041507,Preferred(Non-CB),23537989053,L303 MAX FASFER รองพื้นหน้าฉ่ำเงา คุมมัน ปกปิดดี ไม่หลุดง่าย ติดทน ให้ความชุ่มชื้น,221447742149,Normal Product,,ผลิตภัณฑ์บำรุงและเสริมความงาม,เครื่องสําอาง,เครื่องสําอางสำหรับผิวหน้า,78,1,คอมมิชชั่นจาก Shopee,,62,,1.75%,1.085,0.00%,0,1.085,3.255,0,3.255,,0,0.00%,0,100.00%,3.255,สำเร็จ,,คำสั่งซื้อจากร้านค้าต่างกัน,ที่มีอยู่,2599adboostco,paris,mng,m01jjshop0803,,Facebook
250908026AX2H2,สำเร็จ,211002360282183,2025-09-08 10:46:01,2025-09-11 16:38:18,2025-09-08 10:42:16,shiqishop,399041507,Preferred(Non-CB),23537989053,L303 MAX FASFER รองพื้นหน้าฉ่ำเงา คุมมัน ปกปิดดี ไม่หลุดง่าย ติดทน ให้ความชุ่มชื้น,221447742150,Normal Product,,ผลิตภัณฑ์บำรุงและเสริมความงาม,เครื่องสําอาง,เครื่องสําอางสำหรับผิวหน้า,78,2,คอมมิชชั่นจาก Shopee,,124,,1.75%,2.17,0.00%,0,2.17,0,0,0,,0,0.00%,0,100.00%,0,สำเร็จ,,คำสั่งซื้อจากร้านค้าต่างกัน,ที่มีอยู่,2599adboostco,paris,mng,m01jjshop0803,,Facebook
250908023Q0NU7,รอดำเนินการ,211002272281958,2025-09-08 10:44:33,,2025-09-08 10:37:56,Taihoneyqueen,284570749,C2C(Non-CB),3563488391,น้ำผึ้งป่าเดือนห้า ตราไทฮันนี่ ควีน สติ๊กเกอร์คัดพิเศษ ขวดพลาสติกคอเรียบ 1000g 1 ขวด,61859767359,Normal Product,,อาหารและเครื่องดื่ม,อาหารเช้า ซีเรียล & ผลิตภัณฑ์ทาขนมปัง,น้ำผึ้ง และน้ำเชื่อมเมเปิ้ล,70,3,คอมมิชชั่นจากร้านค้า,,174,,1.75%,3.045,7.00%,0,3.045,3.045,0,3.045,,0,0.00%,0,100.00%,3.045,รอดำเนินการ,สถานะของสินค้านี้คือ อยู่ระหว่างดำเนินการ คอมมิชชั่นจะถูกคำนวณเพื่อจ่ายหลังสถานะเป็นสำเร็จแล้วเท่านั้น,คำสั่งซื้อจากร้านค้าต่างกัน,ที่มีอยู่,2599adboostco,paris,mng,m01jjshop0803,,Facebook
250908023FC2BY,รอดำเนินการ,211002264273567,2025-09-08 10:44:25,,2025-09-08 10:35:24,JJshop 888,347700833,Preferred(Non-CB),20273829574,"JJ shop 💜พร้อมส่ง ชุดบอดี้สูทลายลูกไม้เก๋ๆแต่งสายไขว้ข้างแอบเซ็กซี่ ""SS-5"" -H",137411523387,Normal Product,,เสื้อผ้าผู้หญิง,เสื้อ,บอดี้สูท,115,1,คอมมิชชั่นจากร้านค้า,,103,,1.50%,1.545,4.00%,4.12,5.665,1.545,4.12,5.665,,0,0.00%,0,100.00%,5.665,รอดำเนินการ,สถานะของสินค้านี้คือ อยู่ระหว่างดำเนินการ คอมมิชชั่นจะถูกคำนวณเพื่อจ่ายหลังสถานะเป็นสำเร็จแล้วเท่านั้น,สั่งซื้อในร้านค้าเดียวกัน,ที่มีอยู่,2599adboostco,paris,mng,m01jjshop0803,,Facebook
250908023AKWK6,รอดำเนินการ,211002259284363,2025-09-08 10:44:19,,2025-09-08 10:43:31,TH -Shop,718606161,Preferred(Non-CB),21162788771,ชุดอุปกรณ์ตัดขนสุนัข ปัตตาเลี่ยนตัดขนสัตว์เลี้ยง ที่ตัดขนแมว ที่ตัดขนหมา 4in1 pet trimmer hairclipper พร้อมหัวที่่กรอเล็,221284404367,Normal Product,,สัตว์เลี้ยง,อุปกรณ์ทำความสะอาดและตกแต่งขน,อุปกรณ์ดูแลขนสัตว์เลี้ยง,270,1,คอมมิชชั่นจากร้านค้า,,241,,1.75%,4.2175,4.00%,9.64,13.8575,4.2175,9.64,13.8575,,0,0.00%,0,100.00%,13.8575,รอดำเนินการ,สถานะของสินค้านี้คือ อยู่ระหว่างดำเนินการ คอมมิชชั่นจะถูกคำนวณเพื่อจ่ายหลังสถานะเป็นสำเร็จแล้วเท่านั้น,สั่งซื้อในร้านค้าเดียวกัน,ที่มีอยู่,2599adboostco,paris,mng,m01PetKit0520,,Facebook
250908021Q42H5,รอดำเนินการ,211002205284620,2025-09-08 10:43:26,,2025-09-08 07:25:25,baby_Angel88,415297707,C2C(Non-CB),28833052765,พร้อมส่งในไทย ลวดDiyกำมะหยี่ทำช่อดอกไม้ 97-100เส้น งาน6-7มิล,295701720113,Normal Product,,เครื่องใช้ในบ้าน,อุปกรณ์ตกแต่งบ้าน,ดอกไม้ตกแต่ง,35,2,คอมมิชชั่นจากร้านค้า,,66,,1.50%,0.99,7.00%,0,0.99,0.99,0,0.99,,0,0.00%,0,100.00%,0.99,รอดำเนินการ,สถานะของสินค้านี้คือ อยู่ระหว่างดำเนินการ คอมมิชชั่นจะถูกคำนวณเพื่อจ่ายหลังสถานะเป็นสำเร็จแล้วเท่านั้น,คำสั่งซื้อจากร้านค้าต่างกัน,ที่มีอยู่,2599adboostco,paris,mng,m01FahRain0805,,Facebook
250908021Q42H4,รอดำเนินการ,211002205284620,2025-09-08 10:43:26,,2025-09-08 07:25:25,baby_Angel88,415297707,C2C(Non-CB),28833052765,พร้อมส่งในไทย ลวดDiyกำมะหยี่ทำช่อดอกไม้ 97-100เส้น งาน6-7มิล,280633500668,Normal Product,,เครื่องใช้ในบ้าน,อุปกรณ์ตกแต่งบ้าน,ดอกไม้ตกแต่ง,35,2,คอมมิชชั่นจากร้านค้า,,64,,1.50%,0.96,7.00%,0,0.96,4.11,0,4.11,,0,0.00%,0,100.00%,4.11,รอดำเนินการ,สถานะของสินค้านี้คือ อยู่ระหว่างดำเนินการ คอมมิชชั่นจะถูกคำนวณเพื่อจ่ายหลังสถานะเป็นสำเร็จแล้วเท่านั้น,คำสั่งซื้อจากร้านค้าต่างกัน,ที่มีอยู่,2599adboostco,paris,mng,m01FahRain0805,,Facebook
250908021Q42H4,รอดำเนินการ,211002205284620,2025-09-08 10:43:26,,2025-09-08 07:25:25,baby_Angel88,415297707,C2C(Non-CB),28833052765,พร้อมส่งในไทย ลวดDiyกำมะหยี่ทำช่อดอกไม้ 97-100เส้น งาน6-7มิล,280633500672,Normal Product,,เครื่องใช้ในบ้าน,อุปกรณ์ตกแต่งบ้าน,ดอกไม้ตกแต่ง,35,3,คอมมิชชั่นจากร้านค้า,,94,,1.50%,1.41,7.00%,0,1.41,0,0,0,,0,0.00%,0,100.00%,0,รอดำเนินการ,สถานะของสินค้านี้คือ อยู่ระหว่างดำเนินการ คอมมิชชั่นจะถูกคำนวณเพื่อจ่ายหลังสถานะเป็นสำเร็จแล้วเท่านั้น,คำสั่งซื้อจากร้านค้าต่างกัน,ที่มีอยู่,2599adboostco,paris,mng,m01FahRain0805,,Facebook
250908021Q42H4,รอดำเนินการ,211002205284620,2025-09-08 10:43:26,,2025-09-08 07:25:25,baby_Angel88,415297707,C2C(Non-CB),28833052765,พร้อมส่งในไทย ลวดDiyกำมะหยี่ทำช่อดอกไม้ 97-100เส้น งาน6-7มิล,285888609957,Normal Product,,เครื่องใช้ในบ้าน,อุปกรณ์ตกแต่งบ้าน,ดอกไม้ตกแต่ง,26,5,คอมมิชชั่นจากร้านค้า,,116,,1.50%,1.74,7.00%,0,1.74,0,0,0,,0,0.00%,0,100.00%,0,รอดำเนินการ,สถานะของสินค้านี้คือ อยู่ระหว่างดำเนินการ คอมมิชชั่นจะถูกคำนวณเพื่อจ่ายหลังสถานะเป็นสำเร็จแล้วเท่านั้น,คำสั่งซื้อจากร้านค้าต่างกัน,ที่มีอยู่,2599adboostco,paris,mng,m01FahRain0805,,Facebook
250908021Q42H3,รอดำเนินการ,211002205284620,2025-09-08 10:43:26,,2025-09-08 07:25:25,baby_Angel88,415297707,C2C(Non-CB),28833052765,พร้อมส่งในไทย ลวดDiyกำมะหยี่ทำช่อดอกไม้ 97-100เส้น งาน6-7มิล,258510924241,Normal Product,,เครื่องใช้ในบ้าน,อุปกรณ์ตกแต่งบ้าน,ดอกไม้ตกแต่ง,35,2,คอมมิชชั่นจากร้านค้า,,65,,1.50%,0.975,7.00%,0,0.975,4.71,0,4.71,,0,0.00%,0,100.00%,4.71,รอดำเนินการ,สถานะของสินค้านี้คือ อยู่ระหว่างดำเนินการ คอมมิชชั่นจะถูกคำนวณเพื่อจ่ายหลังสถานะเป็นสำเร็จแล้วเท่านั้น,คำสั่งซื้อจากร้านค้าต่างกัน,ที่มีอยู่,2599adboostco,paris,mng,m01FahRain0805,,Facebook
250908021Q42H3,รอดำเนินการ,211002205284620,2025-09-08 10:43:26,,2025-09-08 07:25:25,baby_Angel88,415297707,C2C(Non-CB),28833052765,พร้อมส่งในไทย ลวดDiyกำมะหยี่ทำช่อดอกไม้ 97-100เส้น งาน6-7มิล,258510924243,Normal Product,,เครื่องใช้ในบ้าน,อุปกรณ์ตกแต่งบ้าน,ดอกไม้ตกแต่ง,35,4,คอมมิชชั่นจากร้านค้า,,125,,1.50%,1.875,7.00%,0,1.875,0,0,0,,0,0.00%,0,100.00%,0,รอดำเนินการ,สถานะของสินค้านี้คือ อยู่ระหว่างดำเนินการ คอมมิชชั่นจะถูกคำนวณเพื่อจ่ายหลังสถานะเป็นสำเร็จแล้วเท่านั้น,คำสั่งซื้อจากร้านค้าต่างกัน,ที่มีอยู่,2599adboostco,paris,mng,m01FahRain0805,,Facebook
250908021Q42H3,รอดำเนินการ,211002205284620,2025-09-08 10:43:26,,2025-09-08 07:25:25,baby_Angel88,415297707,C2C(Non-CB),28833052765,พร้อมส่งในไทย ลวดDiyกำมะหยี่ทำช่อดอกไม้ 97-100เส้น งาน6-7มิล,258510924245,Normal Product,,เครื่องใช้ในบ้าน,อุปกรณ์ตกแต่งบ้าน,ดอกไม้ตกแต่ง,35,2,คอมมิชชั่นจากร้านค้า,,62,,1.50%,0.93,7.00%,0,0.93,0,0,0,,0,0.00%,0,100.00%,0,รอดำเนินการ,สถานะของสินค้านี้คือ อยู่ระหว่างดำเนินการ คอมมิชชั่นจะถูกคำนวณเพื่อจ่ายหลังสถานะเป็นสำเร็จแล้วเท่านั้น,คำสั่งซื้อจากร้านค้าต่างกัน,ที่มีอยู่,2599adboostco,paris,mng,m01FahRain0805,,Facebook
250908021Q42H3,รอดำเนินการ,211002205284620,2025-09-08 10:43:26,,2025-09-08 07:25:25,baby_Angel88,415297707,C2C(Non-CB),28833052765,พร้อมส่งในไทย ลวดDiyกำมะหยี่ทำช่อดอกไม้ 97-100เส้น งาน6-7มิล,258510924246,Normal Product,,เครื่องใช้ในบ้าน,อุปกรณ์ตกแต่งบ้าน,ดอกไม้ตกแต่ง,35,2,คอมมิชชั่นจากร้านค้า,,62,,1.50%,0.93,7.00%,0,0.93,0,0,0,,0,0.00%,0,100.00%,0,รอดำเนินการ,สถานะของสินค้านี้คือ อยู่ระหว่างดำเนินการ คอมมิชชั่นจะถูกคำนวณเพื่อจ่ายหลังสถานะเป็นสำเร็จแล้วเท่านั้น,คำสั่งซื้อจากร้านค้าต่างกัน,ที่มีอยู่,2599adboostco,paris,mng,m01FahRain0805,,Facebook
250908021Q42H2,รอดำเนินการ,211002205284620,2025-09-08 10:43:26,,2025-09-08 07:25:25,baby_Angel88,415297707,C2C(Non-CB),28833052765,พร้อมส่งในไทย ลวดDiyกำมะหยี่ทำช่อดอกไม้ 97-100เส้น งาน6-7มิล,227872021407,Normal Product,,เครื่องใช้ในบ้าน,อุปกรณ์ตกแต่งบ้าน,ดอกไม้ตกแต่ง,35,2,คอมมิชชั่นจากร้านค้า,,62,,1.50%,0.93,7.00%,0,0.93,4.71,0,4.71,,0,0.00%,0,100.00%,4.71,รอดำเนินการ,สถานะของสินค้านี้คือ อยู่ระหว่างดำเนินการ คอมมิชชั่นจะถูกคำนวณเพื่อจ่ายหลังสถานะเป็นสำเร็จแล้วเท่านั้น,คำสั่งซื้อจากร้านค้าต่างกัน,ที่มีอยู่,2599adboostco,paris,mng,m01FahRain0805,,Facebook
250908021Q42H2,รอดำเนินการ,211002205284620,2025-09-08 10:43:26,,2025-09-08 07:25:25,baby_Angel88,415297707,C2C(Non-CB),28833052765,พร้อมส่งในไทย ลวดDiyกำมะหยี่ทำช่อดอกไม้ 97-100เส้น งาน6-7มิล,258510924238,Normal Product,,เครื่องใช้ในบ้าน,อุปกรณ์ตกแต่งบ้าน,ดอกไม้ตกแต่ง,35,2,คอมมิชชั่นจากร้านค้า,,62,,1.50%,0.93,7.00%,0,0.93,0,0,0,,0,0.00%,0,100.00%,0,รอดำเนินการ,สถานะของสินค้านี้คือ อยู่ระหว่างดำเนินการ คอมมิชชั่นจะถูกคำนวณเพื่อจ่ายหลังสถานะเป็นสำเร็จแล้วเท่านั้น,คำสั่งซื้อจากร้านค้าต่างกัน,ที่มีอยู่,2599adboostco,paris,mng,m01FahRain0805,,Facebook
250908021Q42H2,รอดำเนินการ,211002205284620,2025-09-08 10:43:26,,2025-09-08 07:25:25,baby_Angel88,415297707,C2C(Non-CB),28833052765,พร้อมส่งในไทย ลวดDiyกำมะหยี่ทำช่อดอกไม้ 97-100เส้น งาน6-7มิล,258510924241,Normal Product,,เครื่องใช้ในบ้าน,อุปกรณ์ตกแต่งบ้าน,ดอกไม้ตกแต่ง,35,1,คอมมิชชั่นจากร้านค้า,,31,,1.50%,0.465,7.00%,0,0.465,0,0,0,,0,0.00%,0,100.00%,0,รอดำเนินการ,สถานะของสินค้านี้คือ อยู่ระหว่างดำเนินการ คอมมิชชั่นจะถูกคำนวณเพื่อจ่ายหลังสถานะเป็นสำเร็จแล้วเท่านั้น,คำสั่งซื้อจากร้านค้าต่างกัน,ที่มีอยู่,2599adboostco,paris,mng,m01FahRain0805,,Facebook
250908021Q42H2,รอดำเนินการ,211002205284620,2025-09-08 10:43:26,,2025-09-08 07:25:25,baby_Angel88,415297707,C2C(Non-CB),28833052765,พร้อมส่งในไทย ลวดDiyกำมะหยี่ทำช่อดอกไม้ 97-100เส้น งาน6-7มิล,227872021401,Normal Product,,เครื่องใช้ในบ้าน,อุปกรณ์ตกแต่งบ้าน,ดอกไม้ตกแต่ง,35,1,คอมมิชชั่นจากร้านค้า,,35,,1.50%,0.525,7.00%,0,0.525,0,0,0,,0,0.00%,0,100.00%,0,รอดำเนินการ,สถานะของสินค้านี้คือ อยู่ระหว่างดำเนินการ คอมมิชชั่นจะถูกคำนวณเพื่อจ่ายหลังสถานะเป็นสำเร็จแล้วเท่านั้น,คำสั่งซื้อจากร้านค้าต่างกัน,ที่มีอยู่,2599adboostco,paris,mng,m01FahRain0805,,Facebook
250908021Q42H2,รอดำเนินการ,211002205284620,2025-09-08 10:43:26,,2025-09-08 07:25:25,baby_Angel88,415297707,C2C(Non-CB),28833052765,พร้อมส่งในไทย ลวดDiyกำมะหยี่ทำช่อดอกไม้ 97-100เส้น งาน6-7มิล,227872021402,Normal Product,,เครื่องใช้ในบ้าน,อุปกรณ์ตกแต่งบ้าน,ดอกไม้ตกแต่ง,35,2,คอมมิชชั่นจากร้านค้า,,62,,1.50%,0.93,7.00%,0,0.93,0,0,0,,0,0.00%,0,100.00%,0,รอดำเนินการ,สถานะของสินค้านี้คือ อยู่ระหว่างดำเนินการ คอมมิชชั่นจะถูกคำนวณเพื่อจ่ายหลังสถานะเป็นสำเร็จแล้วเท่านั้น,คำสั่งซื้อจากร้านค้าต่างกัน,ที่มีอยู่,2599adboostco,paris,mng,m01FahRain0805,,Facebook
250908021Q42H2,รอดำเนินการ,211002205284620,2025-09-08 10:43:26,,2025-09-08 07:25:25,baby_Angel88,415297707,C2C(Non-CB),28833052765,พร้อมส่งในไทย ลวดDiyกำมะหยี่ทำช่อดอกไม้ 97-100เส้น งาน6-7มิล,227872021405,Normal Product,,เครื่องใช้ในบ้าน,อุปกรณ์ตกแต่งบ้าน,ดอกไม้ตกแต่ง,35,2,คอมมิชชั่นจากร้านค้า,,62,,1.50%,0.93,7.00%,0,0.93,0,0,0,,0,0.00%,0,100.00%,0,รอดำเนินการ,สถานะของสินค้านี้คือ อยู่ระหว่างดำเนินการ คอมมิชชั่นจะถูกคำนวณเพื่อจ่ายหลังสถานะเป็นสำเร็จแล้วเท่านั้น,คำสั่งซื้อจากร้านค้าต่างกัน,ที่มีอยู่,2599adboostco,paris,mng,m01FahRain0805,,Facebook
250908021Q42H1,รอดำเนินการ,211002205284620,2025-09-08 10:43:26,,2025-09-08 07:25:25,baby_Angel88,415297707,C2C(Non-CB),28833052765,พร้อมส่งในไทย ลวดDiyกำมะหยี่ทำช่อดอกไม้ 97-100เส้น งาน6-7มิล,227872021398,Normal Product,,เครื่องใช้ในบ้าน,อุปกรณ์ตกแต่งบ้าน,ดอกไม้ตกแต่ง,35,2,คอมมิชชั่นจากร้านค้า,,63,,1.50%,0.945,7.00%,0,0.945,4.71,0,4.71,,0,0.00%,0,100.00%,4.71,รอดำเนินการ,สถานะของสินค้านี้คือ อยู่ระหว่างดำเนินการ คอมมิชชั่นจะถูกคำนวณเพื่อจ่ายหลังสถานะเป็นสำเร็จแล้วเท่านั้น,คำสั่งซื้อจากร้านค้าต่างกัน,ที่มีอยู่,2599adboostco,paris,mng,m01FahRain0805,,Facebook
250908021Q42H1,รอดำเนินการ,211002205284620,2025-09-08 10:43:26,,2025-09-08 07:25:25,baby_Angel88,415297707,C2C(Non-CB),28833052765,พร้อมส่งในไทย ลวดDiyกำมะหยี่ทำช่อดอกไม้ 97-100เส้น งาน6-7มิล,227872021400,Normal Product,,เครื่องใช้ในบ้าน,อุปกรณ์ตกแต่งบ้าน,ดอกไม้ตกแต่ง,35,3,คอมมิชชั่นจากร้านค้า,,94,,1.50%,1.41,7.00%,0,1.41,0,0,0,,0,0.00%,0,100.00%,0,รอดำเนินการ,สถานะของสินค้านี้คือ อยู่ระหว่างดำเนินการ คอมมิชชั่นจะถูกคำนวณเพื่อจ่ายหลังสถานะเป็นสำเร็จแล้วเท่านั้น,คำสั่งซื้อจากร้านค้าต่างกัน,ที่มีอยู่,2599adboostco,paris,mng,m01FahRain0805,,Facebook
250908021Q42H1,รอดำเนินการ,211002205284620,2025-09-08 10:43:26,,2025-09-08 07:25:25,baby_Angel88,415297707,C2C(Non-CB),28833052765,พร้อมส่งในไทย ลวดDiyกำมะหยี่ทำช่อดอกไม้ 97-100เส้น งาน6-7มิล,227872021401,Normal Product,,เครื่องใช้ในบ้าน,อุปกรณ์ตกแต่งบ้าน,ดอกไม้ตกแต่ง,35,5,คอมมิชชั่นจากร้านค้า,,157,,1.50%,2.355,7.00%,0,2.355,0,0,0,,0,0.00%,0,100.00%,0,รอดำเนินการ,สถานะของสินค้านี้คือ อยู่ระหว่างดำเนินการ คอมมิชชั่นจะถูกคำนวณเพื่อจ่ายหลังสถานะเป็นสำเร็จแล้วเท่านั้น,คำสั่งซื้อจากร้านค้าต่างกัน,ที่มีอยู่,2599adboostco,paris,mng,m01FahRain0805,,Facebook
250908021Q42H0,รอดำเนินการ,211002205284620,2025-09-08 10:43:26,,2025-09-08 07:25:25,baby_Angel88,415297707,C2C(Non-CB),28833052765,พร้อมส่งในไทย ลวดDiyกำมะหยี่ทำช่อดอกไม้ 97-100เส้น งาน6-7มิล,108720301027,Normal Product,,เครื่องใช้ในบ้าน,อุปกรณ์ตกแต่งบ้าน,ดอกไม้ตกแต่ง,39,3,คอมมิชชั่นจากร้านค้า,,105,,1.50%,1.575,7.00%,0,1.575,4.8,0,4.8,,0,0.00%,0,100.00%,4.8,รอดำเนินการ,สถานะของสินค้านี้คือ อยู่ระหว่างดำเนินการ คอมมิชชั่นจะถูกคำนวณเพื่อจ่ายหลังสถานะเป็นสำเร็จแล้วเท่านั้น,คำสั่งซื้อจากร้านค้าต่างกัน,ที่มีอยู่,2599adboostco,paris,mng,m01FahRain0805,,Facebook
250908021Q42H0,รอดำเนินการ,211002205284620,2025-09-08 10:43:26,,2025-09-08 07:25:25,baby_Angel88,415297707,C2C(Non-CB),28833052765,พร้อมส่งในไทย ลวดDiyกำมะหยี่ทำช่อดอกไม้ 97-100เส้น งาน6-7มิล,108720301029,Normal Product,,เครื่องใช้ในบ้าน,อุปกรณ์ตกแต่งบ้าน,ดอกไม้ตกแต่ง,39,3,คอมมิชชั่นจากร้านค้า,,105,,1.50%,1.575,7.00%,0,1.575,0,0,0,,0,0.00%,0,100.00%,0,รอดำเนินการ,สถานะของสินค้านี้คือ อยู่ระหว่างดำเนินการ คอมมิชชั่นจะถูกคำนวณเพื่อจ่ายหลังสถานะเป็นสำเร็จแล้วเท่านั้น,คำสั่งซื้อจากร้านค้าต่างกัน,ที่มีอยู่,2599adboostco,paris,mng,m01FahRain0805,,Facebook
250908021Q42H0,รอดำเนินการ,211002205284620,2025-09-08 10:43:26,,2025-09-08 07:25:25,baby_Angel88,415297707,C2C(Non-CB),28833052765,พร้อมส่งในไทย ลวดDiyกำมะหยี่ทำช่อดอกไม้ 97-100เส้น งาน6-7มิล,109535438221,Normal Product,,เครื่องใช้ในบ้าน,อุปกรณ์ตกแต่งบ้าน,ดอกไม้ตกแต่ง,26,2,คอมมิชชั่นจากร้านค้า,,48,,1.50%,0.72,7.00%,0,0.72,0,0,0,,0,0.00%,0,100.00%,0,รอดำเนินการ,สถานะของสินค้านี้คือ อยู่ระหว่างดำเนินการ คอมมิชชั่นจะถูกคำนวณเพื่อจ่ายหลังสถานะเป็นสำเร็จแล้วเท่านั้น,คำสั่งซื้อจากร้านค้าต่างกัน,ที่มีอยู่,2599adboostco,paris,mng,m01FahRain0805,,Facebook
250908021Q42H0,รอดำเนินการ,211002205284620,2025-09-08 10:43:26,,2025-09-08 07:25:25,baby_Angel88,415297707,C2C(Non-CB),28833052765,พร้อมส่งในไทย ลวดDiyกำมะหยี่ทำช่อดอกไม้ 97-100เส้น งาน6-7มิล,227872021397,Normal Product,,เครื่องใช้ในบ้าน,อุปกรณ์ตกแต่งบ้าน,ดอกไม้ตกแต่ง,35,2,คอมมิชชั่นจากร้านค้า,,62,,1.50%,0.93,7.00%,0,0.93,0,0,0,,0,0.00%,0,100.00%,0,รอดำเนินการ,สถานะของสินค้านี้คือ อยู่ระหว่างดำเนินการ คอมมิชชั่นจะถูกคำนวณเพื่อจ่ายหลังสถานะเป็นสำเร็จแล้วเท่านั้น,คำสั่งซื้อจากร้านค้าต่างกัน,ที่มีอยู่,2599adboostco,paris,mng,m01FahRain0805,,Facebook
25090801Y7X7RY,รอดำเนินการ,211002122269206,2025-09-08 10:42:02,,2025-09-08 08:28:10,mallinmall.th,173876508,Shopee Mall(CB),3151789110,"Monja กรรไกรตัดผมสเตนเลส กรรไกรตัดผมมืออาชีพ 2 ชิ้น เครื่องมือตัดผม, กรรไกร hair tools",32146462173,Normal Product,,ผลิตภัณฑ์บำรุงและเสริมความงาม,เครื่องมือแต่งหน้า,เครื่องทำผม,66,1,คอมมิชชั่นจากร้านค้า,,59,,1.75%,1.0325,7.00%,0,1.0325,1.0325,0,1.0325,,0,0.00%,0,100.00%,1.0325,รอดำเนินการ,สถานะของสินค้านี้คือ อยู่ระหว่างดำเนินการ คอมมิชชั่นจะถูกคำนวณเพื่อจ่ายหลังสถานะเป็นสำเร็จแล้วเท่านั้น,คำสั่งซื้อจากร้านค้าต่างกัน,ที่มีอยู่,2599adboostco,paris,mng,m01jjshop0803,,Facebook
25090801T5RN5M,สำเร็จ,211001952203553,2025-09-08 10:39:12,2025-09-10 19:05:17,2025-09-08 10:30:55,Best match shop,752129214,C2C(Non-CB),24943326975,ติดครั้งเดียวไม่รั่วน้ำใน 99ปี เทปกันน้ำซึม เทปกันน้ำซึม ความหนืดสูง กันแดด กันน้ำและทนความร้อ,157764705879,Normal Product,,เครื่องใช้ในบ้าน,เครื่องมือและอุปกรณ์ปรับปรุงบ้าน,เทปและกาว,155,2,คอมมิชชั่นจากร้านค้า,,279,,1.50%,4.185,9.00%,0,4.185,4.185,0,4.185,,0,0.00%,0,100.00%,4.185,สำเร็จ,,คำสั่งซื้อจากร้านค้าต่างกัน,ที่มีอยู่,2599adboostco,paris,mng,m01Tik0803,,Facebook
25090801SA5SG9,สำเร็จ,211001923274718,2025-09-08 10:38:44,2025-09-10 11:32:47,2025-09-08 10:30:39,PET-HOMIE,378764485,Preferred(Non-CB),29603200871,【ซื้อ 1 แถม 1】MZ ทรายแมวเต้าหู้ 16 ลิตร  ทรายแมวมันเต้า ออแกนิก 100% ทิ้งชักโครกได้ ทราบแมว ทรายเต้าหู้ ทรายแมว,137958632275,Normal Product,,สัตว์เลี้ยง,ห้องน้ำและทราย,ทรายแมวและกระบะทรายแมว,137,3,คอมมิชชั่นจาก Shopee,,316,,1.75%,5.53,0.00%,0,5.53,5.53,0,5.53,,0,0.00%,0,100.00%,5.53,สำเร็จ,,คำสั่งซื้อจากร้านค้าต่างกัน,ที่มีอยู่,2599adboostco,paris,mng,m01kaofangMeow0303,,Facebook
25090801R15626,สำเร็จ,211001880262683,2025-09-08 10:38:01,2025-09-10 16:47:05,2025-09-08 10:00:13,THUNDER RACING THAILAND,2684876,C2C(Non-CB),26155666150,เจลน้ำหอมปรับอากาศ King's Stella (คิงส์สเตลล่า) Fresh Gel เนื้อเจลบริสุทธิ์จากธรรมชาติ หอมยาวนาน 30 วัน 180g,29505430566,Normal Product,,เครื่องใช้ในบ้าน,เทียนหอม และน้ำมันหอมระเหย,ผลิตภัณฑ์ปรับอากาศและน้ำหอม,79,3,คอมมิชชั่นจากร้านค้า,,213,,1.50%,3.195,7.00%,0,3.195,3.195,0,3.195,,0,0.00%,0,100.00%,3.195,สำเร็จ,,คำสั่งซื้อจากร้านค้าต่างกัน,ที่มีอยู่,2599adboostco,paris,mng,m01jjshop0803,,Facebook
25090801QQJHDN,สำเร็จ,211001870219068,2025-09-08 10:37:50,2025-09-10 15:11:50,2025-09-08 10:13:05,CaraBra,1369251926,Preferred(Non-CB),27013428751,sister hood 776 กางเกงในผู้หญิง ไซร้ใหญ่ ตัวใหญ่เต็มก้น สาวอวบอ้วนใส่สบายผ้าลื่น,207861344403,Normal Product,,เสื้อผ้าผู้หญิง,ชุดชั้นใน,กางเกงชั้นใน,50,1,คอมมิชชั่นจาก Shopee,,39,,1.50%,0.585,0.00%,0,0.585,1.71,0,1.71,,0,0.00%,0,100.00%,1.71,สำเร็จ,,คำสั่งซื้อจากร้านค้าต่างกัน,ที่มีอยู่,2599adboostco,paris,mng,m01YPf0821,,Facebook
25090801QQJHDN,สำเร็จ,211001870219068,2025-09-08 10:37:50,2025-09-10 15:11:50,2025-09-08 10:13:05,CaraBra,1369251926,Preferred(Non-CB),27013428751,sister hood 776 กางเกงในผู้หญิง ไซร้ใหญ่ ตัวใหญ่เต็มก้น สาวอวบอ้วนใส่สบายผ้าลื่น,207861344402,Normal Product,,เสื้อผ้าผู้หญิง,ชุดชั้นใน,กางเกงชั้นใน,50,2,คอมมิชชั่นจาก Shopee,,75,,1.50%,1.125,0.00%,0,1.125,0,0,0,,0,0.00%,0,100.00%,0,สำเร็จ,,คำสั่งซื้อจากร้านค้าต่างกัน,ที่มีอยู่,2599adboostco,paris,mng,m01YPf0821,,Facebook
25090801H3WYN8,รอดำเนินการ,211001648290568,2025-09-08 10:34:08,,2025-09-08 10:24:25,Shopee Choice Thailand,1200824394,Preferred(Non-CB),28100684865,ไม้เซลฟี่ K195 MAX กันสั่น 1.8ม. ขาตั้ง 360º รีโมทบลูทูธ (มี/ไม่มีไฟ),255876070359,Normal Product,,มือถือและอุปกรณ์เสริม,อุปกรณ์เสริม,อุปกรณ์สำหรับเซลฟี่,371,1,คอมมิชชั่นจาก Shopee,,296,,0.00%,0,0.00%,0,0,0,0,0,,0,0.00%,0,100.00%,0,รอดำเนินการ,สถานะของสินค้านี้คือ อยู่ระหว่างดำเนินการ คอมมิชชั่นจะถูกคำนวณเพื่อจ่ายหลังสถานะเป็นสำเร็จแล้วเท่านั้น,สั่งซื้อในร้านค้าเดียวกัน,ที่มีอยู่,,,,,,Shopeevideo-Shopee
25090801EUE5TN,สำเร็จ,211001572283445,2025-09-08 10:32:52,2025-09-10 17:54:47,2025-09-08 10:27:13,Lotta shop,74153749,Preferred(Non-CB),19138464164,(กล่องX6ซอง) KA UV กันแดด (Soft Cream / Protection BabyFace),136597812368,Normal Product,,ผลิตภัณฑ์บำรุงและเสริมความงาม,ผลิตภัณฑ์บำรุงบริเวณใบหน้า,ผลิตภัณฑ์กันแดดสำหรับใบหน้า,139,1,คอมมิชชั่นจาก Shopee,,118,,1.75%,2.065,0.00%,0,2.065,2.065,0,2.065,,0,0.00%,0,100.00%,2.065,สำเร็จ,,คำสั่งซื้อจากร้านค้าต่างกัน,ที่มีอยู่,2599adboostco,paris,mng,m01KFdika0520,,Facebook
25090801EMRQF7,รอดำเนินการ,211001565281606,2025-09-08 10:32:45,,2025-09-08 09:59:41,Dr. Pong shop,6583190,Shopee Mall(Non-CB),25513287365,"[9.9 ถูกสุด!] BEAUTILAB A2P Retouch Brightening Concealer&Peach Corrector คอนซีลเลอร์,คอเรคเตอร์สีพีช ปกปิดใต้ตาคล้ำ",207314817270,Normal Product,,ผลิตภัณฑ์บำรุงและเสริมความงาม,เครื่องสําอาง,เครื่องสําอางสำหรับผิวหน้า,199,1,คอมมิชชั่นจาก Shopee,,179,,1.75%,3.1325,0.00%,0,3.1325,3.1325,0,3.1325,,0,0.00%,0,100.00%,3.1325,รอดำเนินการ,สถานะของสินค้านี้คือ อยู่ระหว่างดำเนินการ คอมมิชชั่นจะถูกคำนวณเพื่อจ่ายหลังสถานะเป็นสำเร็จแล้วเท่านั้น,คำสั่งซื้อจากร้านค้าต่างกัน,ที่มีอยู่,2599adboostco,paris,mng,m06Nasa1228,,Facebook
250908018G8XTY,รอดำเนินการ,211001359249828,2025-09-08 10:29:20,,2025-09-08 10:25:32,Dika Mall,612712702,Preferred(Non-CB),28682564163,Dika 2 ชิ้นของเครื่องประดับตกแต่งหมีสำหรับหมวกกันน็อคมอเตอร์ไซค์สี เหมาะสำหรับมอเตอร์ไซค์และจักรยาน,167096436404,Normal Product,368347514875922_0_0,รถมอเตอร์ไซค์ อะไหล่และอุปกรณ์เสริมมอเตอร์ไซค์,หมวกกันน็อคและอุปกรณ์สวมใส่สำหรับขับขี่,,0,1,คอมมิชชั่นจากร้านค้า,,0,,1.75%,0,8.00%,0,0,9.6425,44.08,53.7225,,0,0.00%,0,100.00%,53.7225,รอดำเนินการ,สถานะของสินค้านี้คือ อยู่ระหว่างดำเนินการ คอมมิชชั่นจะถูกคำนวณเพื่อจ่ายหลังสถานะเป็นสำเร็จแล้วเท่านั้น,สั่งซื้อในร้านค้าเดียวกัน,ที่มีอยู่,2599adboostco,paris,mng,m01KFdika0520,,Facebook
250908018G8XTY,รอดำเนินการ,211001359249828,2025-09-08 10:29:20,,2025-09-08 10:25:32,Dika Mall,612712702,Preferred(Non-CB),21491624016,DIKA หมวกกันน็อค แว่น2ชั้น หมวกกันน็อคเต็มใบ สามารถเปิดคางได้ Motorcycle Helmet  ปลอดภัย กันน้ำ,204488838466,Normal Product,368347514875922_0_0,รถมอเตอร์ไซค์ อะไหล่และอุปกรณ์เสริมมอเตอร์ไซค์,หมวกกันน็อคและอุปกรณ์สวมใส่สำหรับขับขี่,,638,1,คอมมิชชั่นจากร้านค้า,,551,,1.75%,9.6425,8.00%,44.08,53.7225,0,0,0,,0,0.00%,0,100.00%,0,รอดำเนินการ,สถานะของสินค้านี้คือ อยู่ระหว่างดำเนินการ คอมมิชชั่นจะถูกคำนวณเพื่อจ่ายหลังสถานะเป็นสำเร็จแล้วเท่านั้น,สั่งซื้อในร้านค้าเดียวกัน,ที่มีอยู่,2599adboostco,paris,mng,m01KFdika0520,,Facebook
25090801811C91,สำเร็จ,211001343270215,2025-09-08 10:29:04,2025-09-11 06:00:41,2025-09-08 10:20:27,Abby mall,431816630,Preferred(Non-CB),23545238266,👂👂🇹🇭พร้อมส่งจากไทย🇹🇭 เครื่องเจาะหู ระบบสปริงค์ แบบใช้แล้วทิ้ง,204645898285,Normal Product,0_320517328797745_1,กลุ่มผลิตภัณฑ์เพื่อสุขภาพ,ของใช้ส่วนตัว,ผลิตภัณฑ์ดูแลหู,11,1,คอมมิชชั่นจากร้านค้า,,10,,1.50%,0.15,7.00%,0,0.15,0.33,0,0.33,,0,0.00%,0,100.00%,0.33,สำเร็จ,,คำสั่งซื้อจากร้านค้าต่างกัน,ที่มีอยู่,2599adboostco,paris,mng,m56Fazzi0830,,Facebook
25090801811C91,สำเร็จ,211001343270215,2025-09-08 10:29:04,2025-09-11 06:00:41,2025-09-08 10:20:27,Abby mall,431816630,Preferred(Non-CB),23545238266,👂👂🇹🇭พร้อมส่งจากไทย🇹🇭 เครื่องเจาะหู ระบบสปริงค์ แบบใช้แล้วทิ้ง,241535373501,Normal Product,0_320517328797745_1,กลุ่มผลิตภัณฑ์เพื่อสุขภาพ,ของใช้ส่วนตัว,ผลิตภัณฑ์ดูแลหู,15,1,คอมมิชชั่นจากร้านค้า,,12,,1.50%,0.18,7.00%,0,0.18,0,0,0,,0,0.00%,0,100.00%,0,สำเร็จ,,คำสั่งซื้อจากร้านค้าต่างกัน,ที่มีอยู่,2599adboostco,paris,mng,m56Fazzi0830,,Facebook
2509080174DJ63,สำเร็จ,211001313263504,2025-09-08 10:28:33,2025-09-10 12:53:24,2025-09-08 10:26:59,Boots Thailand,325262295,Shopee Mall(Non-CB),27514100322,Johnson จอห์นสัน เบบี้ จอห์นสัน เบดไทม์ เบบี้ ออยล์ 125 มล. X2,251779772521,Normal Product,,แม่และเด็ก,ผลิตภัณฑ์ดูแลสุขภาพเด็ก,ผลิตภัณฑ์ดูแลผิวเด็ก,105,1,คอมมิชชั่นจาก Shopee,,105,,1.75%,1.8375,0.00%,0,1.8375,1.8375,0,1.8375,,0,0.00%,0,100.00%,1.8375,สำเร็จ,,คำสั่งซื้อจากร้านค้าต่างกัน,ที่มีอยู่,2599adboostco,paris,mng,m01Tik0803,,Facebook
250908013TGXD9,สำเร็จ,211001202220359,2025-09-08 10:26:43,2025-09-10 22:49:50,2025-09-08 10:15:04,ถูกจัง ออนไลน์,1104290760,Preferred(Non-CB),29507446294,(1แถม1)🚩ไฮยีนExpertCare น้ำยาปรับผ้านุ่ม สูตรเข้มข้น 480 ml.,290891050775,Normal Product,,เครื่องใช้ในบ้าน,อุปกรณ์ซักรีดและผลิตภัณฑ์ดูแลบ้าน,ผลิตภัณฑ์ซักรีด,99,3,คอมมิชชั่นจาก Shopee,,267,,1.50%,4.005,0.00%,0,4.005,4.005,0,4.005,,0,0.00%,0,100.00%,4.005,สำเร็จ,,คำสั่งซื้อจากร้านค้าต่างกัน,ที่มีอยู่,2599adboostco,paris,mng,m01FahRain0805,,Facebook
250908011BCCVF,สำเร็จ,211001119239764,2025-09-08 10:25:20,2025-09-10 10:05:50,2025-09-08 09:53:41,ATC Michelin Accessories TH,786242394,Shopee Mall(Non-CB),25880374522,MICHELIN ใบปัดน้ำฝนโครงเหล็ก แพ็คเดี่ยว U-HOOK RainForce Wiper Blade (single pack 1 ชิ้น),240818851738,Normal Product,0_364077457556143_1,รถยนต์ อะไหล่และอุปกรณ์เสริมรถยนต์,ชิ้นส่วนอะไหล่รถยนต์,ที่ปัดน้ำฝน และตัวชะล้าง,193.17819,1,คอมมิชชั่นจากร้านค้า,,136.17819,,1.75%,2.38311,7.00%,9.53247,11.91558,4.54999,18.19999,22.74998,,0,0.00%,0,100.00%,22.74998,สำเร็จ,,สั่งซื้อในร้านค้าเดียวกัน,ที่มีอยู่,2599adboostco,paris,mng,m01FahRain0805,,Facebook
250908011BCCVF,สำเร็จ,211001119239764,2025-09-08 10:25:20,2025-09-10 10:05:50,2025-09-08 09:53:41,ATC Michelin Accessories TH,786242394,Shopee Mall(Non-CB),25880374522,MICHELIN ใบปัดน้ำฝนโครงเหล็ก แพ็คเดี่ยว U-HOOK RainForce Wiper Blade (single pack 1 ชิ้น),240818851744,Normal Product,0_364077457556143_1,รถยนต์ อะไหล่และอุปกรณ์เสริมรถยนต์,ชิ้นส่วนอะไหล่รถยนต์,ที่ปัดน้ำฝน และตัวชะล้าง,171.8218,1,คอมมิชชั่นจากร้านค้า,,123.8218,,1.75%,2.16688,7.00%,8.66752,10.8344,0,0,0,,0,0.00%,0,100.00%,0,สำเร็จ,,สั่งซื้อในร้านค้าเดียวกัน,ที่มีอยู่,2599adboostco,paris,mng,m01FahRain0805,,Facebook
250908010MGB99,สำเร็จ,211001095242245,2025-09-08 10:24:55,2025-09-09 21:15:32,2025-09-08 10:19:06,ATC Michelin Accessories TH,786242394,Shopee Mall(Non-CB),24780422911,ใบปัดน้ำฝนโครงเหล็กไฮบริด มิชลิน ขนาด 14 - 28 นิ้ว แพ็คเดี่ยว (single pack 1 ชิ้น) มีอะแดปเตอร์ในกล่อง,168202058154,Normal Product,,รถยนต์ อะไหล่และอุปกรณ์เสริมรถยนต์,ชิ้นส่วนอะไหล่รถยนต์,ที่ปัดน้ำฝน และตัวชะล้าง,407,1,คอมมิชชั่นจากร้านค้า,,330,,1.75%,5.775,7.00%,23.1,28.875,5.775,23.1,28.875,,0,0.00%,0,100.00%,28.875,สำเร็จ,,สั่งซื้อในร้านค้าเดียวกัน,ที่มีอยู่,2599adboostco,paris,mng,m01FahRain0805,,Facebook
25090800YURCMB,รอดำเนินการ,211001069292147,2025-09-08 10:24:29,,2025-09-08 06:04:57,BP PARTS,632838991,Preferred(Non-CB),25033885659,กระจก click125/150 pcx150/160 รุ่นใหม่ 1คู่ สีดำ คลิก125 มองเห็นชัดเจน พร้อมจัดส่ง,241252228746,Normal Product,,รถมอเตอร์ไซค์ อะไหล่และอุปกรณ์เสริมมอเตอร์ไซค์,อุปกรณ์ตกแต่งมอเตอร์ไซค์,กระจกข้างและอุปกรณ์เสริม,115,1,คอมมิชชั่นจากร้านค้า,,111,,1.75%,1.9425,7.00%,0,1.9425,1.9425,0,1.9425,,0,0.00%,0,100.00%,1.9425,รอดำเนินการ,สถานะของสินค้านี้คือ อยู่ระหว่างดำเนินการ คอมมิชชั่นจะถูกคำนวณเพื่อจ่ายหลังสถานะเป็นสำเร็จแล้วเท่านั้น,คำสั่งซื้อจากร้านค้าต่างกัน,ที่มีอยู่,2599adboostco,paris,mng,m01BMavk0821,,Facebook
25090800X86AK2,รอดำเนินการ,211001015220726,2025-09-08 10:23:36,,2025-09-08 10:21:49,PROFILM,237954961,Preferred(Non-CB),20478849540,สเปรย์เคลือบเงา พรีเมี่ยม เคลือบพลาสติก เคลือบสีรถ เคลือบยางดำ เคลือบเบาะคอนโซล PROWAX PREMIUMWAX,127554691921,Normal Product,,รถยนต์ อะไหล่และอุปกรณ์เสริมรถยนต์,ผลิตภัณฑ์ดูแลรถยนต์,ผลิตภัณฑ์ล้างและเคลือบเงารถยนต์,119,1,คอมมิชชั่นจากร้านค้า,,107,,1.75%,1.8725,20.00%,21.4,23.2725,1.8725,21.4,23.2725,,0,0.00%,0,100.00%,23.2725,รอดำเนินการ,สถานะของสินค้านี้คือ อยู่ระหว่างดำเนินการ คอมมิชชั่นจะถูกคำนวณเพื่อจ่ายหลังสถานะเป็นสำเร็จแล้วเท่านั้น,สั่งซื้อในร้านค้าเดียวกัน,ที่มีอยู่,2599adboostco,paris,mng,m56ProwaVDO0905,,Facebook
25090800UGF27B,สำเร็จ,211000923245445,2025-09-08 10:22:03,2025-09-11 16:45:19,2025-09-08 08:11:57,PiggyBites,1047135871,C2C(Non-CB),23275946291,พริกกากหมู กรอบ หอม เคี้ยวเพลินๆ(รสต้มยำ),187318939418,Normal Product,,อาหารและเครื่องดื่ม,ขนมขบเคี้ยว,มันฝรั่งทอดกรอบ,280,1,คอมมิชชั่นจากร้านค้า,,202,,1.75%,3.535,15.00%,0,3.535,7.0525,0,7.0525,,0,0.00%,0,100.00%,7.0525,สำเร็จ,,คำสั่งซื้อจากร้านค้าต่างกัน,ที่มีอยู่,2599adboostco,paris,mng,m01BMavk0821,,Facebook
25090800UGF27B,สำเร็จ,211000923245445,2025-09-08 10:22:03,2025-09-11 16:45:19,2025-09-08 08:11:57,PiggyBites,1047135871,C2C(Non-CB),23275946291,พริกกากหมู กรอบ หอม เคี้ยวเพลินๆ(รสต้มยำ),204485280898,Normal Product,,อาหารและเครื่องดื่ม,ขนมขบเคี้ยว,มันฝรั่งทอดกรอบ,280,1,คอมมิชชั่นจากร้านค้า,,201,,1.75%,3.5175,15.00%,0,3.5175,0,0,0,,0,0.00%,0,100.00%,0,สำเร็จ,,คำสั่งซื้อจากร้านค้าต่างกัน,ที่มีอยู่,2599adboostco,paris,mng,m01BMavk0821,,Facebook
25090800QU6H93,รอดำเนินการ,211000800276058,2025-09-08 10:20:01,,2025-09-06 06:24:33,Shopee Choice Global,196268298,C2C(CB),28310374866,Led ดิจิตอลไร้สาย Presenter ปากกา 2.4 Ghz USB C อะแดปเตอร์มือถือรีโมทคอนโทรลตัวชี้ปากกาสีแดง PPT Power Point Presentation Point,251539335472,Normal Product,,เครื่องใช้ไฟฟ้าภายในบ้าน,โปรเจคเตอร์และ อะไหล่,พอยเตอร์,121,1,คอมมิชชั่นจากร้านค้า,,102,,1.50%,1.53,7.00%,0,1.53,1.53,0,1.53,,0,0.00%,0,100.00%,1.53,รอดำเนินการ,สถานะของสินค้านี้คือ อยู่ระหว่างดำเนินการ คอมมิชชั่นจะถูกคำนวณเพื่อจ่ายหลังสถานะเป็นสำเร็จแล้วเท่านั้น,คำสั่งซื้อจากร้านค้าต่างกัน,ที่มีอยู่,2599adboostco,paris,mng,m06NOV0904,,Facebook
25090800QERA15,สำเร็จ,211000787227782,2025-09-08 10:19:48,2025-09-10 22:21:42,2025-09-08 06:12:30,My baby toy,592621816,C2C(Non-CB),27788801123,ที่คาดผมหูกระต่าย มีไฟ LED สามารถโยกซ้ายขวาได้ น่ารัก ใส่กับงานปาตี้สังสรรค์ ของขวัญสำหรับเด็ก ของเล่นเด็ก ผู้ใหญ่,129405102240,Normal Product,,เครื่องประดับ,เครื่องประดับผม,ที่คาดผม,227,2,คอมมิชชั่นจากร้านค้า,,363,,1.75%,6.3525,7.10%,0,6.3525,6.3525,0,6.3525,,0,0.00%,0,100.00%,6.3525,สำเร็จ,,คำสั่งซื้อจากร้านค้าต่างกัน,ที่มีอยู่,2599adboostco,paris,mng,m01Tik0803,,Facebook
25090800Q58TK2,สำเร็จ,211000777286899,2025-09-08 10:19:37,2025-09-11 14:45:16,2025-09-08 06:46:28,กล่องเก็บเสื้อผ้า A99999,954218555,C2C(Non-CB),22846553581,เก้าอี้หนังพับได้ กล่องเก็บของ กล่องตกแต่ง นั่งได้ ขนาดใหญ่ ความจุมาก 110L รับน้ำหนักได้ 100 catties,214391189096,Normal Product,,เครื่องใช้ในบ้าน,เฟอร์นิเจอร์,เก้าอี้,215,1,คอมมิชชั่นจากร้านค้า,,215,,1.50%,3.225,7.00%,0,3.225,3.225,0,3.225,,0,0.00%,0,100.00%,3.225,สำเร็จ,,คำสั่งซื้อจากร้านค้าต่างกัน,ที่มีอยู่,2599adboostco,paris,mng,m01Tik0803,,Facebook
25090800P1Y7P1,สำเร็จ,211000740261790,2025-09-08 10:19:01,2025-09-10 19:52:05,2025-09-08 09:54:14,AK Electronic,56694662,Preferred(Non-CB),26276420663,ท่อทองแดงต่อสายไฟ BN สำหรับย้ำต่อสายไฟ ขนาด 1.5-35 Sq.mm,237380524627,Normal Product,,เครื่องใช้ไฟฟ้าภายในบ้าน,แผงวงจรและ อะไหล่,อื่นๆ,23,2,คอมมิชชั่นจาก Shopee,,41,,1.50%,0.615,0.00%,0,0.615,1.485,0,1.485,,0,0.00%,0,100.00%,1.485,สำเร็จ,,คำสั่งซื้อจากร้านค้าต่างกัน,ที่มีอยู่,2599adboostco,paris,mng,m56ProwaVDO0905,,Facebook
25090800P1Y7P1,สำเร็จ,211000740261790,2025-09-08 10:19:01,2025-09-10 19:52:05,2025-09-08 09:54:14,AK Electronic,56694662,Preferred(Non-CB),7385144500,พัดลม ระบายอากาศ DC 12V 24V 40 มม. 50 มม. 60 มม. หนา 10mm 15mm  หัวต่อ 2PIN ตะแกรงพัดลม ดักฝุ่น ตะแกรงเหล็ก,236697829464,Normal Product,,คอมพิวเตอร์และอุปกรณ์เสริม,อุปกรณ์คอมพิวเตอร์,พัดลมและซิงค์ระบายความร้อน,39,1,คอมมิชชั่นจาก Shopee,,34,,1.50%,0.51,0.00%,0,0.51,0,0,0,,0,0.00%,0,100.00%,0,สำเร็จ,,คำสั่งซื้อจากร้านค้าต่างกัน,ที่มีอยู่,2599adboostco,paris,mng,m56ProwaVDO0905,,Facebook
25090800P1Y7P1,สำเร็จ,211000740261790,2025-09-08 10:19:01,2025-09-10 19:52:05,2025-09-08 09:54:14,AK Electronic,56694662,Preferred(Non-CB),13561245736,TERMINAL BLOCK 15A( 4P-12P) 25A (4P-12P ) เทอร์มินอล บล็อก แผงต่อสายไฟ ขนาดเล็ก,178609946256,Normal Product,,เครื่องใช้ในบ้าน,เครื่องมือและอุปกรณ์ปรับปรุงบ้าน,เครื่องมือช่าง,13,2,คอมมิชชั่นจาก Shopee,,24,,1.50%,0.36,0.00%,0,0.36,0,0,0,,0,0.00%,0,100.00%,0,สำเร็จ,,คำสั่งซื้อจากร้านค้าต่างกัน,ที่มีอยู่,2599adboostco,paris,mng,m56ProwaVDO0905,,Facebook
25090800NQG090,รอดำเนินการ,211000729283398,2025-09-08 10:18:50,,2025-09-08 09:53:29,ZALA Shop,1438302217,C2C(Non-CB),29476052142,ผ้าคลุมเตียง ผ้าปูที่นอน กันฝุ่น กันไรฝุ่น ขนาดเตียง 3.5ฟุต 6ฟุต ผ้าหนา คุณภาพดี พร้อมส่งในไทย,223797188379,Normal Product,0_347412275593627_1,เครื่องใช้ในบ้าน,ห้องนอน,ผ้าปูที่นอน,83.15217,1,คอมมิชชั่นจากร้านค้า,,81.15217,,1.50%,1.21728,7.00%,0,1.21728,2.62499,0,2.62499,,0,0.00%,0,100.00%,2.62499,รอดำเนินการ,สถานะของสินค้านี้คือ อยู่ระหว่างดำเนินการ คอมมิชชั่นจะถูกคำนวณเพื่อจ่ายหลังสถานะเป็นสำเร็จแล้วเท่านั้น,คำสั่งซื้อจากร้านค้าต่างกัน,ที่มีอยู่,2599adboostco,paris,mng,m01kaofangMeow0303,,Facebook
25090800NQG090,รอดำเนินการ,211000729283398,2025-09-08 10:18:50,,2025-09-08 09:53:29,ZALA Shop,1438302217,C2C(Non-CB),29476052142,ผ้าคลุมเตียง ผ้าปูที่นอน กันฝุ่น กันไรฝุ่น ขนาดเตียง 3.5ฟุต 6ฟุต ผ้าหนา คุณภาพดี พร้อมส่งในไทย,223797188380,Normal Product,0_347412275593627_1,เครื่องใช้ในบ้าน,ห้องนอน,ผ้าปูที่นอน,96.84782,1,คอมมิชชั่นจากร้านค้า,,93.84782,,1.50%,1.40771,7.00%,0,1.40771,0,0,0,,0,0.00%,0,100.00%,0,รอดำเนินการ,สถานะของสินค้านี้คือ อยู่ระหว่างดำเนินการ คอมมิชชั่นจะถูกคำนวณเพื่อจ่ายหลังสถานะเป็นสำเร็จแล้วเท่านั้น,คำสั่งซื้อจากร้านค้าต่างกัน,ที่มีอยู่,2599adboostco,paris,mng,m01kaofangMeow0303,,Facebook
25090800NQG08Y,สำเร็จ,211000729283398,2025-09-08 10:18:50,2025-09-09 16:25:40,2025-09-08 09:53:29,Uneed.th store,1092528171,Shopee Mall(Non-CB),27661145668,[China CCC] UNEED Powerbank เล็กที่สุด พาวเวอแบงค์ 20000/30000mAh Magnetic แบตสํารอง ชาร์จเร็ว PD35W พาวเวอร์แบงค์,198636817442,Normal Product,366891634213435_0_0,มือถือและอุปกรณ์เสริม,อุปกรณ์เสริม,แบตเตอรี่และแบตสำรอง,799,1,คอมมิชชั่นจากร้านค้า,,799,,1.50%,11.985,8.00%,0,11.985,11.985,0,11.985,,0,0.00%,0,100.00%,11.985,สำเร็จ,,คำสั่งซื้อจากร้านค้าต่างกัน,ที่มีอยู่,2599adboostco,paris,mng,m01kaofangMeow0303,,Facebook
25090800NQG08Y,สำเร็จ,211000729283398,2025-09-08 10:18:50,2025-09-09 16:25:40,2025-09-08 09:53:29,Uneed.th store,1092528171,Shopee Mall(Non-CB),29787229754,แหวนแม่เหล็ก Magnetic Ring For Phones (GIFT),280405176182,Normal Product,366891634213435_0_0,มือถือและอุปกรณ์เสริม,อุปกรณ์เสริม,อื่นๆ,0,1,คอมมิชชั่นจาก Shopee,,0,,1.50%,0,0.00%,0,0,0,0,0,,0,0.00%,0,100.00%,0,สำเร็จ,,คำสั่งซื้อจากร้านค้าต่างกัน,ที่มีอยู่,2599adboostco,paris,mng,m01kaofangMeow0303,,Facebook
25090800J8TGFR,รอดำเนินการ,211000613230490,2025-09-08 10:16:54,,2025-09-08 10:06:56,SuperZMall,34217377,Preferred(Non-CB),3095304885,🔥มีราคาส่ง🔥สันห่วงถอดได้ 22mm 30ห่วง สันห่วงเข้าเล่ม สมุดรีฟิล สมุดเติมไส้ กระดูกงู,155994373115,Normal Product,,เครื่องเขียน,สมุดโน๊ตและกระดาษ,สินค้าอื่นๆ,25,2,คอมมิชชั่นจาก Shopee,,42,,1.75%,0.735,0.00%,0,0.735,1.4875,0,1.4875,,0,0.00%,0,100.00%,1.4875,รอดำเนินการ,สถานะของสินค้านี้คือ อยู่ระหว่างดำเนินการ คอมมิชชั่นจะถูกคำนวณเพื่อจ่ายหลังสถานะเป็นสำเร็จแล้วเท่านั้น,คำสั่งซื้อจากร้านค้าต่างกัน,ที่มีอยู่,2599adboostco,paris,mng,m01Tik0803,,Facebook
25090800J8TGFR,รอดำเนินการ,211000613230490,2025-09-08 10:16:54,,2025-09-08 10:06:56,SuperZMall,34217377,Preferred(Non-CB),3095304885,🔥มีราคาส่ง🔥สันห่วงถอดได้ 22mm 30ห่วง สันห่วงเข้าเล่ม สมุดรีฟิล สมุดเติมไส้ กระดูกงู,113479638514,Normal Product,,เครื่องเขียน,สมุดโน๊ตและกระดาษ,สินค้าอื่นๆ,25,2,คอมมิชชั่นจาก Shopee,,43,,1.75%,0.7525,0.00%,0,0.7525,0,0,0,,0,0.00%,0,100.00%,0,รอดำเนินการ,สถานะของสินค้านี้คือ อยู่ระหว่างดำเนินการ คอมมิชชั่นจะถูกคำนวณเพื่อจ่ายหลังสถานะเป็นสำเร็จแล้วเท่านั้น,คำสั่งซื้อจากร้านค้าต่างกัน,ที่มีอยู่,2599adboostco,paris,mng,m01Tik0803,,Facebook
25090800GMDMEE,รอดำเนินการ,211000558282304,2025-09-08 10:15:59,,2025-09-08 07:41:42,Bite of Wild Official Shop,990764810,Shopee Mall(CB),27074098601,Bite Of Wild K42 อาหารแมว 50g Premium Soft Kibble สูง Digest Ratio Grain ฟรีอาหารแมวแห้งนมแพะสําหรับทุกวัยแมว,89093577722,Normal Product,,สัตว์เลี้ยง,อาหารสัตว์,อาหารแมว,119,1,คอมมิชชั่นจากร้านค้า,,91,,1.75%,1.5925,15.00%,0,1.5925,1.5925,0,1.5925,,0,0.00%,0,100.00%,1.5925,รอดำเนินการ,สถานะของสินค้านี้คือ อยู่ระหว่างดำเนินการ คอมมิชชั่นจะถูกคำนวณเพื่อจ่ายหลังสถานะเป็นสำเร็จแล้วเท่านั้น,คำสั่งซื้อจากร้านค้าต่างกัน,ที่มีอยู่,2599adboostco,paris,mng,m01kaofangMeow0303,,Facebook
25090800EW16HD,สำเร็จ,211000500211290,2025-09-08 10:14:59,2025-09-09 11:39:57,2025-09-08 09:59:30,Nasalee.,1220824351,Preferred(CB),29712327956,✨สินค้าพร้อมส่ง✨เสื้อยืดคอกลมลายร่วมกับ NASA ใส่ได้ทั้งชายและหญิง ผลิตจากผ้าคอตตอน 100% เหมาะสำหรับเยาวชน,241665327022,Normal Product,,เสื้อผ้าผู้ชาย,เสื้อ,เสื้อยืด,165,1,ดีลพิเศษเฉพาะคุณ,,133,,1.75%,2.3275,25.00%,33.25,35.5775,2.3275,33.25,35.5775,,0,0.00%,0,100.00%,35.5775,สำเร็จ,,สั่งซื้อในร้านค้าเดียวกัน,ที่มีอยู่,241225adboostco,paris,mng,m06Nasa1228,m06Nasa1228photo,Others
25090800ENENQH,รอดำเนินการ,211000492268163,2025-09-08 10:14:53,,2025-09-08 05:21:39,Tong   Tong,5138385,Preferred(Non-CB),3852807151,PG เทปกันลื่น เทปกันลื่นสำหรับติดบนพื้นผิวเรียบ ผิวหยาบกันลื่นได้อย่างดี ใช้งานง่าย ติดแน่น ทนทาน ขนาด กว้าง5ซม.ยาว5เมตร,257920876088,Normal Product,,เครื่องใช้ในบ้าน,เครื่องมือและอุปกรณ์ปรับปรุงบ้าน,เทปและกาว,79,3,คอมมิชชั่นจากร้านค้า,,213,,1.50%,3.195,5.00%,0,3.195,3.195,0,3.195,,0,0.00%,0,100.00%,3.195,รอดำเนินการ,สถานะของสินค้านี้คือ อยู่ระหว่างดำเนินการ คอมมิชชั่นจะถูกคำนวณเพื่อจ่ายหลังสถานะเป็นสำเร็จแล้วเท่านั้น,คำสั่งซื้อจากร้านค้าต่างกัน,ที่มีอยู่,2599adboostco,paris,mng,m01FahRain0805,,Facebook
25090800DK4G79,สำเร็จ,211000456279316,2025-09-08 10:14:17,2025-09-10 14:00:18,2025-09-08 10:07:09,Win Packaging,1575268210,C2C(Non-CB),41506631129,ถุงลิตร ถุงแกลลอน 2.5/5 ลิตร ปากกว้าง แถมฝา ขนาด 3.3cm Food Grade ใส่ข้าวสาร เครื่องดื่ม ใช้ซ้ำได้,216141852156,Normal Product,,เครื่องใช้ในบ้าน,เครื่องครัว,ที่ใส่อาหารและเครื่องดื่ม,18,5,คอมมิชชั่นจากร้านค้า,,81,,1.50%,1.215,13.00%,0,1.215,2.685,0,2.685,,0,0.00%,0,100.00%,2.685,สำเร็จ,,คำสั่งซื้อจากร้านค้าต่างกัน,ที่มีอยู่,2599adboostco,paris,mng,m01kaofangMeow0303,,Facebook
25090800DK4G79,สำเร็จ,211000456279316,2025-09-08 10:14:17,2025-09-10 14:00:18,2025-09-08 10:07:09,Win Packaging,1575268210,C2C(Non-CB),41506631129,ถุงลิตร ถุงแกลลอน 2.5/5 ลิตร ปากกว้าง แถมฝา ขนาด 3.3cm Food Grade ใส่ข้าวสาร เครื่องดื่ม ใช้ซ้ำได้,216141852157,Normal Product,,เครื่องใช้ในบ้าน,เครื่องครัว,ที่ใส่อาหารและเครื่องดื่ม,22,5,คอมมิชชั่นจากร้านค้า,,98,,1.50%,1.47,13.00%,0,1.47,0,0,0,,0,0.00%,0,100.00%,0,สำเร็จ,,คำสั่งซื้อจากร้านค้าต่างกัน,ที่มีอยู่,2599adboostco,paris,mng,m01kaofangMeow0303,,Facebook
25090800DK4G78,สำเร็จ,211000456279315,2025-09-08 10:14:17,2025-09-11 12:27:00,2025-09-08 10:07:09,CUTE KITTY,286103977,Preferred(Non-CB),28925507380,【จัดส่งฟรี】ห้องน้ำแมว แบบปิด กระบะทรายแมวขนาดใหญ่ เพิ่มพื้นที่ ป้องกันกลิ่น ป้องกันการกระเซ็น ฟรีที่ตักทรายแมว กระบะทราย,159078733913,Normal Product,367270065291583_0_0,สัตว์เลี้ยง,ห้องน้ำและทราย,ทรายแมวและกระบะทรายแมว,89,1,คอมมิชชั่นจาก Shopee,,80,,1.75%,1.4,0.00%,0,1.4,3.78,0,3.78,,0,0.00%,0,100.00%,3.78,สำเร็จ,,คำสั่งซื้อจากร้านค้าต่างกัน,ที่มีอยู่,2599adboostco,paris,mng,m01kaofangMeow0303,,Facebook
25090800DK4G78,สำเร็จ,211000456279315,2025-09-08 10:14:17,2025-09-11 12:27:00,2025-09-08 10:07:09,CUTE KITTY,286103977,Preferred(Non-CB),28925507380,【จัดส่งฟรี】ห้องน้ำแมว แบบปิด กระบะทรายแมวขนาดใหญ่ เพิ่มพื้นที่ ป้องกันกลิ่น ป้องกันการกระเซ็น ฟรีที่ตักทรายแมว กระบะทราย,198198734418,Normal Product,367270065291583_0_0,สัตว์เลี้ยง,ห้องน้ำและทราย,ทรายแมวและกระบะทรายแมว,152,1,คอมมิชชั่นจาก Shopee,,136,,1.75%,2.38,0.00%,0,2.38,0,0,0,,0,0.00%,0,100.00%,0,สำเร็จ,,คำสั่งซื้อจากร้านค้าต่างกัน,ที่มีอยู่,2599adboostco,paris,mng,m01kaofangMeow0303,,Facebook
25090800DK4G78,สำเร็จ,211000456279315,2025-09-08 10:14:17,2025-09-11 12:27:00,2025-09-08 10:07:09,CUTE KITTY,286103977,Preferred(Non-CB),40614312163,ห้องน้ำแมวตัวใหญ่ ขอบสูง ทำความสะอาดง่าย cat litter box ห้องน้ำแมว กระบะทรายแมวแบบปิด กล่องทรายกึ่งเปิด ห้องน้ำแมว,228067468290,Normal Product,367270065291583_0_0,สัตว์เลี้ยง,ห้องน้ำและทราย,ทรายแมวและกระบะทรายแมว,0,1,คอมมิชชั่นจาก Shopee,,0,,1.75%,0,0.00%,0,0,0,0,0,,0,0.00%,0,100.00%,0,สำเร็จ,,คำสั่งซื้อจากร้านค้าต่างกัน,ที่มีอยู่,2599adboostco,paris,mng,m01kaofangMeow0303,,Facebook
25090800DK4G78,สำเร็จ,211000456279315,2025-09-08 10:14:17,2025-09-11 12:27:00,2025-09-08 10:07:09,CUTE KITTY,286103977,Preferred(Non-CB),40614312163,ห้องน้ำแมวตัวใหญ่ ขอบสูง ทำความสะอาดง่าย cat litter box ห้องน้ำแมว กระบะทรายแมวแบบปิด กล่องทรายกึ่งเปิด ห้องน้ำแมว,228067468291,Normal Product,367270065291583_0_0,สัตว์เลี้ยง,ห้องน้ำและทราย,ทรายแมวและกระบะทรายแมว,0,1,คอมมิชชั่นจาก Shopee,,0,,1.75%,0,0.00%,0,0,0,0,0,,0,0.00%,0,100.00%,0,สำเร็จ,,คำสั่งซื้อจากร้านค้าต่างกัน,ที่มีอยู่,2599adboostco,paris,mng,m01kaofangMeow0303,,Facebook
25090800DK4G77,รอดำเนินการ,211000456279314,2025-09-08 10:14:17,,2025-09-08 10:07:09,kungbaza Teakwood,77912544,C2C(Non-CB),18889557229,กล่องใส่แก้วกาแฟ 16-32ออนซ์ 3ช่องซี่  ใส่แก้วโอ่งได้ แชท ค่าส่งถูก,197670519369,Normal Product,,เครื่องใช้ในบ้าน,เครื่องใช้บนโต๊ะอาหาร,แก้วน้ำ,135,1,คอมมิชชั่นจากร้านค้า,,135,,1.50%,2.025,7.00%,0,2.025,2.025,0,2.025,,0,0.00%,0,100.00%,2.025,รอดำเนินการ,สถานะของสินค้านี้คือ อยู่ระหว่างดำเนินการ คอมมิชชั่นจะถูกคำนวณเพื่อจ่ายหลังสถานะเป็นสำเร็จแล้วเท่านั้น,คำสั่งซื้อจากร้านค้าต่างกัน,ที่มีอยู่,2599adboostco,paris,mng,m01kaofangMeow0303,,Facebook
25090800DK4G76,สำเร็จ,211000456279313,2025-09-08 10:14:17,2025-09-11 12:27:14,2025-09-08 10:07:09,eternal family,585950839,Preferred(Non-CB),14488838967,"เหยือกน้ำถ้วยตวง 1000 ml ถ้วยตวงพลาสติกใส (PP) เหยือกตวงพลาสติก พร้อมฝาปิด 5,000 ml.(5 ลิตร)",163448178313,Normal Product,,เครื่องใช้ในบ้าน,เครื่องครัว,แก้วตวงและช้อนตวง,85,1,คอมมิชชั่นจากร้านค้า,,70,,1.50%,1.05,12.00%,0,1.05,1.05,0,1.05,,0,0.00%,0,100.00%,1.05,สำเร็จ,,คำสั่งซื้อจากร้านค้าต่างกัน,ที่มีอยู่,2599adboostco,paris,mng,m01kaofangMeow0303,,Facebook
25090800CY3W7R,สำเร็จ,211000435285873,2025-09-08 10:13:55,2025-09-10 10:13:42,2025-09-08 09:28:00,Battery Boutique,1354740270,C2C(CB),26171998780,Sony battery • CR2032 • CR2025 • CR2016 • CR1632 • CR1620 • CR16 • แบตเตอรี่ลิเธียม CR1220/3V เหมาะสําหรับนาฬิกา รีโมทรถยนต์ เคร,252361184503,Normal Product,,นาฬิกา,อุปกรณ์เสริมสำหรับนาฬิกา,ถ่านนาฬิกา,44,1,คอมมิชชั่นจาก Shopee,,44,,1.75%,0.77,0.00%,0,0.77,1.3475,0,1.3475,,0,0.00%,0,100.00%,1.3475,สำเร็จ,,คำสั่งซื้อจากร้านค้าต่างกัน,ที่มีอยู่,2599adboostco,paris,mng,m01BMavk0821,,Facebook
25090800CY3W7R,สำเร็จ,211000435285873,2025-09-08 10:13:55,2025-09-10 10:13:42,2025-09-08 09:28:00,Battery Boutique,1354740270,C2C(CB),29669257651,ร้อนขาย พานาโซนิคปุ่มแบตเตอรี่ลิเธียม CR 1620/16/1220/1632/2016/2025/2032 เหมาะสําหรับรถนาฬิกาปลุกกล้องนาฬิกาเครื่องชั่งน้ําหนัก,252151725158,Normal Product,,นาฬิกา,อุปกรณ์เสริมสำหรับนาฬิกา,ถ่านนาฬิกา,33,1,คอมมิชชั่นจาก Shopee,,33,,1.75%,0.5775,0.00%,0,0.5775,0,0,0,,0,0.00%,0,100.00%,0,สำเร็จ,,คำสั่งซื้อจากร้านค้าต่างกัน,ที่มีอยู่,2599adboostco,paris,mng,m01BMavk0821,,Facebook
250908008GY1GP,สำเร็จ,211000286235372,2025-09-08 10:11:26,2025-09-09 16:40:48,2025-09-08 08:18:49,CHARLIE น้ำหอมชาร์ลี,49852091,Preferred(Non-CB),25709724285,#1 ชาร์ลี DEANN - IDOL BLOSSOM (สาวหวาน อิโด ลังโคม) Charlie Perfumer 35ml,187283577269,Normal Product,,ผลิตภัณฑ์บำรุงและเสริมความงาม,น้ำหอม,,249,1,คอมมิชชั่นจากร้านค้า,,224,,1.75%,3.92,7.00%,0,3.92,3.92,0,3.92,,0,0.00%,0,100.00%,3.92,สำเร็จ,,คำสั่งซื้อจากร้านค้าต่างกัน,ที่มีอยู่,2599adboostco,paris,mng,m01KFdika0520,,Facebook
2509080058YYBU,สำเร็จ,211000177203000,2025-09-08 10:09:37,2025-09-11 06:47:37,2025-09-08 08:32:08,NASAGISS,1519841289,Shopee Mall(CB),40405397017,NASA เสื้อยืดชายหญิงแขนสั้น สตรีทฮิปฮอป summer2025 เครยอนชินจัง เสื้อยืด พิมพ์ลาย คอตตอน คอกลม หลวมและระบายอากาศ,285455135564,Normal Product,,เสื้อผ้าผู้หญิง,เสื้อ,เสื้อยืด,137,1,คอมมิชชั่นจากร้านค้า,,110,,1.50%,1.65,7.00%,0,1.65,1.65,0,1.65,,0,0.00%,0,100.00%,1.65,สำเร็จ,,คำสั่งซื้อจากร้านค้าต่างกัน,ที่มีอยู่,2599adboostco,paris,mng,m06Nasa1228,,Facebook
2509080058YYBT,สำเร็จ,211000177203000,2025-09-08 10:09:37,2025-09-11 06:47:07,2025-09-08 08:32:08,Nasalee.,1220824351,Preferred(CB),24322848061,✨สินค้าพร้อมส่ง✨เสื้อยืดคอกลมลายร่วมกับ NASA ใส่ได้ทั้งชายและหญิง ผลิตจากผ้าคอตตอน 100% เหมาะสำหรับเยาวชน,241444251324,Normal Product,,เสื้อผ้าผู้ชาย,เสื้อ,เสื้อยืด,159,1,ดีลพิเศษเฉพาะคุณ,,114,,1.75%,1.995,25.00%,28.5,30.495,3.99,57,60.99,,0,0.00%,0,100.00%,60.99,สำเร็จ,,สั่งซื้อในร้านค้าเดียวกัน,ที่มีอยู่,2599adboostco,paris,mng,m06Nasa1228,,Facebook
2509080058YYBT,สำเร็จ,211000177203000,2025-09-08 10:09:37,2025-09-11 06:47:07,2025-09-08 08:32:08,Nasalee.,1220824351,Preferred(CB),24322848093,✨สินค้าพร้อมส่ง✨เสื้อยืดคอกลมลายร่วมกับ NASA ใส่ได้ทั้งชายและหญิง ผลิตจากผ้าคอตตอน 100% เหมาะสำหรับเยาวชน,99541250591,Normal Product,,เสื้อผ้าผู้ชาย,เสื้อ,เสื้อยืด,159,1,ดีลพิเศษเฉพาะคุณ,,114,,1.75%,1.995,25.00%,28.5,30.495,0,0,0,,0,0.00%,0,100.00%,0,สำเร็จ,,สั่งซื้อในร้านค้าเดียวกัน,ที่มีอยู่,2599adboostco,paris,mng,m06Nasa1228,,Facebook
25090800566KHR,สำเร็จ,211000174285578,2025-09-08 10:09:34,2025-09-10 16:09:26,2025-09-06 21:37:51,Whale Store,1008608919,Preferred(Non-CB),19291396176,แผ่นโฟมปูพื้น แผ่นรองคลาน แผ่นปูพื้น จิ๊กซอว์ปูพื้น รองคลาน เสื่อรองคลาน,194472533055,Normal Product,,แม่และเด็ก,ของเล่น,ของเล่นเด็กเล็ก,7,4,คอมมิชชั่นจากร้านค้า,,25,,1.75%,0.4375,4.00%,0,0.4375,1.7275,0,1.7275,,0,0.00%,0,100.00%,1.7275,สำเร็จ,,คำสั่งซื้อจากร้านค้าต่างกัน,ที่มีอยู่,2599adboostco,paris,mng,m01PetKit0520,,Facebook
25090800566KHR,สำเร็จ,211000174285578,2025-09-08 10:09:34,2025-09-10 16:09:26,2025-09-06 21:37:51,Whale Store,1008608919,Preferred(Non-CB),19291396176,แผ่นโฟมปูพื้น แผ่นรองคลาน แผ่นปูพื้น จิ๊กซอว์ปูพื้น รองคลาน เสื่อรองคลาน,194472533057,Normal Product,,แม่และเด็ก,ของเล่น,ของเล่นเด็กเล็ก,7,4,คอมมิชชั่นจากร้านค้า,,24,,1.75%,0.42,4.00%,0,0.42,0,0,0,,0,0.00%,0,100.00%,0,สำเร็จ,,คำสั่งซื้อจากร้านค้าต่างกัน,ที่มีอยู่,2599adboostco,paris,mng,m01PetKit0520,,Facebook
25090800566KHR,สำเร็จ,211000174285578,2025-09-08 10:09:34,2025-09-10 16:09:26,2025-09-06 21:37:51,Whale Store,1008608919,Preferred(Non-CB),19291396176,แผ่นโฟมปูพื้น แผ่นรองคลาน แผ่นปูพื้น จิ๊กซอว์ปูพื้น รองคลาน เสื่อรองคลาน,194472533058,Normal Product,,แม่และเด็ก,ของเล่น,ของเล่นเด็กเล็ก,7,4,คอมมิชชั่นจากร้านค้า,,24,,1.75%,0.42,4.00%,0,0.42,0,0,0,,0,0.00%,0,100.00%,0,สำเร็จ,,คำสั่งซื้อจากร้านค้าต่างกัน,ที่มีอยู่,2599adboostco,paris,mng,m01PetKit0520,,Facebook
25090800566KHR,สำเร็จ,211000174285578,2025-09-08 10:09:34,2025-09-10 16:09:26,2025-09-06 21:37:51,Whale Store,1008608919,Preferred(Non-CB),25013760827,พรม พรมปูพื้นห้องนอน ขนนิ่ม พรมนุ่ม 120*160cm พรมขนนุ่ม พรมห้องนอน ผ้าปูพื้นพรมก ตกแต่งสวย ผ้าปูพื้นพรมก พรมปูพื,255341379990,Normal Product,,เครื่องใช้ในบ้าน,อุปกรณ์ตกแต่งบ้าน,พรม,34,1,คอมมิชชั่นจากร้านค้า,,30,,1.50%,0.45,4.00%,0,0.45,0,0,0,,0,0.00%,0,100.00%,0,สำเร็จ,,คำสั่งซื้อจากร้านค้าต่างกัน,ที่มีอยู่,2599adboostco,paris,mng,m01PetKit0520,,Facebook
2509080029NSP0,รอดำเนินการ,211000077263494,2025-09-08 10:07:57,,2025-09-08 10:05:57,Liby Thailand,1393109033,C2C(CB),26966199836,ที่ทำความสะอาดเครื่องซักผ้า Liby Antibacteria ถังเครื่องซักผ้าผงทำความสะอาด Descaler ลึกอุปกรณ์ทำความสะอาดสิ่งสกปรก ผงล้างถังเคร,138100208083,Normal Product,,เครื่องใช้ในบ้าน,อุปกรณ์ซักรีดและผลิตภัณฑ์ดูแลบ้าน,ผลิตภัณฑ์ทำความสะอาด,89,1,คอมมิชชั่นจากร้านค้า,,89,,1.50%,1.335,10.00%,0,1.335,1.335,0,1.335,,0,0.00%,0,100.00%,1.335,รอดำเนินการ,สถานะของสินค้านี้คือ อยู่ระหว่างดำเนินการ คอมมิชชั่นจะถูกคำนวณเพื่อจ่ายหลังสถานะเป็นสำเร็จแล้วเท่านั้น,คำสั่งซื้อจากร้านค้าต่างกัน,ที่มีอยู่,2599adboostco,paris,mng,m01PetKit0520,,Facebook
250908W3A1WT0N,รอดำเนินการ,210999991208000,2025-09-08 10:06:31,,2025-09-08 10:02:21,บัณฑิตแนะแนว (bunditnaenaew),441675821,C2C(Non-CB),22177346536,หนังสือ พิชิตโจทย์ 8 วิชา ชั้น ป.4 | หนังสือคู่มือประกอบการเรียน เตรียมสอบ รวมข้อสอบพร้อมเฉลย - บัณฑิตแนะแนว,108163415948,Normal Product,,หนังสือและนิตยสาร,หนังสือ,หนังสือเพื่อการศึกษา,199,1,คอมมิชชั่นจากร้านค้า,,199,,1.50%,2.985,7.00%,0,2.985,2.985,0,2.985,,0,0.00%,0,100.00%,2.985,รอดำเนินการ,สถานะของสินค้านี้คือ อยู่ระหว่างดำเนินการ คอมมิชชั่นจะถูกคำนวณเพื่อจ่ายหลังสถานะเป็นสำเร็จแล้วเท่านั้น,คำสั่งซื้อจากร้านค้าต่างกัน,ที่มีอยู่,2599adboostco,paris,mng,m56ProwaVDO0905,,Facebook
250908W385W9NA,สำเร็จ,210999928276937,2025-09-08 10:05:28,2025-09-10 19:28:47,2025-09-08 10:02:33,HENXUAN,871062064,Shopee Mall(Non-CB),26213478407,【SMILE ลวดลาย】HENGXUAN หมวกกันน็อค 2025 รุ่นอัพเกรด บังแดด HD ระบายอากาศ สะดวกสบาย,256737714904,Normal Product,,รถมอเตอร์ไซค์ อะไหล่และอุปกรณ์เสริมมอเตอร์ไซค์,หมวกกันน็อคและอุปกรณ์สวมใส่สำหรับขับขี่,,275,1,คอมมิชชั่นจาก Shopee,,270,,1.75%,4.725,0.00%,0,4.725,4.725,0,4.725,,0,0.00%,0,100.00%,4.725,สำเร็จ,,คำสั่งซื้อจากร้านค้าต่างกัน,ที่มีอยู่,2599adboostco,paris,mng,m01BMavk0821,,Facebook
250908W37JSY73,รอดำเนินการ,210999908244473,2025-09-08 10:05:08,,2025-09-08 07:42:39,MegaPet,1207081711,Preferred(Non-CB),25518913901,[ 2.8-3.2 kg ] Kaniva อาหารเม็ดสุนัขคานิว่า อาหารเม็ดเกรดพรีเมี่ยม สำหรับสุนัขทุกช่วงวัย,222598326957,Normal Product,,สัตว์เลี้ยง,อาหารสัตว์,อาหารสุนัข,435,1,คอมมิชชั่นจาก Shopee,,347,,1.75%,6.0725,0.00%,0,6.0725,6.0725,0,6.0725,,0,0.00%,0,100.00%,6.0725,รอดำเนินการ,สถานะของสินค้านี้คือ อยู่ระหว่างดำเนินการ คอมมิชชั่นจะถูกคำนวณเพื่อจ่ายหลังสถานะเป็นสำเร็จแล้วเท่านั้น,คำสั่งซื้อจากร้านค้าต่างกัน,ที่มีอยู่,2599adboostco,paris,mng,m01FahRain0805,,Facebook
250908W373H07F,สำเร็จ,210999892221112,2025-09-08 10:04:52,2025-09-09 20:11:30,2025-09-08 09:52:50,Cosy_home,1309131525,C2C(Non-CB),26378746178,เหยือกตวงพลาสติก ถ้วยตวงเหลว พลาสติก ถ้วยพลาสติกถ้วยตวง แก้วตวงใส มีมือจับ ถ้วยตวงพลาสติกใส 6 ขนาด,252818685499,Normal Product,,เครื่องใช้ในบ้าน,เครื่องครัว,แก้วตวงและช้อนตวง,18,1,คอมมิชชั่นจากร้านค้า,,16,,1.50%,0.24,10.00%,0,0.24,0.915,0,0.915,,0,0.00%,0,100.00%,0.915,สำเร็จ,,คำสั่งซื้อจากร้านค้าต่างกัน,ที่มีอยู่,2599adboostco,paris,mng,m56ProwaVDO0905,,Facebook
250908W373H07F,สำเร็จ,210999892221112,2025-09-08 10:04:52,2025-09-09 20:11:30,2025-09-08 09:52:50,Cosy_home,1309131525,C2C(Non-CB),26378746178,เหยือกตวงพลาสติก ถ้วยตวงเหลว พลาสติก ถ้วยพลาสติกถ้วยตวง แก้วตวงใส มีมือจับ ถ้วยตวงพลาสติกใส 6 ขนาด,252818685500,Normal Product,,เครื่องใช้ในบ้าน,เครื่องครัว,แก้วตวงและช้อนตวง,27,2,คอมมิชชั่นจากร้านค้า,,45,,1.50%,0.675,10.00%,0,0.675,0,0,0,,0,0.00%,0,100.00%,0,สำเร็จ,,คำสั่งซื้อจากร้านค้าต่างกัน,ที่มีอยู่,2599adboostco,paris,mng,m56ProwaVDO0905,,Facebook
250908W33QR2MQ,รอดำเนินการ,210999779204047,2025-09-08 10:02:59,,2025-09-08 09:32:20,Ness Herbal,101700391,Preferred(Non-CB),27428171652,ออยล์บำรุงผิวขาว(กลิ่นวานิลลาครัวซอง) Ness🥐บำรุงผิวนุ่มชุ่มชื้นผิวขาวใสผิวอิ่มน้ำฉ่ำโกล์วไม่เหนียวเหนอะหนะ 100ml,39528016904,Normal Product,,ผลิตภัณฑ์บำรุงและเสริมความงาม,สบู่อาบน้ำและผลิตภัณฑ์ดูแลผิวกาย,ออยล์ทาผิว,171,1,คอมมิชชั่นจากร้านค้า,,153,,1.75%,2.6775,15.00%,0,2.6775,2.6775,0,2.6775,,0,0.00%,0,100.00%,2.6775,รอดำเนินการ,สถานะของสินค้านี้คือ อยู่ระหว่างดำเนินการ คอมมิชชั่นจะถูกคำนวณเพื่อจ่ายหลังสถานะเป็นสำเร็จแล้วเท่านั้น,คำสั่งซื้อจากร้านค้าต่างกัน,ที่มีอยู่,2599adboostco,paris,mng,m01BMavk0821,,Facebook
250908W336JYJK,สำเร็จ,210999761219178,2025-09-08 10:02:41,2025-09-11 16:53:38,2025-09-08 09:59:37,✨PenPen Shop✨,1269979586,C2C(Non-CB),29481249549,Glitter pen 12 แท่ง ปากกากลิตเตอร์ มีกากเพชร ปากกาเจล,129420693043,Normal Product,,เครื่องเขียน,อุปกรณ์การเขียนและลบคำผิด,ปากกาและหมึก,80,1,คอมมิชชั่นจากร้านค้า,,64,,1.75%,1.12,15.00%,0,1.12,1.12,0,1.12,,0,0.00%,0,100.00%,1.12,สำเร็จ,,คำสั่งซื้อจากร้านค้าต่างกัน,ที่มีอยู่,2599adboostco,paris,mng,m06Nasa1228,,Facebook
250908W31TSHVA,สำเร็จ,210999715291144,2025-09-08 10:01:55,2025-09-10 15:16:35,2025-09-08 10:00:43,TH -Shop,718606161,Preferred(Non-CB),21162788771,ชุดอุปกรณ์ตัดขนสุนัข ปัตตาเลี่ยนตัดขนสัตว์เลี้ยง ที่ตัดขนแมว ที่ตัดขนหมา 4in1 pet trimmer hairclipper พร้อมหัวที่่กรอเล็,221284404366,Normal Product,,สัตว์เลี้ยง,อุปกรณ์ทำความสะอาดและตกแต่งขน,อุปกรณ์ดูแลขนสัตว์เลี้ยง,295,1,คอมมิชชั่นจากร้านค้า,,263,,1.75%,4.6025,4.00%,10.52,15.1225,4.6025,10.52,15.1225,,0,0.00%,0,100.00%,15.1225,สำเร็จ,,สั่งซื้อในร้านค้าเดียวกัน,ที่มีอยู่,2599adboostco,paris,mng,m01PetKit0520,,Facebook
250908W2X7A86K,สำเร็จ,210999594207908,2025-09-08 09:59:54,2025-09-11 12:09:08,2025-09-08 07:59:09,WACA_official,234732797,Shopee Mall(Non-CB),6829111166,"WACA เทปกันรอยลายเคฟล่า โปร่งใส ยาว 3เมตร กันรอยขีดขวน กันรอยรถยนต์สเกิร์ต กว้าง 3,5,7,10 cm. 4T0 4T1 4T2 4T4 SA",61834011647,Normal Product,,รถยนต์ อะไหล่และอุปกรณ์เสริมรถยนต์,อุปกรณ์เสริมภายนอกรถยนต์,สติกเกอร์และแม่เหล็กติดรถยนต์,96,1,คอมมิชชั่นจากร้านค้า,,81,,1.75%,1.4175,4.00%,0,1.4175,2.0475,0,2.0475,,0,0.00%,0,100.00%,2.0475,สำเร็จ,,คำสั่งซื้อจากร้านค้าต่างกัน,ที่มีอยู่,2599adboostco,paris,mng,m01YPf0821,,Others
250908W2X7A86K,สำเร็จ,210999594207908,2025-09-08 09:59:54,2025-09-11 12:09:08,2025-09-08 07:59:09,WACA_official,234732797,Shopee Mall(Non-CB),6829111166,"WACA เทปกันรอยลายเคฟล่า โปร่งใส ยาว 3เมตร กันรอยขีดขวน กันรอยรถยนต์สเกิร์ต กว้าง 3,5,7,10 cm. 4T0 4T1 4T2 4T4 SA",61834011649,Normal Product,,รถยนต์ อะไหล่และอุปกรณ์เสริมรถยนต์,อุปกรณ์เสริมภายนอกรถยนต์,สติกเกอร์และแม่เหล็กติดรถยนต์,42,1,คอมมิชชั่นจากร้านค้า,,36,,1.75%,0.63,4.00%,0,0.63,0,0,0,,0,0.00%,0,100.00%,0,สำเร็จ,,คำสั่งซื้อจากร้านค้าต่างกัน,ที่มีอยู่,2599adboostco,paris,mng,m01YPf0821,,Others
250908W2WUW5WG,สำเร็จ,210999582242406,2025-09-08 09:59:42,2025-09-11 18:50:56,2025-09-08 09:47:01,KRIST SHOP,45017605,C2C(Non-CB),7436915099,กางเกงวิ่ง ออกกำลังกายฟิตเนส ขาสามส่วน รุ่น Smart Dry,19194410468,Normal Product,,กีฬาและกิจกรรมกลางแจ้ง,เสื้อผ้ากีฬา,กางเกง/กระโปรง,119,1,คอมมิชชั่นจากร้านค้า,,107,,1.75%,1.8725,4.00%,0,1.8725,1.8725,0,1.8725,,0,0.00%,0,100.00%,1.8725,สำเร็จ,,คำสั่งซื้อจากร้านค้าต่างกัน,ที่มีอยู่,2599adboostco,paris,mng,m01YPf0821,,Facebook
250908W2VD7GV3,รอดำเนินการ,210999533290778,2025-09-08 09:58:53,,2025-09-08 08:05:21,Ai - Paisarn,93501769,Preferred(Non-CB),7634857623,แพ็ค10เส้น สายรัด GIP สีเทา สาย ลำโพง สัญญาณ ยาว 272mm เอไอ-ไพศาล,52136680056,Normal Product,,เครื่องเสียง,สายเคเบิลและอุปกรณ์แปลงสัญญาณ,,220,1,คอมมิชชั่นจาก Shopee,,198,,1.50%,2.97,0.00%,0,2.97,7.29,0,7.29,,0,0.00%,0,100.00%,7.29,รอดำเนินการ,สถานะของสินค้านี้คือ อยู่ระหว่างดำเนินการ คอมมิชชั่นจะถูกคำนวณเพื่อจ่ายหลังสถานะเป็นสำเร็จแล้วเท่านั้น,คำสั่งซื้อจากร้านค้าต่างกัน,ที่มีอยู่,2599adboostco,paris,mng,m01Tik0803,,Facebook
250908W2VD7GV3,รอดำเนินการ,210999533290778,2025-09-08 09:58:53,,2025-09-08 08:05:21,Ai - Paisarn,93501769,Preferred(Non-CB),7641515107,ยางกันกลิ้งไมค์สาย NTS NY-40 กันกลิ้ง รู34mm ไมค์สาย NY 40 กัน กลิ้ง ไมค์ NY40 มี5สีให้เลือก กัน กลิ้ง ไมโครโฟน เอไอ-...,30235921190,Normal Product,,เครื่องเสียง,ไมโครโฟน,,20,16,คอมมิชชั่นจาก Shopee,,288,,1.50%,4.32,0.00%,0,4.32,0,0,0,,0,0.00%,0,100.00%,0,รอดำเนินการ,สถานะของสินค้านี้คือ อยู่ระหว่างดำเนินการ คอมมิชชั่นจะถูกคำนวณเพื่อจ่ายหลังสถานะเป็นสำเร็จแล้วเท่านั้น,คำสั่งซื้อจากร้านค้าต่างกัน,ที่มีอยู่,2599adboostco,paris,mng,m01Tik0803,,Facebook
250908W2VABA57,รอดำเนินการ,210999530278385,2025-09-08 09:58:51,,2025-09-08 09:56:12,TH -Shop,718606161,Preferred(Non-CB),21162788771,ชุดอุปกรณ์ตัดขนสุนัข ปัตตาเลี่ยนตัดขนสัตว์เลี้ยง ที่ตัดขนแมว ที่ตัดขนหมา 4in1 pet trimmer hairclipper พร้อมหัวที่่กรอเล็,221284404367,Normal Product,,สัตว์เลี้ยง,อุปกรณ์ทำความสะอาดและตกแต่งขน,อุปกรณ์ดูแลขนสัตว์เลี้ยง,270,1,คอมมิชชั่นจากร้านค้า,,241,,1.75%,4.2175,4.00%,9.64,13.8575,4.2175,9.64,13.8575,,0,0.00%,0,100.00%,13.8575,รอดำเนินการ,สถานะของสินค้านี้คือ อยู่ระหว่างดำเนินการ คอมมิชชั่นจะถูกคำนวณเพื่อจ่ายหลังสถานะเป็นสำเร็จแล้วเท่านั้น,สั่งซื้อในร้านค้าเดียวกัน,ที่มีอยู่,2599adboostco,paris,mng,m01PetKit0520,,Facebook
250908W2S9Y657,รอดำเนินการ,210999429212987,2025-09-08 09:57:08,,2025-09-08 09:43:36,All of me Official Store,372993465,Shopee Mall(CB),25227656872,Allofme ผู้หญิงเซ็กซี่ลูกไม้ทองเอวต่ำมุมมองกางเกงสนุกนุ่มสบายชุดชั้นในเซ็กซี่,250745522746,Normal Product,,เสื้อผ้าผู้หญิง,ชุดชั้นใน,กางเกงชั้นใน,26,1,ดีลพิเศษเฉพาะคุณ,,25,,1.50%,0.375,12.00%,0,0.375,2.28,0,2.28,,0,0.00%,0,100.00%,2.28,รอดำเนินการ,สถานะของสินค้านี้คือ อยู่ระหว่างดำเนินการ คอมมิชชั่นจะถูกคำนวณเพื่อจ่ายหลังสถานะเป็นสำเร็จแล้วเท่านั้น,คำสั่งซื้อจากร้านค้าต่างกัน,ที่มีอยู่,2599adboostco,paris,mng,m01jjshop0803,,Facebook
250908W2S9Y657,รอดำเนินการ,210999429212987,2025-09-08 09:57:08,,2025-09-08 09:43:36,All of me Official Store,372993465,Shopee Mall(CB),25227656872,Allofme ผู้หญิงเซ็กซี่ลูกไม้ทองเอวต่ำมุมมองกางเกงสนุกนุ่มสบายชุดชั้นในเซ็กซี่,250745522766,Normal Product,,เสื้อผ้าผู้หญิง,ชุดชั้นใน,กางเกงชั้นใน,28,1,ดีลพิเศษเฉพาะคุณ,,25,,1.50%,0.375,12.00%,0,0.375,0,0,0,,0,0.00%,0,100.00%,0,รอดำเนินการ,สถานะของสินค้านี้คือ อยู่ระหว่างดำเนินการ คอมมิชชั่นจะถูกคำนวณเพื่อจ่ายหลังสถานะเป็นสำเร็จแล้วเท่านั้น,คำสั่งซื้อจากร้านค้าต่างกัน,ที่มีอยู่,2599adboostco,paris,mng,m01jjshop0803,,Facebook
250908W2S9Y657,รอดำเนินการ,210999429212987,2025-09-08 09:57:08,,2025-09-08 09:43:36,All of me Official Store,372993465,Shopee Mall(CB),25903296521,Allofme กางเกงชั้นในจีสตริง เอวต่ํา เซ็กซี่ นิ่ม ใส่สบาย ไร้รอยต่อ สําหรับผู้หญิง,225892379782,Normal Product,,เสื้อผ้าผู้หญิง,ชุดชั้นใน,กางเกงชั้นใน,27,1,ดีลพิเศษเฉพาะคุณ,,24,,1.50%,0.36,8.00%,0,0.36,0,0,0,,0,0.00%,0,100.00%,0,รอดำเนินการ,สถานะของสินค้านี้คือ อยู่ระหว่างดำเนินการ คอมมิชชั่นจะถูกคำนวณเพื่อจ่ายหลังสถานะเป็นสำเร็จแล้วเท่านั้น,คำสั่งซื้อจากร้านค้าต่างกัน,ที่มีอยู่,2599adboostco,paris,mng,m01jjshop0803,,Facebook
250908W2S9Y657,รอดำเนินการ,210999429212987,2025-09-08 09:57:08,,2025-09-08 09:43:36,All of me Official Store,372993465,Shopee Mall(CB),42101563498,Allofme ผู้หญิงกางเกงชั้นในลูกไม้เซ็กซี่ V-Waist Design ชุดชั้นในชุดชั้นในนุ่มและระบายอากาศ,270127547106,Normal Product,,เสื้อผ้าผู้หญิง,ชุดชั้นใน,กางเกงชั้นใน,31,1,ดีลพิเศษเฉพาะคุณ,,27,,1.50%,0.405,12.00%,0,0.405,0,0,0,,0,0.00%,0,100.00%,0,รอดำเนินการ,สถานะของสินค้านี้คือ อยู่ระหว่างดำเนินการ คอมมิชชั่นจะถูกคำนวณเพื่อจ่ายหลังสถานะเป็นสำเร็จแล้วเท่านั้น,คำสั่งซื้อจากร้านค้าต่างกัน,ที่มีอยู่,2599adboostco,paris,mng,m01jjshop0803,,Facebook
250908W2S9Y657,รอดำเนินการ,210999429212987,2025-09-08 09:57:08,,2025-09-08 09:43:36,All of me Official Store,372993465,Shopee Mall(CB),17894514532,Allofme กางเกงชั้นในผ้าฝ้ายแท้เซ็กซี่สําหรับผู้หญิงชุดชั้นในโปร่งใสเอวต่ําระบายอากาศและสะดวกสบายชุดชั้นในบราซิล,225166122829,Normal Product,,เสื้อผ้าผู้หญิง,ชุดชั้นใน,กางเกงชั้นใน,29,1,ดีลพิเศษเฉพาะคุณ,,26,,1.50%,0.39,12.00%,0,0.39,0,0,0,,0,0.00%,0,100.00%,0,รอดำเนินการ,สถานะของสินค้านี้คือ อยู่ระหว่างดำเนินการ คอมมิชชั่นจะถูกคำนวณเพื่อจ่ายหลังสถานะเป็นสำเร็จแล้วเท่านั้น,คำสั่งซื้อจากร้านค้าต่างกัน,ที่มีอยู่,2599adboostco,paris,mng,m01jjshop0803,,Facebook
250908W2S9Y657,รอดำเนินการ,210999429212987,2025-09-08 09:57:08,,2025-09-08 09:43:36,All of me Official Store,372993465,Shopee Mall(CB),21159815652,All of me กางเกงชั้นในจีสตริง ผ้าฝ้าย ลายวาฟเฟิล เอวต่ํา เซ็กซี่ ใส่สบาย สําหรับผู้หญิง ไซซ์ S-XL 10 สี,230184247923,Normal Product,,เสื้อผ้าผู้หญิง,ชุดชั้นใน,กางเกงชั้นใน,28,1,ดีลพิเศษเฉพาะคุณ,,25,,1.50%,0.375,12.00%,0,0.375,0,0,0,,0,0.00%,0,100.00%,0,รอดำเนินการ,สถานะของสินค้านี้คือ อยู่ระหว่างดำเนินการ คอมมิชชั่นจะถูกคำนวณเพื่อจ่ายหลังสถานะเป็นสำเร็จแล้วเท่านั้น,คำสั่งซื้อจากร้านค้าต่างกัน,ที่มีอยู่,2599adboostco,paris,mng,m01jjshop0803,,Facebook
250908W2RQVAQ7,รอดำเนินการ,210999410243334,2025-09-08 09:56:51,,2025-09-08 09:01:24,PeakPro,1418353550,Preferred(Non-CB),27536367279,เก้าอี้แคมป์ปิ้ง เก้าอี้พับได้ เก้าอี้พับ มีที่วางแขน อลูมิเนียม แถมถุงเก็บ รับน้ำหนัก 300กก,260009552402,Normal Product,,กีฬาและกิจกรรมกลางแจ้ง,อุปกรณ์เล่นกีฬาและกิจกรรมกลางแจ้ง,อุปกรณ์ตั้งแคมป์และเดินป่า,155,1,คอมมิชชั่นจากร้านค้า,,139,,1.75%,2.4325,7.00%,0,2.4325,2.4325,0,2.4325,,0,0.00%,0,100.00%,2.4325,รอดำเนินการ,สถานะของสินค้านี้คือ อยู่ระหว่างดำเนินการ คอมมิชชั่นจะถูกคำนวณเพื่อจ่ายหลังสถานะเป็นสำเร็จแล้วเท่านั้น,คำสั่งซื้อจากร้านค้าต่างกัน,ที่มีอยู่,2599adboostco,paris,mng,m56ProwaVDO0905,,Facebook
250908W2RM349D,สำเร็จ,210999406275675,2025-09-08 09:56:47,2025-09-10 12:02:42,2025-09-08 09:24:59,laglace.official,313357518,Shopee Mall(Non-CB),23436603113,LA GLACE 2 IN 1 EYELINER & REMOVER STICK |  อายไลเนอร์ลบได้ลากลาส 2 IN 1 โฉมใหม่! กรีดได้ ก็ลบได้,129046451169,Normal Product,,ผลิตภัณฑ์บำรุงและเสริมความงาม,เครื่องสําอาง,เครื่องสําอางสำหรับดวงตา,199,1,คอมมิชชั่นจากร้านค้า,,179,,1.75%,3.1325,10.00%,0,3.1325,3.1325,0,3.1325,,0,0.00%,0,100.00%,3.1325,สำเร็จ,,คำสั่งซื้อจากร้านค้าต่างกัน,ที่มีอยู่,2599adboostco,paris,mng,m01jjshop0803,,Facebook
250908W2HSMF2W,รอดำเนินการ,210999177209570,2025-09-08 09:52:57,,2025-09-08 09:52:37,TH -Shop,718606161,Preferred(Non-CB),21162788771,ชุดอุปกรณ์ตัดขนสุนัข ปัตตาเลี่ยนตัดขนสัตว์เลี้ยง ที่ตัดขนแมว ที่ตัดขนหมา 4in1 pet trimmer hairclipper พร้อมหัวที่่กรอเล็,221284404367,Normal Product,,สัตว์เลี้ยง,อุปกรณ์ทำความสะอาดและตกแต่งขน,อุปกรณ์ดูแลขนสัตว์เลี้ยง,270,1,คอมมิชชั่นจากร้านค้า,,241,,1.75%,4.2175,4.00%,9.64,13.8575,4.2175,9.64,13.8575,,0,0.00%,0,100.00%,13.8575,รอดำเนินการ,สถานะของสินค้านี้คือ อยู่ระหว่างดำเนินการ คอมมิชชั่นจะถูกคำนวณเพื่อจ่ายหลังสถานะเป็นสำเร็จแล้วเท่านั้น,สั่งซื้อในร้านค้าเดียวกัน,ที่มีอยู่,2599adboostco,paris,mng,m01PetKit0520,,Facebook
250908W2G0G7P9,สำเร็จ,210999117293860,2025-09-08 09:51:57,2025-09-09 18:22:37,2025-09-08 09:18:06,kockkiik,42027821,Preferred(Non-CB),29274149524,🎀Pouch:กระเป๋าผ้าหูรูดผ้าลูกฟูกขนาดเล็กน่ารัก,275265483010,Normal Product,,กระเป๋าเดินทาง,กระเป๋าสำหรับเดินทาง,กระเป๋าสะพายหลังแบบหูรูด,56,1,คอมมิชชั่นจาก Shopee,,50,,2.00%,1,0.00%,0,1,2.16,0,2.16,,0,0.00%,0,100.00%,2.16,สำเร็จ,,คำสั่งซื้อจากร้านค้าต่างกัน,ที่มีอยู่,2599adboostco,paris,mng,m01KFdika0520,,Facebook
250908W2G0G7P9,สำเร็จ,210999117293860,2025-09-08 09:51:57,2025-09-09 18:22:37,2025-09-08 09:18:06,kockkiik,42027821,Preferred(Non-CB),41501468390,🎀กระเป๋าหูรูดลายน่ารัก ไซต์เล็ก 6.0*5.5นิ้ว ใส่ของจุกจิก เครื่องสำอาง จัดระเบียบกระเป๋า,258435772126,Normal Product,,กระเป๋าเดินทาง,อุปกรณ์เสริมสำหรับเดินทาง,กระเป๋าจัดระเบียบ,65,1,คอมมิชชั่นจาก Shopee,,58,,2.00%,1.16,0.00%,0,1.16,0,0,0,,0,0.00%,0,100.00%,0,สำเร็จ,,คำสั่งซื้อจากร้านค้าต่างกัน,ที่มีอยู่,2599adboostco,paris,mng,m01KFdika0520,,Facebook
250908W2CW7RWX,รอดำเนินการ,210999013210948,2025-09-08 09:50:13,,2025-09-08 09:03:26,Aluware Thailand,456554614,Preferred(Non-CB),18892765821,โช้คประตูบานสวิง SOLO โซโล โช้ค โช้คฝังในวงกบ โช๊ค โช๊ค โช้ก Door closer โช้คอัพบานสวิง โช้คบานสวิง Aluware AW229,225598290423,Normal Product,,เครื่องใช้ในบ้าน,เครื่องมือและอุปกรณ์ปรับปรุงบ้าน,ประตูและหน้าต่าง,1079,1,คอมมิชชั่นจากร้านค้า,,891,,1.50%,13.365,7.00%,0,13.365,13.365,0,13.365,,0,0.00%,0,100.00%,13.365,รอดำเนินการ,สถานะของสินค้านี้คือ อยู่ระหว่างดำเนินการ คอมมิชชั่นจะถูกคำนวณเพื่อจ่ายหลังสถานะเป็นสำเร็จแล้วเท่านั้น,คำสั่งซื้อจากร้านค้าต่างกัน,ที่มีอยู่,2599adboostco,paris,mng,m56Fazzi0830,,Facebook
250908W2CW7RWQ,สำเร็จ,210999013210943,2025-09-08 09:50:13,2025-09-10 10:03:28,2025-09-08 09:23:37,PROFILM,237954961,Preferred(Non-CB),20478849540,สเปรย์เคลือบเงา พรีเมี่ยม เคลือบพลาสติก เคลือบสีรถ เคลือบยางดำ เคลือบเบาะคอนโซล PROWAX PREMIUMWAX,127554691920,Normal Product,,รถยนต์ อะไหล่และอุปกรณ์เสริมรถยนต์,ผลิตภัณฑ์ดูแลรถยนต์,ผลิตภัณฑ์ล้างและเคลือบเงารถยนต์,299,2,คอมมิชชั่นจากร้านค้า,,538,,1.75%,9.415,20.00%,107.6,117.015,9.415,107.6,117.015,,0,0.00%,0,100.00%,117.015,สำเร็จ,,สั่งซื้อในร้านค้าเดียวกัน,ที่มีอยู่,2599adboostco,paris,mng,m56ProwaVDO0905,,Facebook
250908W2CSDHWG,รอดำเนินการ,210999009205507,2025-09-08 09:50:09,,2025-09-08 09:21:16,น้ำพริกรุ่งเจริญ,168641227,Preferred(Non-CB),2813813627,ขายยกลัง น้ำพริกกุ้งสวรรค์ ตรารุ่งเจริญ ชนิดแพค 9 ถ้วยมินิ,80082578680,Normal Product,,อาหารและเครื่องดื่ม,เครื่องปรุง และส่วนผสมปรุงอาหาร,เครื่องปรุงและผงปรุงรส,518,1,คอมมิชชั่นจากร้านค้า,,393,,1.75%,6.8775,9.00%,0,6.8775,6.8775,0,6.8775,,0,0.00%,0,100.00%,6.8775,รอดำเนินการ,สถานะของสินค้านี้คือ อยู่ระหว่างดำเนินการ คอมมิชชั่นจะถูกคำนวณเพื่อจ่ายหลังสถานะเป็นสำเร็จแล้วเท่านั้น,คำสั่งซื้อจากร้านค้าต่างกัน,ที่มีอยู่,2599adboostco,paris,mng,m01jjshop0803,,Facebook
2757299653379836245,รอดำเนินการ,2757299653379836245,2025-09-08 09:47:33,,2025-09-08 09:35:28,Digital_byshopeeofficial,175825579,Shopee Mall(Non-CB),100753,PEA bill,0,Digital Product,,Utilites,BILLS,Electricity,0,1,คอมมิชชั่นจาก Shopee,,2887.75,,0.00%,0,0.00%,0,0,0,0,0,,0,0.00%,0,100.00%,0,รอดำเนินการ,สถานะของสินค้านี้คือ อยู่ระหว่างดำเนินการ คอมมิชชั่นจะถูกคำนวณเพื่อจ่ายหลังสถานะเป็นสำเร็จแล้วเท่านั้น,คำสั่งซื้อจากร้านค้าต่างกัน,ที่มีอยู่,2599adboostco,paris,mng,m01YPf0821,,Facebook
250908W27EQHVR,รอดำเนินการ,210998830220565,2025-09-08 09:47:10,,2025-09-08 09:42:56,S1-泰国,205437437,Preferred(CB),23483505982,Earlfamily สติกเกอร์ไวนิล ลายการ์ตูนอนิเมะ One Piece กันน้ํา กันแดด สําหรับติดตกแต่งรถยนต์ สเก็ตบอร์ด 13 ซม.,240952703076,Normal Product,,รถยนต์ อะไหล่และอุปกรณ์เสริมรถยนต์,อุปกรณ์เสริมภายนอกรถยนต์,สติกเกอร์และแม่เหล็กติดรถยนต์,52,1,ดีลพิเศษเฉพาะคุณ,,52,,1.75%,0.91,9.00%,0,0.91,0.91,0,0.91,,0,0.00%,0,100.00%,0.91,รอดำเนินการ,สถานะของสินค้านี้คือ อยู่ระหว่างดำเนินการ คอมมิชชั่นจะถูกคำนวณเพื่อจ่ายหลังสถานะเป็นสำเร็จแล้วเท่านั้น,คำสั่งซื้อจากร้านค้าต่างกัน,ที่มีอยู่,2599adboostco,paris,mng,m01KFdika0520,,Facebook
250908W26016JE,รอดำเนินการ,210998781264516,2025-09-08 09:46:22,,2025-09-08 09:45:51,TH -Shop,718606161,Preferred(Non-CB),21162788771,ชุดอุปกรณ์ตัดขนสุนัข ปัตตาเลี่ยนตัดขนสัตว์เลี้ยง ที่ตัดขนแมว ที่ตัดขนหมา 4in1 pet trimmer hairclipper พร้อมหัวที่่กรอเล็,221284404366,Normal Product,,สัตว์เลี้ยง,อุปกรณ์ทำความสะอาดและตกแต่งขน,อุปกรณ์ดูแลขนสัตว์เลี้ยง,295,1,คอมมิชชั่นจากร้านค้า,,263,,1.75%,4.6025,4.00%,10.52,15.1225,4.6025,10.52,15.1225,,0,0.00%,0,100.00%,15.1225,รอดำเนินการ,สถานะของสินค้านี้คือ อยู่ระหว่างดำเนินการ คอมมิชชั่นจะถูกคำนวณเพื่อจ่ายหลังสถานะเป็นสำเร็จแล้วเท่านั้น,สั่งซื้อในร้านค้าเดียวกัน,ที่มีอยู่,2599adboostco,paris,mng,m01PetKit0520,,Facebook
250908W22AP30Y,สำเร็จ,210998658218630,2025-09-08 09:44:18,2025-09-11 12:52:36,2025-09-08 06:42:24,NASA SEVEN.th,1496084744,C2C(CB),28729750606,NASA 2025 สินค้าใหม่! เสื้อยืดแขนสั้นสำหรับเด็ก 100-160  สบายและนุ่ม แฟชั่นการ์ตูนน่ารักดูดซับผ้าผ้านุ่มสไตล์เกาหลี,227522339345,Normal Product,,เสื้อผ้าแฟชั่นเด็ก,เสื้อผ้าเด็กผู้ชาย,เสื้อ,82,1,ดีลพิเศษเฉพาะคุณ,,72,,1.75%,1.26,27.01%,0,1.26,2.52,0,2.52,,0,0.00%,0,100.00%,2.52,สำเร็จ,,คำสั่งซื้อจากร้านค้าต่างกัน,ที่มีอยู่,2599adboostco,paris,mng,m06Nasa1228,,Facebook
250908W22AP30Y,สำเร็จ,210998658218630,2025-09-08 09:44:18,2025-09-11 12:52:36,2025-09-08 06:42:24,NASA SEVEN.th,1496084744,C2C(CB),28729750606,NASA 2025 สินค้าใหม่! เสื้อยืดแขนสั้นสำหรับเด็ก 100-160  สบายและนุ่ม แฟชั่นการ์ตูนน่ารักดูดซับผ้าผ้านุ่มสไตล์เกาหลี,233947959515,Normal Product,,เสื้อผ้าแฟชั่นเด็ก,เสื้อผ้าเด็กผู้ชาย,เสื้อ,82,1,ดีลพิเศษเฉพาะคุณ,,72,,1.75%,1.26,27.01%,0,1.26,0,0,0,,0,0.00%,0,100.00%,0,สำเร็จ,,คำสั่งซื้อจากร้านค้าต่างกัน,ที่มีอยู่,2599adboostco,paris,mng,m06Nasa1228,,Facebook
250908W22AP30X,รอดำเนินการ,210998658218629,2025-09-08 09:44:18,,2025-09-08 06:42:24,NASA SEVEN.th,1496084744,C2C(CB),25596590978,เสื้อยืดนินจาแขนสั้น สำหรับชายและหญิง สไตล์คลาสสิก เหมาะสำหรับสวมใส่กลางแจ้งและชายหาด,224445728456,Normal Product,0_366311847182473_1,เสื้อผ้าแฟชั่นเด็ก,เสื้อผ้าเด็กผู้ชาย,เสื้อ,83,1,คอมมิชชั่นจากร้านค้า,,72,,1.75%,1.26,27.00%,0,1.26,2.52,0,2.52,,0,0.00%,0,100.00%,2.52,รอดำเนินการ,สถานะของสินค้านี้คือ อยู่ระหว่างดำเนินการ คอมมิชชั่นจะถูกคำนวณเพื่อจ่ายหลังสถานะเป็นสำเร็จแล้วเท่านั้น,คำสั่งซื้อจากร้านค้าต่างกัน,ที่มีอยู่,2599adboostco,paris,mng,m06Nasa1228,,Facebook
250908W22AP30X,รอดำเนินการ,210998658218629,2025-09-08 09:44:18,,2025-09-08 06:42:24,NASA SEVEN.th,1496084744,C2C(CB),25596590978,เสื้อยืดนินจาแขนสั้น สำหรับชายและหญิง สไตล์คลาสสิก เหมาะสำหรับสวมใส่กลางแจ้งและชายหาด,218663377317,Normal Product,0_366311847182473_1,เสื้อผ้าแฟชั่นเด็ก,เสื้อผ้าเด็กผู้ชาย,เสื้อ,83,1,คอมมิชชั่นจากร้านค้า,,72,,1.75%,1.26,27.00%,0,1.26,0,0,0,,0,0.00%,0,100.00%,0,รอดำเนินการ,สถานะของสินค้านี้คือ อยู่ระหว่างดำเนินการ คอมมิชชั่นจะถูกคำนวณเพื่อจ่ายหลังสถานะเป็นสำเร็จแล้วเท่านั้น,คำสั่งซื้อจากร้านค้าต่างกัน,ที่มีอยู่,2599adboostco,paris,mng,m06Nasa1228,,Facebook
250908W1YRQ5YV,รอดำเนินการ,210998572261193,2025-09-08 09:42:53,,2025-09-08 09:09:13,yiling-racing,144551874,Preferred(Non-CB),7646003059,ฝาจุ๊บลมยาง ฝาจุกลมยางใส่ได้ทั้งรถยนต์และ มอเตอร์ไซต์  ลายตุ๊กตาดุ๊กดิ๊ก น่ารัก,50569912144,Normal Product,,รถมอเตอร์ไซค์ อะไหล่และอุปกรณ์เสริมมอเตอร์ไซค์,ชิ้นส่วนอะไหล่มอเตอร์ไซค์,ยางมอเตอร์ไซค์และอุปกรณ์เสริม,14,2,คอมมิชชั่นจากร้านค้า,,28,,1.75%,0.49,5.00%,0,0.49,0.49,0,0.49,,0,0.00%,0,100.00%,0.49,รอดำเนินการ,สถานะของสินค้านี้คือ อยู่ระหว่างดำเนินการ คอมมิชชั่นจะถูกคำนวณเพื่อจ่ายหลังสถานะเป็นสำเร็จแล้วเท่านั้น,คำสั่งซื้อจากร้านค้าต่างกัน,ที่มีอยู่,2599adboostco,paris,mng,m56ProwaVDO0905,,Facebook
250908W1WWK15X,รอดำเนินการ,210998510267969,2025-09-08 09:41:50,,2025-09-06 22:38:55,yingphetparis,66152169,C2C(Non-CB),20482262441,น้ำหอมแท้แบ่งขาย Good Girl Fantastic Pink EDP ของแท้💯💯%,137651767195,Normal Product,,ผลิตภัณฑ์บำรุงและเสริมความงาม,น้ำหอม,,170,1,คอมมิชชั่นจาก Shopee,,153,,1.75%,2.6775,0.00%,0,2.6775,6.615,0,6.615,,0,0.00%,0,100.00%,6.615,รอดำเนินการ,สถานะของสินค้านี้คือ อยู่ระหว่างดำเนินการ คอมมิชชั่นจะถูกคำนวณเพื่อจ่ายหลังสถานะเป็นสำเร็จแล้วเท่านั้น,คำสั่งซื้อจากร้านค้าต่างกัน,ที่มีอยู่,m39TohTan1125,tunis,mng,,,Websites
250908W1WWK15X,รอดำเนินการ,210998510267969,2025-09-08 09:41:50,,2025-09-06 22:38:55,yingphetparis,66152169,C2C(Non-CB),23873096357,แบ่งขาย Ariana grande Mod Vanilla & Blush Edp รุ่นใหม่ล่าสุด‼️,165977954116,Normal Product,,ผลิตภัณฑ์บำรุงและเสริมความงาม,น้ำหอม,,125,1,คอมมิชชั่นจาก Shopee,,112,,1.75%,1.96,0.00%,0,1.96,0,0,0,,0,0.00%,0,100.00%,0,รอดำเนินการ,สถานะของสินค้านี้คือ อยู่ระหว่างดำเนินการ คอมมิชชั่นจะถูกคำนวณเพื่อจ่ายหลังสถานะเป็นสำเร็จแล้วเท่านั้น,คำสั่งซื้อจากร้านค้าต่างกัน,ที่มีอยู่,m39TohTan1125,tunis,mng,,,Websites
250908W1WWK15X,รอดำเนินการ,210998510267969,2025-09-08 09:41:50,,2025-09-06 22:38:55,yingphetparis,66152169,C2C(Non-CB),17695356157,แบ่งขาย Ariana Grande Mod Vanilla Edp แท้ทุกหยด ของแท้ 💯💯%,156940473456,Normal Product,,ผลิตภัณฑ์บำรุงและเสริมความงาม,น้ำหอม,,125,1,คอมมิชชั่นจาก Shopee,,113,,1.75%,1.9775,0.00%,0,1.9775,0,0,0,,0,0.00%,0,100.00%,0,รอดำเนินการ,สถานะของสินค้านี้คือ อยู่ระหว่างดำเนินการ คอมมิชชั่นจะถูกคำนวณเพื่อจ่ายหลังสถานะเป็นสำเร็จแล้วเท่านั้น,คำสั่งซื้อจากร้านค้าต่างกัน,ที่มีอยู่,m39TohTan1125,tunis,mng,,,Websites
250908W1V680KD,รอดำเนินการ,210998452230424,2025-09-08 09:40:53,,2025-09-08 05:21:41,Legacy shop by Wellness family,117405770,Preferred(Non-CB),21786720385,ของแท้!! Cafe7 Lega Big Pack ห่อใหญ่ 50+5 กาแฟแคลต่ำ เหมาะกับคนดูแลสุขภาพ น้ำตาล0% ไม่มีไขมันทรานส์,290954259928,Normal Product,,อาหารและเครื่องดื่ม,เครื่องดื่ม,กาแฟ,2700,1,คอมมิชชั่นจาก Shopee,,2430,,1.75%,42.525,0.00%,0,42.525,42.525,0,42.525,,0,0.00%,0,100.00%,42.525,รอดำเนินการ,สถานะของสินค้านี้คือ อยู่ระหว่างดำเนินการ คอมมิชชั่นจะถูกคำนวณเพื่อจ่ายหลังสถานะเป็นสำเร็จแล้วเท่านั้น,คำสั่งซื้อจากร้านค้าต่างกัน,ที่มีอยู่,2599adboostco,paris,mng,m06Nasa1228,,Facebook
250908W1SEFUP5,สำเร็จ,210998360217080,2025-09-08 09:39:20,2025-09-11 09:17:00,2025-09-08 05:52:23,HME_SHOP,42626027,Preferred(Non-CB),1835351683,XIX-[HME] SHARP เครื่องทำน้ำอุ่น 3500 W รุ่น WH-34 - มี ELB BREAKER (ราคานี้ยังไม่รวมบริการติดตั้ง),128318434366,Normal Product,,เครื่องใช้ไฟฟ้าภายในบ้าน,เครื่องใช้ไฟฟ้าขนาดใหญ่,เครื่องทำน้ำอุ่น,1884,1,คอมมิชชั่นจาก Shopee,,1694,,1.50%,25.41,0.00%,0,25.41,25.41,0,25.41,,0,0.00%,0,100.00%,25.41,สำเร็จ,,คำสั่งซื้อจากร้านค้าต่างกัน,ที่มีอยู่,2599adboostco,paris,mng,m01FahRain0805,,Facebook
250908W1RSH8FU,รอดำเนินการ,210998338242515,2025-09-08 09:38:58,,2025-09-08 09:33:17,QQ Pet,820929847,C2C(Non-CB),26253473695,ใหม่ราคาถูก หวีกำจัดขน หวีแมว มีปุ่มดันขนออก หวีแปรงขนสัตว์ หวีสุนัข ที่แปรงขนสัตว์เลี้ยง ทำความสะอาดง่าย แบบหมุด,207600955435,Normal Product,,สัตว์เลี้ยง,อุปกรณ์ทำความสะอาดและตกแต่งขน,อุปกรณ์ดูแลขนสัตว์เลี้ยง,33,1,คอมมิชชั่นจากร้านค้า,,33,,1.75%,0.5775,7.20%,0,0.5775,1.155,0,1.155,,0,0.00%,0,100.00%,1.155,รอดำเนินการ,สถานะของสินค้านี้คือ อยู่ระหว่างดำเนินการ คอมมิชชั่นจะถูกคำนวณเพื่อจ่ายหลังสถานะเป็นสำเร็จแล้วเท่านั้น,คำสั่งซื้อจากร้านค้าต่างกัน,ที่มีอยู่,2599adboostco,paris,mng,m01kaofangMeow0303,,Facebook
250908W1RSH8FU,รอดำเนินการ,210998338242515,2025-09-08 09:38:58,,2025-09-08 09:33:17,QQ Pet,820929847,C2C(Non-CB),27939095617,QQ PET 2In1 กรรไกรตัดเล็บสัตว์เลี้ยงปรับหลุมแมวสุนัขเล็บ Clipper เครื่องตัดสัตว์เลี้ยง,149235505071,Normal Product,,สัตว์เลี้ยง,อุปกรณ์ทำความสะอาดและตกแต่งขน,อุปกรณ์ตัดแต่งเล็บสัตว์เลี้ยง,33,1,คอมมิชชั่นจากร้านค้า,,33,,1.75%,0.5775,7.20%,0,0.5775,0,0,0,,0,0.00%,0,100.00%,0,รอดำเนินการ,สถานะของสินค้านี้คือ อยู่ระหว่างดำเนินการ คอมมิชชั่นจะถูกคำนวณเพื่อจ่ายหลังสถานะเป็นสำเร็จแล้วเท่านั้น,คำสั่งซื้อจากร้านค้าต่างกัน,ที่มีอยู่,2599adboostco,paris,mng,m01kaofangMeow0303,,Facebook
250908W1NKHB00,สำเร็จ,210998231287408,2025-09-08 09:37:11,2025-09-11 09:17:46,2025-09-08 09:35:48,9STORE BY CATZA MEOW Official,289705092,C2C(Non-CB),14283000817,MEOW ทรายแมวเต้าหู้ 10 ลิตร / ทรายแมวมันเต้า MEOW ออแกนิก 100% ทิ้งชักโครกได้,232326023017,Normal Product,,สัตว์เลี้ยง,ห้องน้ำและทราย,ทรายแมวและกระบะทรายแมว,159,1,คอมมิชชั่นจากร้านค้า,,143,,1.75%,2.5025,8.00%,11.44,13.9425,2.5025,11.44,13.9425,,0,0.00%,0,100.00%,13.9425,สำเร็จ,,สั่งซื้อในร้านค้าเดียวกัน,ที่มีอยู่,2599adboostco,paris,mng,m01kaofangMeow0303,,Facebook
250908W1NDRJ54,รอดำเนินการ,210998225238968,2025-09-08 09:37:05,,2025-09-08 08:41:49,Edifier Authorized Store,928129772,Shopee Mall(CB),41901106970,Edifier Comfo Q หูฟังไร้สายแบบ True Wireless บลูทูธ 5.4 เล่นได้ 32 ชม. รองรับการโทรแบบ AI Clear เชื่อมต่อหลายจุด ฟังก์ชันระบายน้,270088029198,Normal Product,,เครื่องเสียง,หูฟัง,,1699,1,คอมมิชชั่นจากร้านค้า,,1263,,1.50%,18.945,5.00%,0,18.945,18.945,0,18.945,,0,0.00%,0,100.00%,18.945,รอดำเนินการ,สถานะของสินค้านี้คือ อยู่ระหว่างดำเนินการ คอมมิชชั่นจะถูกคำนวณเพื่อจ่ายหลังสถานะเป็นสำเร็จแล้วเท่านั้น,คำสั่งซื้อจากร้านค้าต่างกัน,ที่มีอยู่,2599adboostco,paris,mng,m01BMavk0821,,Facebook
250908W1KSBBSW,สำเร็จ,210998170278368,2025-09-08 09:36:11,2025-09-09 08:44:16,2025-09-08 06:34:42,orsen_official_store,374944741,Preferred(Non-CB),20010454199,ปลั๊ก 2.4A Hoco C22 ชาร์จเร็ว ราคาถูก หัวชาร์จ fast charge หม้อแปลง ถูกสุดๆเลยจ้า,180594056258,Normal Product,,มือถือและอุปกรณ์เสริม,อุปกรณ์เสริม,สายชาร์จและตัวแปลง,62,1,คอมมิชชั่นจากร้านค้า,,62,,1.50%,0.93,6.00%,0,0.93,0.93,0,0.93,,0,0.00%,0,100.00%,0.93,สำเร็จ,,คำสั่งซื้อจากร้านค้าต่างกัน,ที่มีอยู่,2599adboostco,paris,mng,m01FahRain0805,,Facebook
250908W1E61JJM,สำเร็จ,210997982256001,2025-09-08 09:33:02,2025-09-11 06:53:01,2025-09-08 06:49:40,Thai Bakery Master,223124488,C2C(Non-CB),19503047669,100 ชิ้น แผ่น รอง หม้อทอดไร้น้ำมัน กระดาษรองหม้อทอดไร้น้ำมันทรงกลม แบบใช้แล้วทิ้ง สําหรับเตาอบ,231887463386,Normal Product,0_364357880332528_1,เครื่องใช้ในบ้าน,เครื่องครัว,อุปกรณ์ทำขนม,28.15533,1,คอมมิชชั่นจากร้านค้า,,24.15534,,1.50%,0.36233,4.00%,0,0.36233,1.79999,0,1.79999,,0,0.00%,0,100.00%,1.79999,สำเร็จ,,คำสั่งซื้อจากร้านค้าต่างกัน,ที่มีอยู่,2599adboostco,paris,mng,m01YPf0821,,Facebook
250908W1E61JJM,สำเร็จ,210997982256001,2025-09-08 09:33:02,2025-09-11 06:53:01,2025-09-08 06:49:40,Thai Bakery Master,223124488,C2C(Non-CB),21957156338,ถ้วยฟอยล์อบขนม 125 มล. แบบเเพ็ค 10/20/30/50 ชิ้น เกรดอาหาร ทนความร้อน สําหรับทําขนมหวาน เบเกอรี่,174870104594,Normal Product,0_364357880332528_1,เครื่องใช้ในบ้าน,เครื่องครัว,อุปกรณ์ทำขนม,43.68932,1,คอมมิชชั่นจากร้านค้า,,36.68932,,1.50%,0.55033,4.00%,0,0.55033,0,0,0,,0,0.00%,0,100.00%,0,สำเร็จ,,คำสั่งซื้อจากร้านค้าต่างกัน,ที่มีอยู่,2599adboostco,paris,mng,m01YPf0821,,Facebook
250908W1E61JJM,สำเร็จ,210997982256001,2025-09-08 09:33:02,2025-09-11 06:53:01,2025-09-08 06:49:40,Thai Bakery Master,223124488,C2C(Non-CB),18956113835,ถาดฟอยล์อลูมิเนียม ทรงกลม ไม่ติดผิว แบบใช้แล้วทิ้ง สําหรับหม้อทอดไร้น้ํามัน (7 นิ้ว),212822836492,Normal Product,,เครื่องใช้ในบ้าน,เครื่องครัว,กระดาษฟอยล์,39,1,คอมมิชชั่นจากร้านค้า,,35,,1.50%,0.525,4.00%,0,0.525,0,0,0,,0,0.00%,0,100.00%,0,สำเร็จ,,คำสั่งซื้อจากร้านค้าต่างกัน,ที่มีอยู่,2599adboostco,paris,mng,m01YPf0821,,Facebook
250908W1E61JJM,สำเร็จ,210997982256001,2025-09-08 09:33:02,2025-09-11 06:53:01,2025-09-08 06:49:40,Thai Bakery Master,223124488,C2C(Non-CB),19503047669,100 ชิ้น แผ่น รอง หม้อทอดไร้น้ำมัน กระดาษรองหม้อทอดไร้น้ำมันทรงกลม แบบใช้แล้วทิ้ง สําหรับเตาอบ,194186588061,Normal Product,0_364357880332528_1,เครื่องใช้ในบ้าน,เครื่องครัว,อุปกรณ์ทำขนม,28.15533,1,คอมมิชชั่นจากร้านค้า,,24.15534,,1.50%,0.36233,4.00%,0,0.36233,0,0,0,,0,0.00%,0,100.00%,0,สำเร็จ,,คำสั่งซื้อจากร้านค้าต่างกัน,ที่มีอยู่,2599adboostco,paris,mng,m01YPf0821,,Facebook
250908W160QXAX,สำเร็จ,210997708260991,2025-09-08 09:28:28,2025-09-09 08:44:16,2025-09-08 09:23:08,GQ Outlet,168932539,Shopee Mall(Non-CB),40459301464,[ลดล้างสต็อก] GQ Classic Pants Regular กางเกงสแล็คขายาวผู้ชายทรงมาตรฐาน,206168477601,Normal Product,,เสื้อผ้าผู้ชาย,กางเกงขายาว,กางเกงขายาว,590,1,คอมมิชชั่นจากร้านค้า,,501,,1.75%,8.7675,7.00%,0,8.7675,8.7675,0,8.7675,,0,0.00%,0,100.00%,8.7675,สำเร็จ,,คำสั่งซื้อจากร้านค้าต่างกัน,ที่มีอยู่,2599adboostco,paris,mng,m01Tik0803,,Facebook
250908W160QXAV,สำเร็จ,210997708260991,2025-09-08 09:28:28,2025-09-09 14:07:58,2025-09-08 09:23:08,Super Lock Official Shop,13075563,Shopee Mall(Non-CB),755716785,Super Lock ภาชนะสำหรับอุ่นอาหารในไมโครเวฟ พร้อมถาดรอง ใส่น้ำได้ รุ่น 5096 2200 มล. ป้องกันแบคทีเรีย BPA Free,40422751965,Normal Product,,เครื่องใช้ในบ้าน,เครื่องครัว,ที่ใส่อาหารและเครื่องดื่ม,105,1,คอมมิชชั่นจากร้านค้า,,90,,1.50%,1.35,7.00%,0,1.35,1.35,0,1.35,,0,0.00%,0,100.00%,1.35,สำเร็จ,,คำสั่งซื้อจากร้านค้าต่างกัน,ที่มีอยู่,2599adboostco,paris,mng,m01Tik0803,,Facebook
250908W15CNFVM,สำเร็จ,210997687211515,2025-09-08 09:28:07,2025-09-11 15:55:36,2025-09-08 09:26:57,TH -Shop,718606161,Preferred(Non-CB),21162788771,ชุดอุปกรณ์ตัดขนสุนัข ปัตตาเลี่ยนตัดขนสัตว์เลี้ยง ที่ตัดขนแมว ที่ตัดขนหมา 4in1 pet trimmer hairclipper พร้อมหัวที่่กรอเล็,221284404366,Normal Product,,สัตว์เลี้ยง,อุปกรณ์ทำความสะอาดและตกแต่งขน,อุปกรณ์ดูแลขนสัตว์เลี้ยง,295,1,คอมมิชชั่นจากร้านค้า,,263,,1.75%,4.6025,4.00%,10.52,15.1225,4.6025,10.52,15.1225,,0,0.00%,0,100.00%,15.1225,สำเร็จ,,สั่งซื้อในร้านค้าเดียวกัน,ที่มีอยู่,2599adboostco,paris,mng,m01PetKit0520,,Facebook
250908W13YV6NA,สำเร็จ,210997640245895,2025-09-08 09:27:21,2025-09-11 11:00:54,2025-09-08 09:24:00,GBL Fashion,1478740215,C2C(Non-CB),29479733313,คอลเลคชั่นใหม่ เดรสยาวพลัสไซส์เก็บพุงพรางผอม ชุดเดรสแฟชั่นผู้หญิง เดรสสาวสาวอวบ ชุดเดรสสวยหรูดูแพง,119433313707,Normal Product,,เสื้อผ้าผู้หญิง,เดรส,,89,1,คอมมิชชั่นจากร้านค้า,,79,,1.50%,1.185,12.00%,0,1.185,1.185,0,1.185,,0,0.00%,0,100.00%,1.185,สำเร็จ,,คำสั่งซื้อจากร้านค้าต่างกัน,ที่มีอยู่,2599adboostco,paris,mng,m01kaofangMeow0303,,Facebook
250908W12AED5X,รอดำเนินการ,210997584228161,2025-09-08 09:26:24,,2025-09-08 09:21:22,T-ONE Life Store,1361835101,Preferred(Non-CB),26412769520,ที่ดูดส้วม ส้วมตัน ท่อดูดส้วม ตัวปั๊มขจัดสิ่งอุดตันในท่อ เพียงแค่ดันและดึง แก้การอุดตันใน 1 วินาที แรงดันใหญ่ ใช้งานง่าย,176708979770,Normal Product,,เครื่องใช้ในบ้าน,ห้องน้ำ,อื่นๆ,49,1,คอมมิชชั่นจากร้านค้า,,49,,1.50%,0.735,13.00%,0,0.735,0.735,0,0.735,,0,0.00%,0,100.00%,0.735,รอดำเนินการ,สถานะของสินค้านี้คือ อยู่ระหว่างดำเนินการ คอมมิชชั่นจะถูกคำนวณเพื่อจ่ายหลังสถานะเป็นสำเร็จแล้วเท่านั้น,คำสั่งซื้อจากร้านค้าต่างกัน,ที่มีอยู่,m39TohTan1125,tunis,mng,,,Websites
250908W12AED5W,รอดำเนินการ,210997584228161,2025-09-08 09:26:24,,2025-09-08 09:21:22,Sunshine Market Thailand,1292783639,Shopee Mall(Non-CB),23264893254,Bob's Red Mill Organic Steel Cut Oat| บ็อบส์เรดมิล ออร์แกนิคสตีลคัทโอ๊ต680g | Sunshine Market,195407134466,Normal Product,,อาหารและเครื่องดื่ม,อาหารเช้า ซีเรียล & ผลิตภัณฑ์ทาขนมปัง,ซีเรียล กราโนล่าและข้าวโอ๊ต,360,1,คอมมิชชั่นจาก Shopee,,323,,1.75%,5.6525,0.00%,0,5.6525,5.6525,0,5.6525,,0,0.00%,0,100.00%,5.6525,รอดำเนินการ,สถานะของสินค้านี้คือ อยู่ระหว่างดำเนินการ คอมมิชชั่นจะถูกคำนวณเพื่อจ่ายหลังสถานะเป็นสำเร็จแล้วเท่านั้น,คำสั่งซื้อจากร้านค้าต่างกัน,ที่มีอยู่,m39TohTan1125,tunis,mng,,,Websites
250908W12AED5V,รอดำเนินการ,210997584228161,2025-09-08 09:26:24,,2025-09-08 09:21:22,ddayupfun.th,182853931,C2C(CB),22923518920,4 ชิ้น / ล็อต มัลติฟังก์ชั่น แปรง ปากกาวาดภาพ มาร์กเกอร์ นักเรียน ฝึกเขียนพู่กัน ปากกาหมึกสีดํา คําเชิญ,213832598765,Normal Product,,เครื่องเขียน,อุปกรณ์การเขียนและลบคำผิด,มาร์คเกอร์,101,1,คอมมิชชั่นจากร้านค้า,,87,,1.75%,1.5225,10.00%,0,1.5225,1.5225,0,1.5225,,0,0.00%,0,100.00%,1.5225,รอดำเนินการ,สถานะของสินค้านี้คือ อยู่ระหว่างดำเนินการ คอมมิชชั่นจะถูกคำนวณเพื่อจ่ายหลังสถานะเป็นสำเร็จแล้วเท่านั้น,คำสั่งซื้อจากร้านค้าต่างกัน,ที่มีอยู่,m39TohTan1125,tunis,mng,,,Websites
250908W0YQG6DS,รอดำเนินการ,210997497244716,2025-09-08 09:24:58,,2025-09-08 09:20:09,sm.canvas,527842696,Preferred(Non-CB),15404651707,ผ้าแคนวาส 22 ออนซ์ หน้ากว้าง 42 นิ้ว (ขายเป็นหลา),37873301425,Normal Product,,เสื้อผ้าผู้หญิง,เนื้อผ้า,แคนวาส,265,1,คอมมิชชั่นจาก Shopee,,265,,1.50%,3.975,0.00%,0,3.975,3.975,0,3.975,,0,0.00%,0,100.00%,3.975,รอดำเนินการ,สถานะของสินค้านี้คือ อยู่ระหว่างดำเนินการ คอมมิชชั่นจะถูกคำนวณเพื่อจ่ายหลังสถานะเป็นสำเร็จแล้วเท่านั้น,คำสั่งซื้อจากร้านค้าต่างกัน,ที่มีอยู่,2599adboostco,paris,mng,m02Rooftop0623,,Facebook
250908W0RYWW1J,รอดำเนินการ,210997271203966,2025-09-08 09:21:11,,2025-09-08 08:10:52,UN UN,311920833,Preferred(Non-CB),43210890370,COD ตุ๊กตาชิวาวา12/24cm ChiHUAHUA จี้พวงกุญแจ ตุ๊กตาของเล่นตุ๊กตา ของขวัญวันเกิด,270914434653,Normal Product,,แม่และเด็ก,ของเล่น,ตุ๊กตา,140,1,คอมมิชชั่นจาก Shopee,,126,,1.75%,2.205,0.00%,0,2.205,2.205,0,2.205,,0,0.00%,0,100.00%,2.205,รอดำเนินการ,สถานะของสินค้านี้คือ อยู่ระหว่างดำเนินการ คอมมิชชั่นจะถูกคำนวณเพื่อจ่ายหลังสถานะเป็นสำเร็จแล้วเท่านั้น,คำสั่งซื้อจากร้านค้าต่างกัน,ที่มีอยู่,2599adboostco,paris,mng,m01KFdika0520,,Facebook
250908W0PTAXG9,สำเร็จ,210997198236369,2025-09-08 09:19:58,2025-09-10 20:03:06,2025-09-08 09:17:15,Yuedpao - ยืดเปล่า Official Store,240723932,Shopee Mall(Non-CB),44100035741,Yuedpao Sportswear เสื้อออกกำลังกาย เสื้อกีฬา ระบายอากาศได้ดี เสื้อสำหรับวิ่ง Ultra Flow Training shirt,300002049463,Normal Product,,กีฬาและกิจกรรมกลางแจ้ง,เสื้อผ้ากีฬา,เสื้อกีฬา,190,1,คอมมิชชั่นจากร้านค้า,,166,,1.75%,2.905,10.00%,16.6,19.505,2.905,16.6,19.505,,0,0.00%,0,100.00%,19.505,สำเร็จ,,สั่งซื้อในร้านค้าเดียวกัน,ที่มีอยู่,2599adboostco,paris,mng,m01YPf0821,,Facebook
250908W0P1KDS3,สำเร็จ,210997172299183,2025-09-08 09:19:32,2025-09-09 20:23:19,2025-09-08 09:07:09,M Kitchenstuff,50112979,C2C(Non-CB),28915985991,M KITCHEN จาน ชาม ถ้วย เซรามิค ลายน่ารัก 1 ใบ เข้าไมโครเวฟได้ (A3),291108164137,Normal Product,,เครื่องใช้ในบ้าน,เครื่องใช้บนโต๊ะอาหาร,ชาม,35,1,คอมมิชชั่นจาก Shopee,,35,,1.50%,0.525,0.00%,0,0.525,1.05,0,1.05,,0,0.00%,0,100.00%,1.05,สำเร็จ,,คำสั่งซื้อจากร้านค้าต่างกัน,ที่มีอยู่,2599adboostco,paris,mng,m01PetKit0520,,Facebook
250908W0P1KDS3,สำเร็จ,210997172299183,2025-09-08 09:19:32,2025-09-09 20:23:19,2025-09-08 09:07:09,M Kitchenstuff,50112979,C2C(Non-CB),28915985991,M KITCHEN จาน ชาม ถ้วย เซรามิค ลายน่ารัก 1 ใบ เข้าไมโครเวฟได้ (A3),291108164143,Normal Product,,เครื่องใช้ในบ้าน,เครื่องใช้บนโต๊ะอาหาร,ชาม,35,1,คอมมิชชั่นจาก Shopee,,35,,1.50%,0.525,0.00%,0,0.525,0,0,0,,0,0.00%,0,100.00%,0,สำเร็จ,,คำสั่งซื้อจากร้านค้าต่างกัน,ที่มีอยู่,2599adboostco,paris,mng,m01PetKit0520,,Facebook
250908W0NWQDQN,สำเร็จ,210997168236357,2025-09-08 09:19:28,2025-09-10 17:06:10,2025-09-08 07:22:35,buybuytech,85363955,Preferred(Non-CB),23577252626,Battery ถ่านชาร์จ 1.5V AA/AAA 3000mAh ที่มีคุณภาพสูง ราคา4ก้อน 4PCS,59339802912,Normal Product,,มือถือและอุปกรณ์เสริม,อุปกรณ์เสริม,แบตเตอรี่และแบตสำรอง,33,1,คอมมิชชั่นจาก Shopee,,33,,1.50%,0.495,0.00%,0,0.495,1.035,0,1.035,,0,0.00%,0,100.00%,1.035,สำเร็จ,,คำสั่งซื้อจากร้านค้าต่างกัน,ที่มีอยู่,2599adboostco,paris,mng,m02Rooftop0706,,Facebook
250908W0NWQDQN,สำเร็จ,210997168236357,2025-09-08 09:19:28,2025-09-10 17:06:10,2025-09-08 07:22:35,buybuytech,85363955,Preferred(Non-CB),23577252626,Battery ถ่านชาร์จ 1.5V AA/AAA 3000mAh ที่มีคุณภาพสูง ราคา4ก้อน 4PCS,59339802914,Normal Product,,มือถือและอุปกรณ์เสริม,อุปกรณ์เสริม,แบตเตอรี่และแบตสำรอง,9,4,คอมมิชชั่นจาก Shopee,,36,,1.50%,0.54,0.00%,0,0.54,0,0,0,,0,0.00%,0,100.00%,0,สำเร็จ,,คำสั่งซื้อจากร้านค้าต่างกัน,ที่มีอยู่,2599adboostco,paris,mng,m02Rooftop0706,,Facebook
250908W0HXVGRH,รอดำเนินการ,210997035220033,2025-09-08 09:17:15,,2025-09-08 09:16:22,TH -Shop,718606161,Preferred(Non-CB),21162788771,ชุดอุปกรณ์ตัดขนสุนัข ปัตตาเลี่ยนตัดขนสัตว์เลี้ยง ที่ตัดขนแมว ที่ตัดขนหมา 4in1 pet trimmer hairclipper พร้อมหัวที่่กรอเล็,221284404367,Normal Product,,สัตว์เลี้ยง,อุปกรณ์ทำความสะอาดและตกแต่งขน,อุปกรณ์ดูแลขนสัตว์เลี้ยง,270,1,คอมมิชชั่นจากร้านค้า,,241,,1.75%,4.2175,4.00%,9.64,13.8575,4.2175,9.64,13.8575,,0,0.00%,0,100.00%,13.8575,รอดำเนินการ,สถานะของสินค้านี้คือ อยู่ระหว่างดำเนินการ คอมมิชชั่นจะถูกคำนวณเพื่อจ่ายหลังสถานะเป็นสำเร็จแล้วเท่านั้น,สั่งซื้อในร้านค้าเดียวกัน,ที่มีอยู่,2599adboostco,paris,mng,m01PetKit0520,,Facebook
250908W0GXGG1K,สำเร็จ,210997001285242,2025-09-08 09:16:41,2025-09-09 08:44:16,2025-09-08 08:14:21,Yuedpao - ยืดเปล่า Official Store,240723932,Shopee Mall(Non-CB),41400048187,Yuedpao Sportswear เสื้อออกกำลังกายแขนกุด เสื้อกีฬา เสื้อกล้ามออกกำลังกาย เสื้อสำหรับวิ่ง Ultra Flow Sleeveless,300002801459,Normal Product,,กีฬาและกิจกรรมกลางแจ้ง,เสื้อผ้ากีฬา,เสื้อกีฬา,150,1,คอมมิชชั่นจากร้านค้า,,123,,1.75%,2.1525,10.00%,12.3,14.4525,2.1525,12.3,14.4525,,0,0.00%,0,100.00%,14.4525,สำเร็จ,,สั่งซื้อในร้านค้าเดียวกัน,ที่มีอยู่,2599adboostco,paris,mng,m01YPf0821,,Facebook
250908W0FCVX4D,สำเร็จ,210996949266347,2025-09-08 09:15:49,2025-09-10 08:59:20,2025-09-08 06:11:52,ManyCute,1057659233,Preferred(Non-CB),23352794325,เสื้อคลุมผู้หญิง เสื้อคลุมกันแดด เสื้อคลุมผ้าร่ม มีฮู้ด กันแดด กันลม ใส่สบาย ManyCute,204540137714,Normal Product,,เสื้อผ้าผู้หญิง,แจ็คเก็ตและเสื้อโค้ท เสื้อกั๊ก,เสื้อคลุม,159,1,คอมมิชชั่นจากร้านค้า,,135,,1.50%,2.025,7.00%,0,2.025,2.025,0,2.025,,0,0.00%,0,100.00%,2.025,สำเร็จ,,คำสั่งซื้อจากร้านค้าต่างกัน,ที่มีอยู่,2599adboostco,paris,mng,m01KFdika0520,,Facebook
250908W0E6S499,สำเร็จ,210996909288641,2025-09-08 09:15:10,2025-09-10 19:27:44,2025-09-08 09:12:24,LALIVING,1218357625,C2C(Non-CB),29861302876,แผ่นรองเมาส์ขนาดใหญ่ การเล่นเกมแบบขยาย เดสก์ท็อป แผ่นรองเมาส์แบบซักได้ฐานกันลื่นสำหรับการทำงาน การเล่นเกมและความบันเทิงข,207806920886,Normal Product,,คอมพิวเตอร์และอุปกรณ์เสริม,อุปกรณ์ต่อพ่วงและอุปกรณ์เสริม,แผ่นรองเมาส์,150,1,คอมมิชชั่นจาก Shopee,,127,,1.50%,1.905,0.00%,0,1.905,1.905,0,1.905,,0,0.00%,0,100.00%,1.905,สำเร็จ,,คำสั่งซื้อจากร้านค้าต่างกัน,ที่มีอยู่,2599adboostco,paris,mng,m01jjshop0803,,Facebook
250908W0BGXH42,สำเร็จ,210996819283929,2025-09-08 09:13:40,2025-09-09 16:31:19,2025-09-08 06:44:18,FD AUTO PARTS STORE,754362750,Preferred(Non-CB),29105922995,AISIN WIPER BLADE ใบปัดน้ำฝน โครงเหล็ก ขนาด 12-28 นิ้ว ไอชิน โครงเหล็กคุณภาพสูง,215257008095,Normal Product,,รถยนต์ อะไหล่และอุปกรณ์เสริมรถยนต์,ชิ้นส่วนอะไหล่รถยนต์,ที่ปัดน้ำฝน และตัวชะล้าง,224,1,คอมมิชชั่นจาก Shopee,,179,,1.75%,3.1325,0.00%,0,3.1325,3.1325,0,3.1325,,0,0.00%,0,100.00%,3.1325,สำเร็จ,,คำสั่งซื้อจากร้านค้าต่างกัน,ที่มีอยู่,2599adboostco,paris,mng,m01FahRain0805,,Facebook
250908W09B89EM,สำเร็จ,210996746205089,2025-09-08 09:12:26,2025-09-11 17:08:31,2025-09-08 07:47:44,Aroma Online Store,232453707,Shopee Mall(Non-CB),24513309837,MilkLab นมทางเลือก นมชงกาแฟโดยเฉพาะ (1กล่อง 1000ml.),207315037580,Normal Product,,อาหารและเครื่องดื่ม,ผลิตภัณฑ์นม เนย และไข่,นม,149,2,คอมมิชชั่นจากร้านค้า,,241,,1.75%,4.2175,9.00%,0,4.2175,4.2175,0,4.2175,,0,0.00%,0,100.00%,4.2175,สำเร็จ,,คำสั่งซื้อจากร้านค้าต่างกัน,ที่มีอยู่,2599adboostco,paris,mng,m01Tik0803,,Facebook
250908W040KCJ3,ยกเลิก,210996567265873,2025-09-08 09:09:27,--,2025-09-08 09:04:20,Super cool_shop,1144590236,C2C(Non-CB),28120127948,หมวกกันน็อค หมวกกันน๊อก รถจักรยานยนต์ กันลม กันน้ำ แข็งแรงใส่สบายหมวกกันน็อคเต็ม ทนต่อการใช้งาน หมวกกันน็อคเต็มใบ,208047752855,Normal Product,,รถมอเตอร์ไซค์ อะไหล่และอุปกรณ์เสริมมอเตอร์ไซค์,หมวกกันน็อคและอุปกรณ์สวมใส่สำหรับขับขี่,,179,0,คอมมิชชั่นจากร้านค้า,,0,171,1.75%,0,13.00%,0,0,0,0,0,,0,0.00%,0,100.00%,0,ยกเลิก,ผู้ซื้อยกเลิกคำสั่งซื้อ.,สั่งซื้อในร้านค้าเดียวกัน,ที่มีอยู่,2599adboostco,paris,mng,m01BMavk0821,,Facebook
250908VYRM9P8D,สำเร็จ,210996185269809,2025-09-08 09:03:06,2025-09-09 22:24:33,2025-09-08 09:01:57,TH -Shop,718606161,Preferred(Non-CB),21162788771,ชุดอุปกรณ์ตัดขนสุนัข ปัตตาเลี่ยนตัดขนสัตว์เลี้ยง ที่ตัดขนแมว ที่ตัดขนหมา 4in1 pet trimmer hairclipper พร้อมหัวที่่กรอเล็,184126265125,Normal Product,,สัตว์เลี้ยง,อุปกรณ์ทำความสะอาดและตกแต่งขน,อุปกรณ์ดูแลขนสัตว์เลี้ยง,270,1,คอมมิชชั่นจากร้านค้า,,238,,1.75%,4.165,4.00%,9.52,13.685,4.165,9.52,13.685,,0,0.00%,0,100.00%,13.685,สำเร็จ,,สั่งซื้อในร้านค้าเดียวกัน,ที่มีอยู่,2599adboostco,paris,mng,m01PetKit0520,,Facebook
250908VYQ4JYXV,ยกเลิก,210996135239721,2025-09-08 09:02:16,--,2025-09-08 08:53:14,Coconut Mall07,876565758,Preferred(Non-CB),27326525701,ที่ลับเล็บแมว รูปอ่าง กระดาษลับเล็บวงรี ที่ฝนเล็บแมว ของเล่นแมว เป็นที่นอนแมวไปในตัว,215795425918,Normal Product,,สัตว์เลี้ยง,อุปกรณ์สำหรับสัตว์เลี้ยง,เฟอร์นิเจอร์สัตว์เลี้ยง,62,0,คอมมิชชั่นจากร้านค้า,,0,62,1.75%,0,7.00%,0,0,0,0,0,,0,0.00%,0,100.00%,0,ยกเลิก,ผู้ซื้อยกเลิกคำสั่งซื้อ.,คำสั่งซื้อจากร้านค้าต่างกัน,ที่มีอยู่,2599adboostco,paris,mng,m01kaofangMeow0303,,Facebook
250908VYQ4JYXV,ยกเลิก,210996135239721,2025-09-08 09:02:16,--,2025-09-08 08:53:14,Coconut Mall07,876565758,Preferred(Non-CB),24140752650,(แถมเมล็ด5ซอง)หญ้าแมว ออร์แกนิค ชุดปลูกต้นอ่อนข้าวสาลี เมล็ดข้าวสาลี ข้าวสาลีแมว​ ชุดปลูกต้นอ่อนข้าวสาลี,247529158525,Normal Product,,สัตว์เลี้ยง,อาหารสัตว์,อาหารแมว,27,0,คอมมิชชั่นจาก Shopee,,0,27,1.75%,0,0.00%,0,0,0,0,0,,0,0.00%,0,100.00%,0,ยกเลิก,ผู้ซื้อยกเลิกคำสั่งซื้อ.,คำสั่งซื้อจากร้านค้าต่างกัน,ที่มีอยู่,2599adboostco,paris,mng,m01kaofangMeow0303,,Facebook
250908VYQ4JYXV,ยกเลิก,210996135239721,2025-09-08 09:02:16,--,2025-09-08 08:53:14,Coconut Mall07,876565758,Preferred(Non-CB),24140752650,(แถมเมล็ด5ซอง)หญ้าแมว ออร์แกนิค ชุดปลูกต้นอ่อนข้าวสาลี เมล็ดข้าวสาลี ข้าวสาลีแมว​ ชุดปลูกต้นอ่อนข้าวสาลี,247529158528,Normal Product,,สัตว์เลี้ยง,อาหารสัตว์,อาหารแมว,6,0,คอมมิชชั่นจาก Shopee,,0,6,1.75%,0,0.00%,0,0,0,0,0,,0,0.00%,0,100.00%,0,ยกเลิก,ผู้ซื้อยกเลิกคำสั่งซื้อ.,คำสั่งซื้อจากร้านค้าต่างกัน,ที่มีอยู่,2599adboostco,paris,mng,m01kaofangMeow0303,,Facebook
250908VYJEV25F,สำเร็จ,210995978251267,2025-09-08 08:59:39,2025-09-11 06:02:12,2025-09-08 08:57:20,We garden,11667674,C2C(Non-CB),28252243939,"กระถางเบลล่าสไตล์มินิมอล กระถางพลาติก  5"" 7"" 9"" 12""",195161303799,Normal Product,,เครื่องใช้ในบ้าน,สวน,กระถางต้นไม้,28,4,คอมมิชชั่นจาก Shopee,,100,,1.50%,1.5,0.00%,0,1.5,1.5,0,1.5,,0,0.00%,0,100.00%,1.5,สำเร็จ,,คำสั่งซื้อจากร้านค้าต่างกัน,ที่มีอยู่,2599adboostco,paris,mng,m01kaofangMeow0303,,Facebook
250908VYHYMC40,สำเร็จ,210995962267839,2025-09-08 08:59:22,2025-09-11 19:57:29,2025-09-08 08:55:36,VET PLANET,1478662402,C2C(Non-CB),27029013286,Nano Wipe ทิชชู่เปียกทำความสะอาดสำหรับสัตว์เลี้ยง ทิชชู่เปียก หอม สดชื่น อ่อนโยน ต่อสัตว์เลี้ยง พร้อมส่ง,242840391802,Normal Product,,สัตว์เลี้ยง,ห้องน้ำและทราย,อื่นๆ,136,1,คอมมิชชั่นจากร้านค้า,,122,,1.75%,2.135,8.00%,0,2.135,2.135,0,2.135,,0,0.00%,0,100.00%,2.135,สำเร็จ,,คำสั่งซื้อจากร้านค้าต่างกัน,ที่มีอยู่,2599adboostco,paris,mng,m01PetKit0520,,Facebook
250908VYFFFX9X,รอดำเนินการ,210995878239592,2025-09-08 08:57:59,,2025-09-08 08:44:07,YOWXII ,1485619524,Shopee Mall(Non-CB),42057965602,YOWXII หลอดไฟ LED HighBulb แสงขาว ใช้กับขั้วหลอดไฟ E27 5W 10W 20W 30W 40W 50W 60W 80W 100W 120W ประหยัดไฟ ทนจัด,248612844388,Normal Product,,เครื่องใช้ในบ้าน,โคมไฟและอุปกรณ์ให้แสงสว่าง,,22,1,คอมมิชชั่นจากร้านค้า,,22,,1.50%,0.33,8.00%,0,0.33,0.33,0,0.33,,0,0.00%,0,100.00%,0.33,รอดำเนินการ,สถานะของสินค้านี้คือ อยู่ระหว่างดำเนินการ คอมมิชชั่นจะถูกคำนวณเพื่อจ่ายหลังสถานะเป็นสำเร็จแล้วเท่านั้น,คำสั่งซื้อจากร้านค้าต่างกัน,ที่มีอยู่,2599adboostco,paris,mng,m01BMavk0821,,Facebook
250908VYCRQ5UP,สำเร็จ,210995787241810,2025-09-08 08:56:28,2025-09-09 21:20:32,2025-09-08 08:17:21,Yuedpao - ยืดเปล่า Official Store,240723932,Shopee Mall(Non-CB),5823318219,Yuedpao Ultrasoft Non-Iron [ใหม่ล่าสุด] เสื้อยืดคอกลมสีพื้น ไม่ย้วย ไม่หด ไม่ต้องรีด ผ้านุ่ม ไม่ขึ้นขุย สี White,166710124153,Normal Product,,เสื้อผ้าผู้ชาย,เสื้อ,เสื้อยืด,100,1,คอมมิชชั่นจากร้านค้า,,90,,1.75%,1.575,10.00%,0,1.575,1.575,0,1.575,,0,0.00%,0,100.00%,1.575,สำเร็จ,,คำสั่งซื้อจากร้านค้าต่างกัน,ที่มีอยู่,2599adboostco,paris,mng,m06Nasa1228,,Facebook
250908VYBR8BM5,สำเร็จ,210995753206374,2025-09-08 08:55:53,2025-09-10 11:45:59,2025-09-08 08:44:30,Alexia,485340179,C2C(Non-CB),27579900785,หญ้าไม่หลุด100% คุณภาพ SSS+ หญ้าเทียมปูพื้น หญ้าเทียม ซื้อกี่ชิ้นก็ได้ยาวกี่เมตร หญ้าเทียม หญ้าเทียมยกม้วน,69534170882,Normal Product,,เครื่องใช้ในบ้าน,สวน,อุปกรณ์ตกแต่งสวน,59,1,คอมมิชชั่นจากร้านค้า,,59,,1.50%,0.885,10.00%,0,0.885,0.885,0,0.885,,0,0.00%,0,100.00%,0.885,สำเร็จ,,คำสั่งซื้อจากร้านค้าต่างกัน,ที่มีอยู่,2599adboostco,paris,mng,m01jjshop0803,,Facebook
250908VYBME4QM,สำเร็จ,210995749201273,2025-09-08 08:55:49,2025-09-10 23:06:24,2025-09-08 08:45:43,WETN_Cosmetics shop,149823108,Preferred(Non-CB),42200129734,YTL มีดโกนแต่งคิ้ว กำจัดขนคิ้ว มีดโกนแต่งคิ้ว มีดกันคิ้วด้ามจับยาว คมกริบ คละสี,227808884533,Normal Product,,ผลิตภัณฑ์บำรุงและเสริมความงาม,เครื่องมือแต่งหน้า,เครื่องกำจัดขน,4,1,คอมมิชชั่นจากร้านค้า,,4,,1.75%,0.07,7.00%,0,0.07,0.07,0,0.07,,0,0.00%,0,100.00%,0.07,สำเร็จ,,คำสั่งซื้อจากร้านค้าต่างกัน,ที่มีอยู่,2599adboostco,paris,mng,m01jjshop0803,,Facebook
250908VYBBUFHB,รอดำเนินการ,210995740206389,2025-09-08 08:55:40,,2025-09-08 08:49:39,Nasalee.,1220824351,Preferred(CB),28406311360,เสื้อยืดแขนสั้นผ้าฝ้ายคอตตอนลาย NASA รุ่นใหม่สำหรับฤดูร้อน 2024 แบบหลวมและระบายอากาศได้ดี,187679398905,Normal Product,,เสื้อผ้าผู้ชาย,เสื้อ,เสื้อยืด,159,1,ดีลพิเศษเฉพาะคุณ,,128,,1.75%,2.24,25.00%,32,34.24,2.24,32,34.24,,0,0.00%,0,100.00%,34.24,รอดำเนินการ,สถานะของสินค้านี้คือ อยู่ระหว่างดำเนินการ คอมมิชชั่นจะถูกคำนวณเพื่อจ่ายหลังสถานะเป็นสำเร็จแล้วเท่านั้น,สั่งซื้อในร้านค้าเดียวกัน,ที่มีอยู่,2599adboostco,paris,mng,m06Nasa1228,,Facebook
250908VYAEB49G,สำเร็จ,210995709263947,2025-09-08 08:55:09,2025-09-10 00:54:31,2025-09-08 08:48:10,Oyathi,340967329,C2C(Non-CB),18976552850,ปากกาใช้งานสำหรับไอแพด วางมือบนจอ+แรเงาได้ รุ่น PEN ปากกาสไตลัส Stylus Pen ใช้ได้ ใช้งานง่าย,194079199746,Normal Product,,มือถือและอุปกรณ์เสริม,อุปกรณ์เสริม,ปากกาสไตลัส,75,1,คอมมิชชั่นจากร้านค้า,,67,,1.50%,1.005,10.00%,0,1.005,1.005,0,1.005,,0,0.00%,0,100.00%,1.005,สำเร็จ,,คำสั่งซื้อจากร้านค้าต่างกัน,ที่มีอยู่,2599adboostco,paris,mng,m56ProwaVDO0905,,Facebook
250908VYA4SW87,สำเร็จ,210995699255936,2025-09-08 08:54:59,2025-09-11 10:05:56,2025-09-08 08:32:28,RainbowBridge168,430314665,Preferred(Non-CB),22853035692,Perfecta Urinary Light Weight Neutered Hairball Hair&Skin Care 1.2kg Cat เพอร์เฟคต้า อาหารแมวพรีเมี่ยมสูตรพิเศษ ถุง1.2กก,99566163792,Normal Product,,สัตว์เลี้ยง,อาหารสัตว์,อาหารแมว,295,1,คอมมิชชั่นจาก Shopee,,244,,1.75%,4.27,0.00%,0,4.27,4.27,0,4.27,,0,0.00%,0,100.00%,4.27,สำเร็จ,,คำสั่งซื้อจากร้านค้าต่างกัน,ที่มีอยู่,2599adboostco,paris,mng,m01kaofangMeow0303,,Facebook
250908VY9DV8JE,รอดำเนินการ,210995675214070,2025-09-08 08:54:35,,2025-09-06 20:53:41,Art Power Buy,1275724224,Preferred(Non-CB),43511313841,เชือกร่ำไอยเรศ เชือกร่ำภูมิปัญญาไทย มีกลิ่นให้เลือกมากกว่า 50 กลิ่น,300949968326,Normal Product,,เครื่องใช้ในบ้าน,เทียนหอม และน้ำมันหอมระเหย,ผลิตภัณฑ์ปรับอากาศและน้ำหอม,38,1,คอมมิชชั่นจาก Shopee,,38,,1.50%,0.57,0.00%,0,0.57,0.57,0,0.57,,0,0.00%,0,100.00%,0.57,รอดำเนินการ,สถานะของสินค้านี้คือ อยู่ระหว่างดำเนินการ คอมมิชชั่นจะถูกคำนวณเพื่อจ่ายหลังสถานะเป็นสำเร็จแล้วเท่านั้น,คำสั่งซื้อจากร้านค้าต่างกัน,ที่มีอยู่,2599adboostco,paris,mng,m01KFdika0520,,Facebook
250908VY7NP4R4,ยกเลิก,210995616293179,2025-09-08 08:53:36,--,2025-09-08 08:49:31,Laser4u,608041687,Preferred(Non-CB),23077861994,[เลเซอร์1ด้าน] แก้วเก็บความเย็น 900 ml  มีหูจับและหลอด ราคานี้รวมเลเซอร์แล้ว,139183181532,Normal Product,,เครื่องใช้ในบ้าน,เครื่องใช้บนโต๊ะอาหาร,แก้วน้ำ,206,0,คอมมิชชั่นจากร้านค้า,,0,120,1.50%,0,10.00%,0,0,0,0,0,,0,0.00%,0,100.00%,0,ยกเลิก,ผู้ซื้อยกเลิกคำสั่งซื้อ.,คำสั่งซื้อจากร้านค้าต่างกัน,ที่มีอยู่,2599adboostco,paris,mng,m01KFdika0520,,Facebook
250908VY2MEKFE,สำเร็จ,210995447226163,2025-09-08 08:50:47,2025-09-09 17:28:26,2025-09-08 08:45:59,roongnapamaneechay,7443867,C2C(Non-CB),24495143110,กิ๊ฟล็อคผ้ายางปูพื้นรถHONDAแท้,260288078580,Normal Product,,รถยนต์ อะไหล่และอุปกรณ์เสริมรถยนต์,อุปกรณ์เสริมภายในรถยนต์,พรมรถยนต์,110,1,คอมมิชชั่นจาก Shopee,,99,,1.75%,1.7325,0.00%,0,1.7325,1.7325,0,1.7325,,0,0.00%,0,100.00%,1.7325,สำเร็จ,,คำสั่งซื้อจากร้านค้าต่างกัน,ที่มีอยู่,2599adboostco,paris,mng,m01FahRain0805,,Facebook
250908VY0GQ5U3,รอดำเนินการ,210995376204958,2025-09-08 08:49:36,,2025-09-08 08:38:36,CORALCOVE thailand office,1231056603,Shopee Mall(Non-CB),27804609105,coralcoveshop หลอดไฟให้ความร้อนสัตว์ หลอดไฟเซลามิค หลอดไฟกกนก ให้ความอบอุ่นสัตว์เลี้ยง เต่า 25w-100w,222971016163,Normal Product,0_337644429447256_1,สัตว์เลี้ยง,อุปกรณ์สำหรับสัตว์เลี้ยง,อื่นๆ,54,2,คอมมิชชั่นจากร้านค้า,,91,,1.75%,1.5925,7.00%,0,1.5925,1.5925,0,1.5925,,0,0.00%,0,100.00%,1.5925,รอดำเนินการ,สถานะของสินค้านี้คือ อยู่ระหว่างดำเนินการ คอมมิชชั่นจะถูกคำนวณเพื่อจ่ายหลังสถานะเป็นสำเร็จแล้วเท่านั้น,คำสั่งซื้อจากร้านค้าต่างกัน,ที่มีอยู่,2599adboostco,paris,mng,m01kaofangMeow0303,,Facebook
250908VY0GQ5U2,รอดำเนินการ,210995376204958,2025-09-08 08:49:36,,2025-09-08 08:38:36,Minishopss,257879543,Preferred(Non-CB),25357973945,กระบะทรายแมว กระบะทราย รุ่นขอบสูง ป้องกันทรายกระเด็นห้องน้ำแมว กระบะทรายแมวขนาดใหญ่พิเศษ แถมฟรีที่ตักทราย,69422127294,Normal Product,,สัตว์เลี้ยง,ห้องน้ำและทราย,ทรายแมวและกระบะทรายแมว,249,1,คอมมิชชั่นจากร้านค้า,,206,,1.75%,3.605,7.00%,0,3.605,3.605,0,3.605,,0,0.00%,0,100.00%,3.605,รอดำเนินการ,สถานะของสินค้านี้คือ อยู่ระหว่างดำเนินการ คอมมิชชั่นจะถูกคำนวณเพื่อจ่ายหลังสถานะเป็นสำเร็จแล้วเท่านั้น,คำสั่งซื้อจากร้านค้าต่างกัน,ที่มีอยู่,2599adboostco,paris,mng,m01kaofangMeow0303,,Facebook
250908VY0GQ5U1,รอดำเนินการ,210995376204958,2025-09-08 08:49:36,,2025-09-08 08:38:36,D Healthy_Shop,48507996,Preferred(Non-CB),4555455664,ยาสีฟัน Amway ยาสีฟันแอมเวย์ Shop ไทย แท้ 100%  200 g รสมิ้น ชาขาว สมุนไพร ขออนุญาติตัดบาร์โค๊ต,71240111485,Normal Product,,กลุ่มผลิตภัณฑ์เพื่อสุขภาพ,ของใช้ส่วนตัว,ผลิตภัณฑ์ดูแลช่องปาก,289,2,คอมมิชชั่นจาก Shopee,,479,,1.50%,7.185,0.00%,0,7.185,7.185,0,7.185,,0,0.00%,0,100.00%,7.185,รอดำเนินการ,สถานะของสินค้านี้คือ อยู่ระหว่างดำเนินการ คอมมิชชั่นจะถูกคำนวณเพื่อจ่ายหลังสถานะเป็นสำเร็จแล้วเท่านั้น,คำสั่งซื้อจากร้านค้าต่างกัน,ที่มีอยู่,2599adboostco,paris,mng,m01kaofangMeow0303,,Facebook
250908VXY21SDF,รอดำเนินการ,210995327270049,2025-09-08 08:48:48,,2025-09-08 07:13:44,EVENPLUS,222711644,C2C(Non-CB),26771364475,ล็อตใหม่ KLEAN MASK 5 สี✨ส่งไว ✅ กันฝุ่น PM2.5 หน้ากากอนามัย ทางการแพทย์ Medical Use แมสหน้าเรียว 3D LONGMED แมส v fit,252309593229,Normal Product,,กลุ่มผลิตภัณฑ์เพื่อสุขภาพ,เครื่องมือและอุปกรณ์ในการดูแลสุขภาพ,ถุงมือและหน้ากากอนามัย,39,1,คอมมิชชั่นจาก Shopee,,39,,1.50%,0.585,0.00%,0,0.585,1.755,0,1.755,,0,0.00%,0,100.00%,1.755,รอดำเนินการ,สถานะของสินค้านี้คือ อยู่ระหว่างดำเนินการ คอมมิชชั่นจะถูกคำนวณเพื่อจ่ายหลังสถานะเป็นสำเร็จแล้วเท่านั้น,คำสั่งซื้อจากร้านค้าต่างกัน,ที่มีอยู่,2599adboostco,paris,mng,m01KFdika0520,,Facebook
250908VXY21SDF,รอดำเนินการ,210995327270049,2025-09-08 08:48:48,,2025-09-08 07:13:44,EVENPLUS,222711644,C2C(Non-CB),26771364475,ล็อตใหม่ KLEAN MASK 5 สี✨ส่งไว ✅ กันฝุ่น PM2.5 หน้ากากอนามัย ทางการแพทย์ Medical Use แมสหน้าเรียว 3D LONGMED แมส v fit,252309593232,Normal Product,,กลุ่มผลิตภัณฑ์เพื่อสุขภาพ,เครื่องมือและอุปกรณ์ในการดูแลสุขภาพ,ถุงมือและหน้ากากอนามัย,39,1,คอมมิชชั่นจาก Shopee,,39,,1.50%,0.585,0.00%,0,0.585,0,0,0,,0,0.00%,0,100.00%,0,รอดำเนินการ,สถานะของสินค้านี้คือ อยู่ระหว่างดำเนินการ คอมมิชชั่นจะถูกคำนวณเพื่อจ่ายหลังสถานะเป็นสำเร็จแล้วเท่านั้น,คำสั่งซื้อจากร้านค้าต่างกัน,ที่มีอยู่,2599adboostco,paris,mng,m01KFdika0520,,Facebook
250908VXY21SDF,รอดำเนินการ,210995327270049,2025-09-08 08:48:48,,2025-09-08 07:13:44,EVENPLUS,222711644,C2C(Non-CB),26771364475,ล็อตใหม่ KLEAN MASK 5 สี✨ส่งไว ✅ กันฝุ่น PM2.5 หน้ากากอนามัย ทางการแพทย์ Medical Use แมสหน้าเรียว 3D LONGMED แมส v fit,252309593233,Normal Product,,กลุ่มผลิตภัณฑ์เพื่อสุขภาพ,เครื่องมือและอุปกรณ์ในการดูแลสุขภาพ,ถุงมือและหน้ากากอนามัย,39,1,คอมมิชชั่นจาก Shopee,,39,,1.50%,0.585,0.00%,0,0.585,0,0,0,,0,0.00%,0,100.00%,0,รอดำเนินการ,สถานะของสินค้านี้คือ อยู่ระหว่างดำเนินการ คอมมิชชั่นจะถูกคำนวณเพื่อจ่ายหลังสถานะเป็นสำเร็จแล้วเท่านั้น,คำสั่งซื้อจากร้านค้าต่างกัน,ที่มีอยู่,2599adboostco,paris,mng,m01KFdika0520,,Facebook
250908VXUN8RSV,รอดำเนินการ,210995213203004,2025-09-08 08:46:53,,2025-09-08 03:32:37,TUFFOO,558341832,Shopee Mall(CB),17429265591,Tuffoo 1 คู่ หลอดไฟ T10 W5W LED 6000K สีขาว เหลือง สําหรับจอดรถยนต์ ตําแหน่งไฟโดม ไฟภายใน ไฟอ่านหนังสือ (DC 12V),124815814519,Normal Product,364236190986377_0_0,รถยนต์ อะไหล่และอุปกรณ์เสริมรถยนต์,ชิ้นส่วนอะไหล่รถยนต์,อุปกรณ์อิเล็กทรอนิกส์,0,1,คอมมิชชั่นจากร้านค้า,,0,,1.75%,0,4.00%,0,0,11.4975,0,11.4975,,0,0.00%,0,100.00%,11.4975,รอดำเนินการ,สถานะของสินค้านี้คือ อยู่ระหว่างดำเนินการ คอมมิชชั่นจะถูกคำนวณเพื่อจ่ายหลังสถานะเป็นสำเร็จแล้วเท่านั้น,คำสั่งซื้อจากร้านค้าต่างกัน,ที่มีอยู่,2599adboostco,paris,mng,m02Rooftop0706,,Facebook
250908VXUN8RSV,รอดำเนินการ,210995213203004,2025-09-08 08:46:53,,2025-09-08 03:32:37,TUFFOO,558341832,Shopee Mall(CB),21589729587,Tuffoo หลอดไฟหน้ารถยนต์ LED 110W 24000LM HB3 9005 HB4 9006 H8 H9 H11 H16(JP) H4 9003 HB2 HIR2 9012 สีขาว 2 ชิ้น,137752822981,Normal Product,364236190986377_0_0,รถยนต์ อะไหล่และอุปกรณ์เสริมรถยนต์,ชิ้นส่วนอะไหล่รถยนต์,อุปกรณ์อิเล็กทรอนิกส์,835,1,คอมมิชชั่นจากร้านค้า,,657,,1.75%,11.4975,4.00%,0,11.4975,0,0,0,,0,0.00%,0,100.00%,0,รอดำเนินการ,สถานะของสินค้านี้คือ อยู่ระหว่างดำเนินการ คอมมิชชั่นจะถูกคำนวณเพื่อจ่ายหลังสถานะเป็นสำเร็จแล้วเท่านั้น,คำสั่งซื้อจากร้านค้าต่างกัน,ที่มีอยู่,2599adboostco,paris,mng,m02Rooftop0706,,Facebook
250908VXU53MFF,รอดำเนินการ,210995196262624,2025-09-08 08:46:36,,2025-09-08 08:23:28,RealWoodPC,162029234,Preferred(Non-CB),13679563123,"ลูกเหม็น ลูกเหม็นไล่หนู ลูกเหม็นไล่แมลงสาบ ลูกเหม็นไล่นกพิราบ ลูกเหม็นไล่แมว ลูกเหม็นดับกลิ่น ATM 50 , 90 , 100 กรัม",134429520869,Normal Product,,เครื่องใช้ในบ้าน,อุปกรณ์ซักรีดและผลิตภัณฑ์ดูแลบ้าน,ผลิตภัณฑ์กำจัดแมลง,23,1,คอมมิชชั่นจากร้านค้า,,23,,1.50%,0.345,15.00%,0,0.345,0.345,0,0.345,,0,0.00%,0,100.00%,0.345,รอดำเนินการ,สถานะของสินค้านี้คือ อยู่ระหว่างดำเนินการ คอมมิชชั่นจะถูกคำนวณเพื่อจ่ายหลังสถานะเป็นสำเร็จแล้วเท่านั้น,คำสั่งซื้อจากร้านค้าต่างกัน,ที่มีอยู่,2599adboostco,paris,mng,m02Rooftop0706,,Facebook
250908VXST4T0U,สำเร็จ,210995151213898,2025-09-08 08:45:51,2025-09-10 11:28:58,2025-09-08 07:15:42,โจวลี่เฟิน,158632435,Preferred(Non-CB),43804513596,（พร้อมส่ง)Vfit 50ชิ้น M/L หน้ากากญี่ปุ่น mask 3Dสีขาว,265384067089,Normal Product,,เครื่องประดับ,เครื่องประดับอื่นๆ,หน้ากาก,100,1,คอมมิชชั่นจากร้านค้า,,90,,1.75%,1.575,10.00%,0,1.575,1.575,0,1.575,,0,0.00%,0,100.00%,1.575,สำเร็จ,,คำสั่งซื้อจากร้านค้าต่างกัน,ที่มีอยู่,2599adboostco,paris,mng,m01KFdika0520,,Facebook
250908VXPVNVE9,รอดำเนินการ,210995053204050,2025-09-08 08:44:13,,2025-09-08 08:12:49,fruitasy18,288974387,C2C(Non-CB),41060446821,(ยกลัง 12 กล่อง) ขนมปัง ปัง ขนมเปี๊ยะ/พาย ยกลัง,179003001554,Normal Product,,อาหารและเครื่องดื่ม,เบเกอรี่,ขนมปัง,590,1,คอมมิชชั่นจาก Shopee,,472,,1.75%,8.26,0.00%,0,8.26,8.26,0,8.26,,0,0.00%,0,100.00%,8.26,รอดำเนินการ,สถานะของสินค้านี้คือ อยู่ระหว่างดำเนินการ คอมมิชชั่นจะถูกคำนวณเพื่อจ่ายหลังสถานะเป็นสำเร็จแล้วเท่านั้น,คำสั่งซื้อจากร้านค้าต่างกัน,ที่มีอยู่,2599adboostco,paris,mng,m01FahRain0805,,Facebook
250908VXPBJMXB,รอดำเนินการ,210995035277353,2025-09-08 08:43:56,,2025-09-08 08:22:48,jiandafeng.th,108402279,Preferred(CB),22448959509,สายนาฬิกาข้อมือซิลิโคน ลายพราง สําหรับ Garmin Instinct 2,166003024733,Normal Product,,นาฬิกา,อุปกรณ์เสริมสำหรับนาฬิกา,สายนาฬิกา,96,1,คอมมิชชั่นจาก Shopee,,96,,1.75%,1.68,0.00%,0,1.68,1.68,0,1.68,,0,0.00%,0,100.00%,1.68,รอดำเนินการ,สถานะของสินค้านี้คือ อยู่ระหว่างดำเนินการ คอมมิชชั่นจะถูกคำนวณเพื่อจ่ายหลังสถานะเป็นสำเร็จแล้วเท่านั้น,คำสั่งซื้อจากร้านค้าต่างกัน,ที่มีอยู่,2599adboostco,paris,mng,m01YPf0821,,Facebook
250908VXNTD48F,รอดำเนินการ,210995017268666,2025-09-08 08:43:37,,2025-09-08 08:36:16,Nasalee.,1220824351,Preferred(CB),25486431428,✨สินค้าพร้อมส่ง✨เสื้อยืดคอกลมลายร่วมกับ NASA ใส่ได้ทั้งชายและหญิง ผลิตจากผ้าคอตตอน 100% เหมาะสำหรับเยาวชน,205418028074,Normal Product,,เสื้อผ้าผู้ชาย,เสื้อ,เสื้อยืด,159,1,ดีลพิเศษเฉพาะคุณ,,128,,1.75%,2.24,25.00%,32,34.24,2.24,32,34.24,,0,0.00%,0,100.00%,34.24,รอดำเนินการ,สถานะของสินค้านี้คือ อยู่ระหว่างดำเนินการ คอมมิชชั่นจะถูกคำนวณเพื่อจ่ายหลังสถานะเป็นสำเร็จแล้วเท่านั้น,สั่งซื้อในร้านค้าเดียวกัน,ที่มีอยู่,2599adboostco,paris,mng,m06Nasa1228,,Facebook
250908VXJS4N40,สำเร็จ,210994915271329,2025-09-08 08:41:56,2025-09-10 13:04:12,2025-09-08 08:37:43,Homehoney,1283757218,Preferred(Non-CB),28861300947,ข้อต่อท่อก๊อกน้ำทองเหลืองหนา แปลงเกลียวละเอียด หัวสวมก๊อกน้ำ หัวต่อแปลงหัวก๊อกน้ำ หัวต่อก๊อกน้ำ ที่ต่อก๊อก ฝักบัว อ่าง,176681422762,Normal Product,,เครื่องใช้ในบ้าน,สวน,ระบบน้ำ,45,1,คอมมิชชั่นจากร้านค้า,,45,,1.50%,0.675,10.00%,0,0.675,0.675,0,0.675,,0,0.00%,0,100.00%,0.675,สำเร็จ,,คำสั่งซื้อจากร้านค้าต่างกัน,ที่มีอยู่,2599adboostco,paris,mng,m01YPf0821,,Facebook
250908VXFJ5CFQ,รอดำเนินการ,210994807297701,2025-09-08 08:40:07,,2025-09-08 08:39:02,Yuedpao - ยืดเปล่า Official Store,240723932,Shopee Mall(Non-CB),41400048187,Yuedpao Sportswear เสื้อออกกำลังกายแขนกุด เสื้อกีฬา เสื้อกล้ามออกกำลังกาย เสื้อสำหรับวิ่ง Ultra Flow Sleeveless,290002806330,Normal Product,,กีฬาและกิจกรรมกลางแจ้ง,เสื้อผ้ากีฬา,เสื้อกีฬา,150,1,คอมมิชชั่นจากร้านค้า,,145,,1.75%,2.5375,10.00%,14.5,17.0375,2.5375,14.5,17.0375,,0,0.00%,0,100.00%,17.0375,รอดำเนินการ,สถานะของสินค้านี้คือ อยู่ระหว่างดำเนินการ คอมมิชชั่นจะถูกคำนวณเพื่อจ่ายหลังสถานะเป็นสำเร็จแล้วเท่านั้น,สั่งซื้อในร้านค้าเดียวกัน,ที่มีอยู่,2599adboostco,paris,mng,m01YPf0821,,Facebook
250908VXE5B11V,สำเร็จ,210994760290856,2025-09-08 08:39:20,2025-09-09 08:44:16,2025-09-08 07:47:21,Yuedpao - ยืดเปล่า Official Store,240723932,Shopee Mall(Non-CB),41400048187,Yuedpao Sportswear เสื้อออกกำลังกายแขนกุด เสื้อกีฬา เสื้อกล้ามออกกำลังกาย เสื้อสำหรับวิ่ง Ultra Flow Sleeveless,290002806342,Normal Product,,กีฬาและกิจกรรมกลางแจ้ง,เสื้อผ้ากีฬา,เสื้อกีฬา,150,1,คอมมิชชั่นจากร้านค้า,,120,,1.75%,2.1,10.00%,12,14.1,4.2,24,28.2,,0,0.00%,0,100.00%,28.2,สำเร็จ,,สั่งซื้อในร้านค้าเดียวกัน,ที่มีอยู่,2599adboostco,paris,mng,m01YPf0821,,Facebook
250908VXE5B11V,สำเร็จ,210994760290856,2025-09-08 08:39:20,2025-09-09 08:44:16,2025-09-08 07:47:21,Yuedpao - ยืดเปล่า Official Store,240723932,Shopee Mall(Non-CB),42900042346,Yuedpao Sportswear เสื้อออกกำลังกายผู้หญิง ครอปแขนกุด Ultra Flow Sleeveless Crop,275002497778,Normal Product,,กีฬาและกิจกรรมกลางแจ้ง,เสื้อผ้ากีฬา,เสื้อกีฬา,149,1,คอมมิชชั่นจากร้านค้า,,120,,1.75%,2.1,10.00%,12,14.1,0,0,0,,0,0.00%,0,100.00%,0,สำเร็จ,,สั่งซื้อในร้านค้าเดียวกัน,ที่มีอยู่,2599adboostco,paris,mng,m01YPf0821,,Facebook
250908VXBM8YK6,สำเร็จ,210994675298363,2025-09-08 08:37:54,2025-09-09 23:49:44,2025-09-08 07:46:04,DKskinshop เครื่องสำอางส่ง,265365913,Preferred(Non-CB),5435153657,บุชชี่ไวท์ บอดี้ ครีม (Bootchywhite Body Cream) 50g.,52137677159,Normal Product,,ผลิตภัณฑ์บำรุงและเสริมความงาม,สบู่อาบน้ำและผลิตภัณฑ์ดูแลผิวกาย,"ผลิตภัณฑ์บำรุงผิวกาย เนื้อครีม, โลชั่น, บัตเตอร์",159,1,คอมมิชชั่นจาก Shopee,,127,,1.75%,2.2225,0.00%,0,2.2225,5.0925,0,5.0925,,0,0.00%,0,100.00%,5.0925,สำเร็จ,,คำสั่งซื้อจากร้านค้าต่างกัน,ที่มีอยู่,2599adboostco,paris,mng,m01BMavk0821,,Facebook
250908VXBM8YK6,สำเร็จ,210994675298363,2025-09-08 08:37:54,2025-09-09 23:49:44,2025-09-08 07:46:04,DKskinshop เครื่องสำอางส่ง,265365913,Preferred(Non-CB),7540697450,สครับมะขาม/ขมิ้น เดอะควีน สครับขัดผิว The Queen TAMARIND Gluta White/Turmeric sod 330g./350g. Scrub,176669646551,Normal Product,,ผลิตภัณฑ์บำรุงและเสริมความงาม,สบู่อาบน้ำและผลิตภัณฑ์ดูแลผิวกาย,ผลิตภัณฑ์ขัดและลอกผิว,120,1,คอมมิชชั่นจาก Shopee,,95,,1.75%,1.6625,0.00%,0,1.6625,0,0,0,,0,0.00%,0,100.00%,0,สำเร็จ,,คำสั่งซื้อจากร้านค้าต่างกัน,ที่มีอยู่,2599adboostco,paris,mng,m01BMavk0821,,Facebook
250908VXBM8YK6,สำเร็จ,210994675298363,2025-09-08 08:37:54,2025-09-09 23:49:44,2025-09-08 07:46:04,DKskinshop เครื่องสำอางส่ง,265365913,Preferred(Non-CB),22968492616,คาริสต้าแฮร์เซรั่ม CARISTA HAIR SERUM PROTEIN VITAMIN ขนาด 30 ml.,79309573525,Normal Product,,ผลิตภัณฑ์บำรุงและเสริมความงาม,ผลิตภัณฑ์ดูแลผม,ทรีทเม้นท์บำรุงเส้นผม,85,1,คอมมิชชั่นจาก Shopee,,69,,1.75%,1.2075,0.00%,0,1.2075,0,0,0,,0,0.00%,0,100.00%,0,สำเร็จ,,คำสั่งซื้อจากร้านค้าต่างกัน,ที่มีอยู่,2599adboostco,paris,mng,m01BMavk0821,,Facebook
250908VXB14E17,สำเร็จ,210994655228023,2025-09-08 08:37:36,2025-09-10 23:32:26,2025-09-08 08:20:13,BOZHI shop,27908514,Preferred(Non-CB),22664204704,ขาตั้งไมโครโฟนสามขาแบบพับได้ MIC แท่นวางบนโต๊ะไมโครโฟนแบบหนีบ,253163858781,Normal Product,,เครื่องเสียง,ไมโครโฟน,,35,1,คอมมิชชั่นจากร้านค้า,,35,,1.50%,0.525,7.00%,0,0.525,0.975,0,0.975,,0,0.00%,0,100.00%,0.975,สำเร็จ,,คำสั่งซื้อจากร้านค้าต่างกัน,ที่มีอยู่,2599adboostco,paris,mng,m01jjshop0803,,Facebook
250908VXB14E17,สำเร็จ,210994655228023,2025-09-08 08:37:36,2025-09-10 23:32:26,2025-09-08 08:20:13,BOZHI shop,27908514,Preferred(Non-CB),41715473751,คอสวมไมค์ยาง คอจับไมค์ปรับองศาไมค์ หัวหนีบไมค์ หัวสวมไมค์ คอจับไมค์ หัวจับไมค์ มี4แบบให้เลือก ราคาสินค้าต่อ1อัน,281275708694,Normal Product,,เครื่องเสียง,ไมโครโฟน,,30,1,คอมมิชชั่นจากร้านค้า,,30,,1.50%,0.45,7.00%,0,0.45,0,0,0,,0,0.00%,0,100.00%,0,สำเร็จ,,คำสั่งซื้อจากร้านค้าต่างกัน,ที่มีอยู่,2599adboostco,paris,mng,m01jjshop0803,,Facebook
250908VX8SKDAS,รอดำเนินการ,210994580214596,2025-09-08 08:36:20,,2025-09-08 08:34:05,Nasalee.,1220824351,Preferred(CB),24285679946,เสื้อยืดแขนสั้นผ้าฝ้ายคอตตอนลาย NASA รุ่นใหม่สำหรับฤดูร้อน 2024 แบบหลวมและระบายอากาศได้ดี,168401021167,Normal Product,,เสื้อผ้าผู้ชาย,เสื้อ,เสื้อยืด,165,1,ดีลพิเศษเฉพาะคุณ,,133,,1.75%,2.3275,25.00%,33.25,35.5775,2.3275,33.25,35.5775,,0,0.00%,0,100.00%,35.5775,รอดำเนินการ,สถานะของสินค้านี้คือ อยู่ระหว่างดำเนินการ คอมมิชชั่นจะถูกคำนวณเพื่อจ่ายหลังสถานะเป็นสำเร็จแล้วเท่านั้น,สั่งซื้อในร้านค้าเดียวกัน,ที่มีอยู่,2599adboostco,paris,mng,m06Nasa1228,,Facebook
250908VX7658V6,รอดำเนินการ,210994526272215,2025-09-08 08:35:27,,2025-09-08 08:07:44,KATHY แป้งทิ้น กระแตอาร์สยาม,553481704,C2C(Non-CB),28690913033,บลัชทองคำกระแต KATHY AMREZ GOLDEN HYA TINTED BLUSH หน้าฉ่ำโกลว์ สีสวยติดทน บำรุง HYA ตลับเดียวจบ แก้ม ตา ปาก✨บลัชกระแต,281379168017,Normal Product,,ผลิตภัณฑ์บำรุงและเสริมความงาม,เครื่องสําอาง,เครื่องสําอางสำหรับผิวหน้า,198,1,คอมมิชชั่นจาก Shopee,,168,,1.75%,2.94,0.00%,0,2.94,2.94,0,2.94,,0,0.00%,0,100.00%,2.94,รอดำเนินการ,สถานะของสินค้านี้คือ อยู่ระหว่างดำเนินการ คอมมิชชั่นจะถูกคำนวณเพื่อจ่ายหลังสถานะเป็นสำเร็จแล้วเท่านั้น,คำสั่งซื้อจากร้านค้าต่างกัน,ที่มีอยู่,2599adboostco,paris,mng,m02Rooftop0623,,Facebook
250908VWXS54TR,ยกเลิก,210994244200944,2025-09-08 08:30:44,--,2025-09-08 08:24:49,Yuedpao - ยืดเปล่า Official Store,240723932,Shopee Mall(Non-CB),41400048187,Yuedpao Sportswear เสื้อออกกำลังกายแขนกุด เสื้อกีฬา เสื้อกล้ามออกกำลังกาย เสื้อสำหรับวิ่ง Ultra Flow Sleeveless,290002806331,Normal Product,,กีฬาและกิจกรรมกลางแจ้ง,เสื้อผ้ากีฬา,เสื้อกีฬา,150,0,คอมมิชชั่นจากร้านค้า,,0,135,1.75%,0,10.00%,0,0,0,0,0,,0,0.00%,0,100.00%,0,ยกเลิก,ผู้ซื้อยกเลิกคำสั่งซื้อ.,สั่งซื้อในร้านค้าเดียวกัน,ที่มีอยู่,2599adboostco,paris,mng,m01YPf0821,,Facebook
250908VWXS54TR,ยกเลิก,210994244200944,2025-09-08 08:30:44,--,2025-09-08 08:24:49,Yuedpao - ยืดเปล่า Official Store,240723932,Shopee Mall(Non-CB),41400048187,Yuedpao Sportswear เสื้อออกกำลังกายแขนกุด เสื้อกีฬา เสื้อกล้ามออกกำลังกาย เสื้อสำหรับวิ่ง Ultra Flow Sleeveless,290002806343,Normal Product,,กีฬาและกิจกรรมกลางแจ้ง,เสื้อผ้ากีฬา,เสื้อกีฬา,150,0,คอมมิชชั่นจากร้านค้า,,0,135,1.75%,0,10.00%,0,0,0,0,0,,0,0.00%,0,100.00%,0,ยกเลิก,ผู้ซื้อยกเลิกคำสั่งซื้อ.,สั่งซื้อในร้านค้าเดียวกัน,ที่มีอยู่,2599adboostco,paris,mng,m01YPf0821,,Facebook
250908VWTRDDRP,รอดำเนินการ,210994109209336,2025-09-08 08:28:29,,2025-09-08 08:15:13,Name Led,78046547,C2C(Non-CB),9158331290,ตุ๊กตามิชลินจิ๋ว5” ท่านั่งราคาถูก💥งานหนาสีสวย✔️มีขาจับแถมฟรี,110327614603,Normal Product,,รถยนต์ อะไหล่และอุปกรณ์เสริมรถยนต์,อุปกรณ์เสริมภายนอกรถยนต์,อุปกรณ์ภายนอกรถยนต์อื่นๆ,60,2,คอมมิชชั่นจาก Shopee,,108,,1.75%,1.89,0.00%,0,1.89,4.05,0,4.05,,0,0.00%,0,100.00%,4.05,รอดำเนินการ,สถานะของสินค้านี้คือ อยู่ระหว่างดำเนินการ คอมมิชชั่นจะถูกคำนวณเพื่อจ่ายหลังสถานะเป็นสำเร็จแล้วเท่านั้น,คำสั่งซื้อจากร้านค้าต่างกัน,ที่มีอยู่,2599adboostco,paris,mng,m01KFdika0520,,Facebook
250908VWTRDDRP,รอดำเนินการ,210994109209336,2025-09-08 08:28:29,,2025-09-08 08:15:13,Name Led,78046547,C2C(Non-CB),19961451219,พวงกุญแจจิ๋วมิลิน4”สีขาว,193141422474,Normal Product,,งานอดิเรกและของสะสม,ของที่ระลึก,พวงกุญแจ,80,2,คอมมิชชั่นจาก Shopee,,144,,1.50%,2.16,0.00%,0,2.16,0,0,0,,0,0.00%,0,100.00%,0,รอดำเนินการ,สถานะของสินค้านี้คือ อยู่ระหว่างดำเนินการ คอมมิชชั่นจะถูกคำนวณเพื่อจ่ายหลังสถานะเป็นสำเร็จแล้วเท่านั้น,คำสั่งซื้อจากร้านค้าต่างกัน,ที่มีอยู่,2599adboostco,paris,mng,m01KFdika0520,,Facebook
250908VWTB3HV5,รอดำเนินการ,210994132254497,2025-09-08 08:28:15,,2025-09-08 08:24:49,TH -Shop,718606161,Preferred(Non-CB),21162788771,ชุดอุปกรณ์ตัดขนสุนัข ปัตตาเลี่ยนตัดขนสัตว์เลี้ยง ที่ตัดขนแมว ที่ตัดขนหมา 4in1 pet trimmer hairclipper พร้อมหัวที่่กรอเล็,221284404367,Normal Product,,สัตว์เลี้ยง,อุปกรณ์ทำความสะอาดและตกแต่งขน,อุปกรณ์ดูแลขนสัตว์เลี้ยง,270,1,คอมมิชชั่นจากร้านค้า,,241,,22.00%,53.02,4.00%,9.64,62.66,53.02,9.64,62.66,,0,0.00%,0,100.00%,62.66,รอดำเนินการ,สถานะของสินค้านี้คือ อยู่ระหว่างดำเนินการ คอมมิชชั่นจะถูกคำนวณเพื่อจ่ายหลังสถานะเป็นสำเร็จแล้วเท่านั้น,สั่งซื้อในร้านค้าเดียวกัน,ใหม่,2599adboostco,paris,mng,m01PetKit0520,,Facebook
250908VWK1FKFK,สำเร็จ,210993850288199,2025-09-08 08:24:11,2025-09-09 18:48:02,2025-09-08 07:25:04,9STORE BY CATZA MEOW Official,289705092,C2C(Non-CB),14283000817,MEOW ทรายแมวเต้าหู้ 10 ลิตร / ทรายแมวมันเต้า MEOW ออแกนิก 100% ทิ้งชักโครกได้,240008957291,Normal Product,,สัตว์เลี้ยง,ห้องน้ำและทราย,ทรายแมวและกระบะทรายแมว,165,1,คอมมิชชั่นจากร้านค้า,,148,,1.75%,2.59,8.00%,11.84,14.43,2.59,11.84,14.43,,0,0.00%,0,100.00%,14.43,สำเร็จ,,สั่งซื้อในร้านค้าเดียวกัน,ที่มีอยู่,2599adboostco,paris,mng,m01kaofangMeow0303,,Facebook
250908VWHHR48D,รอดำเนินการ,210993800221237,2025-09-08 08:23:20,,2025-09-08 08:19:57,BaanLife,1550684223,C2C(Non-CB),25695753476,น้ำยาเคลือบแก้ว น้ำยาเคลือบรถ น้ํายาเคลือบสีกันน้ำ รถ สเปรย์เคลือบเงารถ เคลือบเงารถ 500ml น้ำยาเคลือบแก้ว นาโนเหลว,270546253095,Normal Product,,รถยนต์ อะไหล่และอุปกรณ์เสริมรถยนต์,ผลิตภัณฑ์ดูแลรถยนต์,ผลิตภัณฑ์ขัดและซ่อมสีรถยนต์,69,1,คอมมิชชั่นจากร้านค้า,,69,,1.75%,1.2075,8.00%,0,1.2075,1.2075,0,1.2075,,0,0.00%,0,100.00%,1.2075,รอดำเนินการ,สถานะของสินค้านี้คือ อยู่ระหว่างดำเนินการ คอมมิชชั่นจะถูกคำนวณเพื่อจ่ายหลังสถานะเป็นสำเร็จแล้วเท่านั้น,คำสั่งซื้อจากร้านค้าต่างกัน,ที่มีอยู่,2599adboostco,paris,mng,m56ProwaVDO0905,,Facebook
250908VWG15J4P,รอดำเนินการ,210993749282716,2025-09-08 08:22:30,,2025-09-08 08:21:49,JJshop 888,347700833,Preferred(Non-CB),20273829574,"JJ shop 💜พร้อมส่ง ชุดบอดี้สูทลายลูกไม้เก๋ๆแต่งสายไขว้ข้างแอบเซ็กซี่ ""SS-5"" -H",137411523386,Normal Product,,เสื้อผ้าผู้หญิง,เสื้อ,บอดี้สูท,115,1,คอมมิชชั่นจากร้านค้า,,103,,1.50%,1.545,4.00%,4.12,5.665,1.545,4.12,5.665,,0,0.00%,0,100.00%,5.665,รอดำเนินการ,สถานะของสินค้านี้คือ อยู่ระหว่างดำเนินการ คอมมิชชั่นจะถูกคำนวณเพื่อจ่ายหลังสถานะเป็นสำเร็จแล้วเท่านั้น,สั่งซื้อในร้านค้าเดียวกัน,ที่มีอยู่,2599adboostco,paris,mng,m01jjshop0803,,Facebook
250908VWC54J5H,สำเร็จ,210993619230886,2025-09-08 08:20:19,2025-09-11 07:17:50,2025-09-08 08:08:20,Dika Mall,612712702,Preferred(Non-CB),28682564163,Dika 2 ชิ้นของเครื่องประดับตกแต่งหมีสำหรับหมวกกันน็อคมอเตอร์ไซค์สี เหมาะสำหรับมอเตอร์ไซค์และจักรยาน,167096436404,Normal Product,368347514875922_0_0,รถมอเตอร์ไซค์ อะไหล่และอุปกรณ์เสริมมอเตอร์ไซค์,หมวกกันน็อคและอุปกรณ์สวมใส่สำหรับขับขี่,,0,1,คอมมิชชั่นจากร้านค้า,,0,,1.75%,0,8.00%,0,0,18.8125,86,104.8125,,0,0.00%,0,100.00%,104.8125,สำเร็จ,,สั่งซื้อในร้านค้าเดียวกัน,ที่มีอยู่,2599adboostco,paris,mng,m01KFdika0520,,Facebook
250908VWC54J5H,สำเร็จ,210993619230886,2025-09-08 08:20:19,2025-09-11 07:17:50,2025-09-08 08:08:20,Dika Mall,612712702,Preferred(Non-CB),21491624016,DIKA หมวกกันน็อค แว่น2ชั้น หมวกกันน็อคเต็มใบ สามารถเปิดคางได้ Motorcycle Helmet  ปลอดภัย กันน้ำ,285790760799,Normal Product,368347514875922_0_0,รถมอเตอร์ไซค์ อะไหล่และอุปกรณ์เสริมมอเตอร์ไซค์,หมวกกันน็อคและอุปกรณ์สวมใส่สำหรับขับขี่,,1198,1,คอมมิชชั่นจากร้านค้า,,1075,,1.75%,18.8125,8.00%,86,104.8125,0,0,0,,0,0.00%,0,100.00%,0,สำเร็จ,,สั่งซื้อในร้านค้าเดียวกัน,ที่มีอยู่,2599adboostco,paris,mng,m01KFdika0520,,Facebook
250908VWBG5GK0,รอดำเนินการ,210993597246146,2025-09-08 08:19:58,,2025-09-08 08:18:26,Yuedpao - ยืดเปล่า Official Store,240723932,Shopee Mall(Non-CB),41400048187,Yuedpao Sportswear เสื้อออกกำลังกายแขนกุด เสื้อกีฬา เสื้อกล้ามออกกำลังกาย เสื้อสำหรับวิ่ง Ultra Flow Sleeveless,290002806346,Normal Product,,กีฬาและกิจกรรมกลางแจ้ง,เสื้อผ้ากีฬา,เสื้อกีฬา,150,2,คอมมิชชั่นจากร้านค้า,,240,,1.75%,4.2,10.00%,24,28.2,4.2,24,28.2,,0,0.00%,0,100.00%,28.2,รอดำเนินการ,สถานะของสินค้านี้คือ อยู่ระหว่างดำเนินการ คอมมิชชั่นจะถูกคำนวณเพื่อจ่ายหลังสถานะเป็นสำเร็จแล้วเท่านั้น,สั่งซื้อในร้านค้าเดียวกัน,ที่มีอยู่,2599adboostco,paris,mng,m01YPf0821,,Facebook
250908VW9TS866,รอดำเนินการ,210993541262401,2025-09-08 08:19:02,,2025-09-08 08:07:10,9STORE BY CATZA MEOW Official,289705092,C2C(Non-CB),14283000817,MEOW ทรายแมวเต้าหู้ 10 ลิตร / ทรายแมวมันเต้า MEOW ออแกนิก 100% ทิ้งชักโครกได้,204785293464,Normal Product,,สัตว์เลี้ยง,ห้องน้ำและทราย,ทรายแมวและกระบะทรายแมว,169,1,คอมมิชชั่นจากร้านค้า,,143,,1.75%,2.5025,8.00%,11.44,13.9425,2.5025,11.44,13.9425,,0,0.00%,0,100.00%,13.9425,รอดำเนินการ,สถานะของสินค้านี้คือ อยู่ระหว่างดำเนินการ คอมมิชชั่นจะถูกคำนวณเพื่อจ่ายหลังสถานะเป็นสำเร็จแล้วเท่านั้น,สั่งซื้อในร้านค้าเดียวกัน,ที่มีอยู่,2599adboostco,paris,mng,m01kaofangMeow0303,,Facebook
250908VW689YEV,รอดำเนินการ,210993421224356,2025-09-08 08:17:02,,2025-09-08 08:09:39,Perfume shop.,250308703,C2C(Non-CB),29807960396,พร้อมส่ง น้ำหอม ขนาดพกพา 2ML,205311547428,Normal Product,,ผลิตภัณฑ์บำรุงและเสริมความงาม,น้ำหอม,,9,10,คอมมิชชั่นจากร้านค้า,,90,,1.75%,1.575,13.00%,0,1.575,1.575,0,1.575,,0,0.00%,0,100.00%,1.575,รอดำเนินการ,สถานะของสินค้านี้คือ อยู่ระหว่างดำเนินการ คอมมิชชั่นจะถูกคำนวณเพื่อจ่ายหลังสถานะเป็นสำเร็จแล้วเท่านั้น,คำสั่งซื้อจากร้านค้าต่างกัน,ที่มีอยู่,2599adboostco,paris,mng,m01jjshop0803,,Facebook
250908VW47E2PY,รอดำเนินการ,210993353200424,2025-09-08 08:15:53,,2025-09-08 08:14:54,Super cool_shop,1144590236,C2C(Non-CB),28120127948,หมวกกันน็อค หมวกกันน๊อก รถจักรยานยนต์ กันลม กันน้ำ แข็งแรงใส่สบายหมวกกันน็อคเต็ม ทนต่อการใช้งาน หมวกกันน็อคเต็มใบ,208047752859,Normal Product,,รถมอเตอร์ไซค์ อะไหล่และอุปกรณ์เสริมมอเตอร์ไซค์,หมวกกันน็อคและอุปกรณ์สวมใส่สำหรับขับขี่,,179,1,คอมมิชชั่นจากร้านค้า,,171,,1.75%,2.9925,13.00%,22.23,25.2225,2.9925,22.23,25.2225,,0,0.00%,0,100.00%,25.2225,รอดำเนินการ,สถานะของสินค้านี้คือ อยู่ระหว่างดำเนินการ คอมมิชชั่นจะถูกคำนวณเพื่อจ่ายหลังสถานะเป็นสำเร็จแล้วเท่านั้น,สั่งซื้อในร้านค้าเดียวกัน,ที่มีอยู่,2599adboostco,paris,mng,m01BMavk0821,,Facebook
250908VVYHRNHP,สำเร็จ,210993196269571,2025-09-08 08:13:16,2025-09-11 20:07:31,2025-09-08 08:11:38,PROFILM,237954961,Preferred(Non-CB),20478849540,สเปรย์เคลือบเงา พรีเมี่ยม เคลือบพลาสติก เคลือบสีรถ เคลือบยางดำ เคลือบเบาะคอนโซล PROWAX PREMIUMWAX,127554691922,Normal Product,,รถยนต์ อะไหล่และอุปกรณ์เสริมรถยนต์,ผลิตภัณฑ์ดูแลรถยนต์,ผลิตภัณฑ์ล้างและเคลือบเงารถยนต์,219,1,คอมมิชชั่นจากร้านค้า,,197,,1.75%,3.4475,20.00%,39.4,42.8475,3.4475,39.4,42.8475,,0,0.00%,0,100.00%,42.8475,สำเร็จ,,สั่งซื้อในร้านค้าเดียวกัน,ที่มีอยู่,2599adboostco,paris,mng,m56ProwaVDO0905,,Facebook
250908VVSWEYT7,สำเร็จ,210993007206662,2025-09-08 08:10:06,2025-09-09 18:35:03,2025-09-08 07:56:01,car_auto,258466836,Preferred(Non-CB),25535709957,สว่างกว่าขี้ผึ้ง!! น้ำยาเคลือบแก้ว น้ำยาเคลือบเงา เคลือบสีรถยนต์ กันน้ำ กันคราบ ป้องกันรอยขีดข่วน น้ำยาขัดเง เคลื,166666576328,Normal Product,,รถยนต์ อะไหล่และอุปกรณ์เสริมรถยนต์,ผลิตภัณฑ์ดูแลรถยนต์,ผลิตภัณฑ์ขัดและซ่อมสีรถยนต์,35,1,คอมมิชชั่นจากร้านค้า,,33,,1.75%,0.5775,8.00%,0,0.5775,0.5775,0,0.5775,,0,0.00%,0,100.00%,0.5775,สำเร็จ,,คำสั่งซื้อจากร้านค้าต่างกัน,ที่มีอยู่,2599adboostco,paris,mng,m56ProwaVDO0905,,Facebook
250908VVSWEYT6,สำเร็จ,210993007206662,2025-09-08 08:10:06,2025-09-11 04:27:31,2025-09-08 07:56:01,zhuoman store,432349113,Preferred(Non-CB),25287150846,หัวต่อก๊อกน้ำ ก๊อกน้ำหมุนได้ 1080องศา อะแดปเตอร์ก๊อกน้ํา หัวต่อกันน้ำกระเด็น ติดตั้งและใช้งานได้ง่าย ปรับน้ำได้ 2แบบ,223329921310,Normal Product,,เครื่องใช้ในบ้าน,ห้องน้ำ,ฝักบัว ก็อกน้ำ,18,1,คอมมิชชั่นจากร้านค้า,,18,,1.50%,0.27,7.00%,0,0.27,0.27,0,0.27,,0,0.00%,0,100.00%,0.27,สำเร็จ,,คำสั่งซื้อจากร้านค้าต่างกัน,ที่มีอยู่,2599adboostco,paris,mng,m56ProwaVDO0905,,Facebook
250908VVR1E1MD,สำเร็จ,210992944269585,2025-09-08 08:09:04,2025-09-10 00:08:10,2025-09-08 07:46:16,Super cool_shop,1144590236,C2C(Non-CB),26170314355,หมวกกันน็อก หมวกกันน็อคครึ่งใบ หมวกกันน็อค รถจักรยานยนต์ กันลม กันน้ำ ทนต่อการใช้งาน,242226489709,Normal Product,,รถมอเตอร์ไซค์ อะไหล่และอุปกรณ์เสริมมอเตอร์ไซค์,หมวกกันน็อคและอุปกรณ์สวมใส่สำหรับขับขี่,,15,1,คอมมิชชั่นจากร้านค้า,,15,,1.75%,0.2625,13.00%,1.95,2.2125,0.2625,1.95,2.2125,,0,0.00%,0,100.00%,2.2125,สำเร็จ,,สั่งซื้อในร้านค้าเดียวกัน,ที่มีอยู่,2599adboostco,paris,mng,m01BMavk0821,,Facebook
250908VVQBH3MU,สำเร็จ,210992921292805,2025-09-08 08:08:41,2025-09-09 12:11:53,2025-09-08 08:05:20,Super cool_shop,1144590236,C2C(Non-CB),28120127948,หมวกกันน็อค หมวกกันน๊อก รถจักรยานยนต์ กันลม กันน้ำ แข็งแรงใส่สบายหมวกกันน็อคเต็ม ทนต่อการใช้งาน หมวกกันน็อคเต็มใบ,208047752859,Normal Product,,รถมอเตอร์ไซค์ อะไหล่และอุปกรณ์เสริมมอเตอร์ไซค์,หมวกกันน็อคและอุปกรณ์สวมใส่สำหรับขับขี่,,179,1,คอมมิชชั่นจากร้านค้า,,163,,1.75%,2.8525,13.00%,21.19,24.0425,2.8525,21.19,24.0425,,0,0.00%,0,100.00%,24.0425,สำเร็จ,,สั่งซื้อในร้านค้าเดียวกัน,ที่มีอยู่,2599adboostco,paris,mng,m01BMavk0821,,Facebook
250908VVKVUU2A,รอดำเนินการ,210992805251443,2025-09-08 08:06:45,,2025-09-08 07:55:28,Caracare2025,1496271346,C2C(Non-CB),28585039298,ใบปัดน้ำฝน BYD ATTO 3 DOLPHIN SEAL ที่ปัดน้ำฝน บีวายดี ออโต้3 ดอลฟิน ซีล ที่ปัดน้ำฝน กระจก ด้านหน้า รถยนต์ ชิ้น พร้อมส่ง,216039278333,Normal Product,,รถยนต์ อะไหล่และอุปกรณ์เสริมรถยนต์,ชิ้นส่วนอะไหล่รถยนต์,ที่ปัดน้ำฝน และตัวชะล้าง,88,1,คอมมิชชั่นจากร้านค้า,,83,,1.75%,1.4525,10.00%,0,1.4525,1.4525,0,1.4525,,0,0.00%,0,100.00%,1.4525,รอดำเนินการ,สถานะของสินค้านี้คือ อยู่ระหว่างดำเนินการ คอมมิชชั่นจะถูกคำนวณเพื่อจ่ายหลังสถานะเป็นสำเร็จแล้วเท่านั้น,คำสั่งซื้อจากร้านค้าต่างกัน,ที่มีอยู่,2599adboostco,paris,mng,m01FahRain0805,,Facebook
250908VVKP4UXF,รอดำเนินการ,210992798201697,2025-09-08 08:06:38,,2025-09-08 07:38:29,All-round car helper,1020340736,C2C(Non-CB),25236646186,น้ํายาเช็ดกระจกรถยนต์ แปรงทําความสะอาดกระจกยานยนต์กระจกฟิล์มน้ํามันทําความสะอาดแว่นตาตัวแทนขัดการบํารุงรักษารถยนต์ ารถปร,223280019094,Normal Product,,รถยนต์ อะไหล่และอุปกรณ์เสริมรถยนต์,ผลิตภัณฑ์ดูแลรถยนต์,ผลิตภัณฑ์ดูแลรักษากระจก,29,1,คอมมิชชั่นจากร้านค้า,,29,,1.75%,0.5075,10.00%,0,0.5075,0.5075,0,0.5075,,0,0.00%,0,100.00%,0.5075,รอดำเนินการ,สถานะของสินค้านี้คือ อยู่ระหว่างดำเนินการ คอมมิชชั่นจะถูกคำนวณเพื่อจ่ายหลังสถานะเป็นสำเร็จแล้วเท่านั้น,คำสั่งซื้อจากร้านค้าต่างกัน,ที่มีอยู่,2599adboostco,paris,mng,m01PetKit0520,,Facebook
250908VVJ8C3HP,รอดำเนินการ,210992750219469,2025-09-08 08:05:50,,2025-09-08 07:23:50,TCN LIKE SHOP 9392,115919458,C2C(Non-CB),23713263197,น้ำยากำจัดตะไคร่ และ เชื้อรา บนพื้นปูน คุณสมบัติ ช่วยกำจัดตะไคร่น้ำ และเชื้อราที่เกาะอยู่บนพื้นปูนทำให้พื้นปูนสกปรก,59226355763,Normal Product,,เครื่องใช้ในบ้าน,อุปกรณ์ซักรีดและผลิตภัณฑ์ดูแลบ้าน,ผลิตภัณฑ์ทำความสะอาด,118,1,คอมมิชชั่นจากร้านค้า,,106,,1.50%,1.59,10.00%,0,1.59,1.59,0,1.59,,0,0.00%,0,100.00%,1.59,รอดำเนินการ,สถานะของสินค้านี้คือ อยู่ระหว่างดำเนินการ คอมมิชชั่นจะถูกคำนวณเพื่อจ่ายหลังสถานะเป็นสำเร็จแล้วเท่านั้น,คำสั่งซื้อจากร้านค้าต่างกัน,ที่มีอยู่,2599adboostco,paris,mng,m01FahRain0805,,Facebook
250908VVGXG1QG,รอดำเนินการ,210992706294754,2025-09-08 08:05:06,,2025-09-08 08:03:16,TUWOSHOPE,919008636,Shopee Mall(Non-CB),26017171611,TUWO 2025รุ่นใหม่ล่าสุด 66Wแบตสำรอง เพาเวอร์แบงค์ Powerbank 20000mAh ชาร์จเร็ว  เบาและเร็ว ของใช้ในการเดินทาง,217959372442,Normal Product,,มือถือและอุปกรณ์เสริม,อุปกรณ์เสริม,แบตเตอรี่และแบตสำรอง,253,1,คอมมิชชั่นจากร้านค้า,,187,,1.00%,1.87,9.00%,16.83,18.7,1.87,16.83,18.7,,0,0.00%,0,100.00%,18.7,รอดำเนินการ,สถานะของสินค้านี้คือ อยู่ระหว่างดำเนินการ คอมมิชชั่นจะถูกคำนวณเพื่อจ่ายหลังสถานะเป็นสำเร็จแล้วเท่านั้น,สั่งซื้อในร้านค้าเดียวกัน,ที่มีอยู่,,,,,,Shopeevideo-Shopee
250908VVA9QMXE,ยกเลิก,210992483209516,2025-09-08 08:01:23,--,2025-09-08 07:57:41,Cleanworld,92714658,Preferred(Non-CB),22151070496,(1ซอง) ผงซักฟอก 3M ฉลากเขียว ซองละ1กิโล พร้อมส่ง,231904563021,Normal Product,,เครื่องใช้ในบ้าน,อุปกรณ์ซักรีดและผลิตภัณฑ์ดูแลบ้าน,ผลิตภัณฑ์ซักรีด,57,0,คอมมิชชั่นจาก Shopee,,0,102,1.50%,0,0.00%,0,0,0,0,0,,0,0.00%,0,100.00%,0,ยกเลิก,ผู้ซื้อยกเลิกคำสั่งซื้อ.,คำสั่งซื้อจากร้านค้าต่างกัน,ที่มีอยู่,2599adboostco,paris,mng,m56Fazzi0830,,Facebook
250908VV76KRA7,สำเร็จ,210992379269943,2025-09-08 07:59:40,2025-09-09 08:44:16,2025-09-08 07:57:54,sisbobeauty,124538638,Preferred(Non-CB),1955391441,ยางนอก IRC Maxing ขอบ17 NR58,3386697552,Normal Product,,รถมอเตอร์ไซค์ อะไหล่และอุปกรณ์เสริมมอเตอร์ไซค์,ชิ้นส่วนอะไหล่มอเตอร์ไซค์,ยางมอเตอร์ไซค์และอุปกรณ์เสริม,393,1,คอมมิชชั่นจาก Shopee,,353,,1.75%,6.1775,0.00%,0,6.1775,15.33,0,15.33,,0,0.00%,0,100.00%,15.33,สำเร็จ,,คำสั่งซื้อจากร้านค้าต่างกัน,ที่มีอยู่,2599adboostco,paris,mng,m01KFdika0520,,Facebook
250908VV76KRA7,สำเร็จ,210992379269943,2025-09-08 07:59:40,2025-09-09 08:44:16,2025-09-08 07:57:54,sisbobeauty,124538638,Preferred(Non-CB),1955391441,ยางนอก IRC Maxing ขอบ17 NR58,3386697553,Normal Product,,รถมอเตอร์ไซค์ อะไหล่และอุปกรณ์เสริมมอเตอร์ไซค์,ชิ้นส่วนอะไหล่มอเตอร์ไซค์,ยางมอเตอร์ไซค์และอุปกรณ์เสริม,456,1,คอมมิชชั่นจาก Shopee,,410,,1.75%,7.175,0.00%,0,7.175,0,0,0,,0,0.00%,0,100.00%,0,สำเร็จ,,คำสั่งซื้อจากร้านค้าต่างกัน,ที่มีอยู่,2599adboostco,paris,mng,m01KFdika0520,,Facebook
250908VV76KRA7,สำเร็จ,210992379269943,2025-09-08 07:59:40,2025-09-09 08:44:16,2025-09-08 07:57:54,sisbobeauty,124538638,Preferred(Non-CB),5516446312,ยางใน IRC ขอบ17 มีหลายเบอร์ irc มอเตอร์ไซค์,13421525104,Normal Product,,รถมอเตอร์ไซค์ อะไหล่และอุปกรณ์เสริมมอเตอร์ไซค์,ชิ้นส่วนอะไหล่มอเตอร์ไซค์,ยางมอเตอร์ไซค์และอุปกรณ์เสริม,61,1,คอมมิชชั่นจาก Shopee,,56,,1.75%,0.98,0.00%,0,0.98,0,0,0,,0,0.00%,0,100.00%,0,สำเร็จ,,คำสั่งซื้อจากร้านค้าต่างกัน,ที่มีอยู่,2599adboostco,paris,mng,m01KFdika0520,,Facebook
250908VV76KRA7,สำเร็จ,210992379269943,2025-09-08 07:59:40,2025-09-09 08:44:16,2025-09-08 07:57:54,sisbobeauty,124538638,Preferred(Non-CB),5516446312,ยางใน IRC ขอบ17 มีหลายเบอร์ irc มอเตอร์ไซค์,13421525105,Normal Product,,รถมอเตอร์ไซค์ อะไหล่และอุปกรณ์เสริมมอเตอร์ไซค์,ชิ้นส่วนอะไหล่มอเตอร์ไซค์,ยางมอเตอร์ไซค์และอุปกรณ์เสริม,64,1,คอมมิชชั่นจาก Shopee,,57,,1.75%,0.9975,0.00%,0,0.9975,0,0,0,,0,0.00%,0,100.00%,0,สำเร็จ,,คำสั่งซื้อจากร้านค้าต่างกัน,ที่มีอยู่,2599adboostco,paris,mng,m01KFdika0520,,Facebook
250908VV3J96TW,สำเร็จ,210992257280325,2025-09-08 07:57:37,2025-09-10 05:20:39,2025-09-08 07:24:54,LR Store168,62885506,Preferred(Non-CB),18027564573,รองเท้าแบบสวมหัวโตผู้ชาย Crocs Lite Ride Clog รองเท้าแตะ รองเท้าลำลอง,163822682255,Normal Product,,รองเท้าผู้ชาย,รองเท้าแตะ,รองเท้าแตะแบบสวม,279,1,คอมมิชชั่นจากร้านค้า,,251,,1.75%,4.3925,6.00%,0,4.3925,4.3925,0,4.3925,,0,0.00%,0,100.00%,4.3925,สำเร็จ,,คำสั่งซื้อจากร้านค้าต่างกัน,ที่มีอยู่,2599adboostco,paris,mng,m02Rooftop0623,,Facebook
250908VV33XA9N,สำเร็จ,210992242240940,2025-09-08 07:57:23,2025-09-09 17:05:35,2025-09-08 07:43:52,Yuedpao - ยืดเปล่า Official Store,240723932,Shopee Mall(Non-CB),26736371857,Yuedpao Sportswear กางเกงออกกำลังกายขาสั้น กางเกงวิ่ง 2in1 มีซับใน พร้อมกระเป๋าด้านข้าง Ultra Flow Running,248400936080,Normal Product,,กีฬาและกิจกรรมกลางแจ้ง,เสื้อผ้ากีฬา,กางเกง/กระโปรง,289,1,คอมมิชชั่นจากร้านค้า,,227,,1.75%,3.9725,10.00%,22.7,26.6725,6.5975,37.7,44.2975,,0,0.00%,0,100.00%,44.2975,สำเร็จ,,สั่งซื้อในร้านค้าเดียวกัน,ที่มีอยู่,2599adboostco,paris,mng,m01YPf0821,,Facebook
250908VV33XA9N,สำเร็จ,210992242240940,2025-09-08 07:57:23,2025-09-09 17:05:35,2025-09-08 07:43:52,Yuedpao - ยืดเปล่า Official Store,240723932,Shopee Mall(Non-CB),44100035741,Yuedpao Sportswear เสื้อออกกำลังกาย เสื้อกีฬา ระบายอากาศได้ดี เสื้อสำหรับวิ่ง Ultra Flow Training shirt,300002049500,Normal Product,,กีฬาและกิจกรรมกลางแจ้ง,เสื้อผ้ากีฬา,เสื้อกีฬา,188,1,คอมมิชชั่นจากร้านค้า,,150,,1.75%,2.625,10.00%,15,17.625,0,0,0,,0,0.00%,0,100.00%,0,สำเร็จ,,สั่งซื้อในร้านค้าเดียวกัน,ที่มีอยู่,2599adboostco,paris,mng,m01YPf0821,,Facebook
250908VV1SYVRH,สำเร็จ,210992198250887,2025-09-08 07:56:39,2025-09-10 18:05:29,2025-09-08 07:45:58,pongpunakkarawiwat,281806741,C2C(Non-CB),6842861803,เสื้อกาวน์ตัวสั้น  เนื้อผ้าดี สีโอโม่  ผ้าไม่ยับพร้อมส่ง,60340876273,Normal Product,,เสื้อผ้าผู้หญิง,เสื้อ,เสื้อเชิ้ต,190,1,คอมมิชชั่นจาก Shopee,,190,,1.50%,2.85,0.00%,0,2.85,2.85,0,2.85,,0,0.00%,0,100.00%,2.85,สำเร็จ,,คำสั่งซื้อจากร้านค้าต่างกัน,ที่มีอยู่,2599adboostco,paris,mng,m01KFdika0520,,Facebook
250908VUXKWGHQ,รอดำเนินการ,210992091228260,2025-09-08 07:54:52,,2025-09-08 07:49:44,PensiriNoww,758464219,Preferred(Non-CB),19411316857,"[ใส่โค้ดPENSNOWW7] ยางปัดน้ำฝนแท้ ตรงรุ่นTOYOTA ALTIS ปี2008-2018 ขนาด14""-26"" ก้านเดิมติดรถใช้ได้100%",200641925364,Normal Product,,รถยนต์ อะไหล่และอุปกรณ์เสริมรถยนต์,ชิ้นส่วนอะไหล่รถยนต์,ที่ปัดน้ำฝน และตัวชะล้าง,105,1,คอมมิชชั่นจากร้านค้า,,94,,1.75%,1.645,7.00%,0,1.645,1.645,0,1.645,,0,0.00%,0,100.00%,1.645,รอดำเนินการ,สถานะของสินค้านี้คือ อยู่ระหว่างดำเนินการ คอมมิชชั่นจะถูกคำนวณเพื่อจ่ายหลังสถานะเป็นสำเร็จแล้วเท่านั้น,คำสั่งซื้อจากร้านค้าต่างกัน,ที่มีอยู่,2599adboostco,paris,mng,m01FahRain0805,,Facebook
250908VUTWN4HW,รอดำเนินการ,210991967222832,2025-09-08 07:52:47,,2025-09-08 07:48:36,AutoPlace Thailand,169054303,Preferred(Non-CB),24200380588,กิ๊บ แผงประตู TOYOTA CAMRY ปี 2006 2007 2008 2009 2010 2011 2012 2015 2018 โตโยต้า แคมรี่ (แพ็ค10 หรือ 20 ตัว),204734439347,Normal Product,,รถยนต์ อะไหล่และอุปกรณ์เสริมรถยนต์,อุปกรณ์เสริมภายในรถยนต์,อุปกรณ์ภายในรถยนต์อื่นๆ,99,1,คอมมิชชั่นจาก Shopee,,99,,1.75%,1.7325,0.00%,0,1.7325,1.7325,0,1.7325,,0,0.00%,0,100.00%,1.7325,รอดำเนินการ,สถานะของสินค้านี้คือ อยู่ระหว่างดำเนินการ คอมมิชชั่นจะถูกคำนวณเพื่อจ่ายหลังสถานะเป็นสำเร็จแล้วเท่านั้น,คำสั่งซื้อจากร้านค้าต่างกัน,ที่มีอยู่,2599adboostco,paris,mng,m01FahRain0805,,Facebook
250908VUT8NPC5,รอดำเนินการ,210991945212765,2025-09-08 07:52:25,,2025-09-08 07:49:27,Yuedpao - ยืดเปล่า Official Store,240723932,Shopee Mall(Non-CB),41400048187,Yuedpao Sportswear เสื้อออกกำลังกายแขนกุด เสื้อกีฬา เสื้อกล้ามออกกำลังกาย เสื้อสำหรับวิ่ง Ultra Flow Sleeveless,290002806331,Normal Product,,กีฬาและกิจกรรมกลางแจ้ง,เสื้อผ้ากีฬา,เสื้อกีฬา,150,1,คอมมิชชั่นจากร้านค้า,,127,,1.75%,2.2225,10.00%,12.7,14.9225,2.2225,12.7,14.9225,,0,0.00%,0,100.00%,14.9225,รอดำเนินการ,สถานะของสินค้านี้คือ อยู่ระหว่างดำเนินการ คอมมิชชั่นจะถูกคำนวณเพื่อจ่ายหลังสถานะเป็นสำเร็จแล้วเท่านั้น,สั่งซื้อในร้านค้าเดียวกัน,ที่มีอยู่,2599adboostco,paris,mng,m01YPf0821,,Facebook
250908VUSEX96E,รอดำเนินการ,210991918231047,2025-09-08 07:51:59,,2025-09-08 07:44:07,UiFUN.th,1262262143,Preferred(CB),41061156585,เกาหลีเปลือกหอยปลาดาวดาวเลื่อนขาตั้งลายตาหมากรุกเคสโทรศัพท์เข้ากันได้สําหรับ ไอโฟน 16 15 14 13 มือโปร สูงสุด ไอโฟน16 ป่นปี้ทน IM,280935900954,Normal Product,,มือถือและอุปกรณ์เสริม,อุปกรณ์เสริม,เคสมือถือและแท็บเล็ต,116,1,คอมมิชชั่นจากร้านค้า,,99,,1.50%,1.485,2.00%,0,1.485,1.485,0,1.485,,0,0.00%,0,100.00%,1.485,รอดำเนินการ,สถานะของสินค้านี้คือ อยู่ระหว่างดำเนินการ คอมมิชชั่นจะถูกคำนวณเพื่อจ่ายหลังสถานะเป็นสำเร็จแล้วเท่านั้น,คำสั่งซื้อจากร้านค้าต่างกัน,ที่มีอยู่,2599adboostco,paris,mng,m01PetKit0520,,Facebook
250908VUQ1R2CW,สำเร็จ,210991837294814,2025-09-08 07:50:37,2025-09-10 15:20:51,2025-09-08 07:19:08,isabellashop.th,502984936,C2C(Non-CB),28803979364,กล่องอาหารสแตนเลส ถาดใส่ท๊อปปิ้ง กล่องเก็บอาหาร ถังปรุงรส สเตนเลส พร้อมฝาปิด ทรงสี่เหลี่ยม สําหรับใส่เครื่องปรุงรส,187614985924,Normal Product,,เครื่องใช้ในบ้าน,เครื่องครัว,ที่ใส่อาหารและเครื่องดื่ม,195,1,คอมมิชชั่นจากร้านค้า,,153,,1.50%,2.295,8.00%,0,2.295,2.295,0,2.295,,0,0.00%,0,100.00%,2.295,สำเร็จ,,คำสั่งซื้อจากร้านค้าต่างกัน,ที่มีอยู่,2599adboostco,paris,mng,m02Rooftop0706,,Facebook
250908VUQ1R2CV,สำเร็จ,210991837294813,2025-09-08 07:50:37,2025-09-10 15:21:25,2025-09-08 07:19:08," Queen's Home",1320918959,Preferred(Non-CB),26486170306,12-20CM กล่องเก็บอาหารสแตนเลส 304 พร้อมฝาปิด ชามเก็บความสดแบบปิดสนิท กล่องเก็บอาหารสแตนเลส ชามเก็บอาหารสแตนเลส,258387939614,Normal Product,,เครื่องใช้ในบ้าน,เครื่องครัว,ที่ใส่อาหารและเครื่องดื่ม,83,1,คอมมิชชั่นจากร้านค้า,,69,,1.50%,1.035,9.00%,0,1.035,1.035,0,1.035,,0,0.00%,0,100.00%,1.035,สำเร็จ,,คำสั่งซื้อจากร้านค้าต่างกัน,ที่มีอยู่,2599adboostco,paris,mng,m02Rooftop0706,,Facebook
250908VUNK03PD,สำเร็จ,210991788275273,2025-09-08 07:49:49,2025-09-11 03:21:32,2025-09-08 07:43:00,Beamshop_180  (เสื้อผ้าสาวอวบ),166854145,C2C(Non-CB),41956291338,ชุดเซท2ชิ้นสาวอวบ เสื้อคอเหลี่ยมดึงยางกางเกงขายาวลายช้าง,149214431230,Normal Product,,เสื้อผ้าผู้หญิง,ชุดเซ็ต,เสื้อเซ็ตเดี่ยว,179,1,คอมมิชชั่นจากร้านค้า,,179,,1.50%,2.685,11.00%,0,2.685,2.685,0,2.685,,0,0.00%,0,100.00%,2.685,สำเร็จ,,คำสั่งซื้อจากร้านค้าต่างกัน,ที่มีอยู่,2599adboostco,paris,mng,m01KFdika0520,,Facebook
250908VUM49DM9,สำเร็จ,210991739298452,2025-09-08 07:48:59,2025-09-11 10:25:02,2025-09-08 07:44:23,good_999_shop,230773795,Preferred(Non-CB),41450249446,ขนนกสุดหรูตก แต่งกลิตเตอร์กันกระแทก Tpu อ่อน IPhone 11 15 12 7Plus 14 13 Pro Max XR 8 7 Plus X XS Max 16PROMAX IP15PLUS,300019659712,Normal Product,,มือถือและอุปกรณ์เสริม,อุปกรณ์เสริม,เคสมือถือและแท็บเล็ต,48,1,คอมมิชชั่นจากร้านค้า,,38,,1.50%,0.57,10.00%,0,0.57,0.57,0,0.57,,0,0.00%,0,100.00%,0.57,สำเร็จ,,คำสั่งซื้อจากร้านค้าต่างกัน,ที่มีอยู่,2599adboostco,paris,mng,m01KFdika0520,,Facebook
250908VUM49DM8,สำเร็จ,210991739298452,2025-09-08 07:48:59,2025-09-11 10:27:00,2025-09-08 07:44:23,Sunrise01,857367802,Preferred(Non-CB),27267067398,แก้วนํ้าเก็บอุณหภูมิ เกรดดีคุณภาพ100% กระติกน้ำ สแตนเลส 316 ขนาด 710 ml แก้วเก็บความเย็น-208,205802344701,Normal Product,,เครื่องใช้ในบ้าน,เครื่องใช้บนโต๊ะอาหาร,ขวดน้ำ,129,1,คอมมิชชั่นจากร้านค้า,,108,,1.50%,1.62,7.00%,0,1.62,1.62,0,1.62,,0,0.00%,0,100.00%,1.62,สำเร็จ,,คำสั่งซื้อจากร้านค้าต่างกัน,ที่มีอยู่,2599adboostco,paris,mng,m01KFdika0520,,Facebook
250908VUM49DM7,รอดำเนินการ,210991739298452,2025-09-08 07:48:59,,2025-09-08 07:44:23,cx shop,1063035025,Preferred(Non-CB),26412978752,cxshop ฟิล์มเลนส์กล้องแบบใหม่ กล้องบล๊อกแบบเพชร ติดง่าย แค่วาง สำหรับ iPHONE 16 16PROMAX 16PRO 16PLUS 15PLUS,119278506735,Normal Product,,มือถือและอุปกรณ์เสริม,อุปกรณ์เสริม,เลนส์มือถือ,17,1,คอมมิชชั่นจากร้านค้า,,15,,1.50%,0.225,4.00%,0,0.225,0.225,0,0.225,,0,0.00%,0,100.00%,0.225,รอดำเนินการ,สถานะของสินค้านี้คือ อยู่ระหว่างดำเนินการ คอมมิชชั่นจะถูกคำนวณเพื่อจ่ายหลังสถานะเป็นสำเร็จแล้วเท่านั้น,คำสั่งซื้อจากร้านค้าต่างกัน,ที่มีอยู่,2599adboostco,paris,mng,m01KFdika0520,,Facebook
250908VUF5141C,สำเร็จ,210991572299407,2025-09-08 07:46:12,2025-09-10 13:21:13,2025-09-08 07:37:18,Icy.Sport,401216213,C2C(Non-CB),40900200011,พร้อมส่งจากไทย【X056】รองเท้าแตะกันลื่นกันฝนพื้นนิ่มแบบสวมใส่ง่ายเท้ากว้างใส่ได้กันเท้าเหม็นลายเรียบๆได้ทั้งชายหญิงน่ารัก,300014906855,Normal Product,,รองเท้าผู้ชาย,รองเท้าแตะ,รองเท้าแตะแบบสวม,48,1,คอมมิชชั่นจาก Shopee,,48,,1.75%,0.84,0.00%,0,0.84,0.84,0,0.84,,0,0.00%,0,100.00%,0.84,สำเร็จ,,คำสั่งซื้อจากร้านค้าต่างกัน,ที่มีอยู่,2599adboostco,paris,mng,m56ProwaVDO0905,,Facebook
250908VUA8KBJ9,สำเร็จ,210991408279958,2025-09-08 07:43:29,2025-09-11 16:55:56,2025-09-08 07:29:32,Neo DealDD,716641222,Shopee Mall(Non-CB),17199946910,BeNice บีไนซ์ เพอร์ฟูม ชาวเวอร์ เจล ไลชี่ แอนด์ โรส 450 มล. ช่วยเพิ่มความชุ่มชื้น หอมฟุ้งเหมือนฉีดน้ำหอม,232655360455,Normal Product,,ผลิตภัณฑ์บำรุงและเสริมความงาม,สบู่อาบน้ำและผลิตภัณฑ์ดูแลผิวกาย,ผลิตภัณฑ์ระงับกลิ่นกาย,139,2,คอมมิชชั่นจากร้านค้า,,222,,1.75%,3.885,4.00%,0,3.885,6.475,0,6.475,,0,0.00%,0,100.00%,6.475,สำเร็จ,,คำสั่งซื้อจากร้านค้าต่างกัน,ที่มีอยู่,2599adboostco,paris,mng,m01PetKit0520,,Facebook
250908VUA8KBJ9,สำเร็จ,210991408279958,2025-09-08 07:43:29,2025-09-11 16:55:56,2025-09-08 07:29:32,Neo DealDD,716641222,Shopee Mall(Non-CB),28923087434,BeNice บีไนซ์ โลชั่นน้ำหอม โกลว์ แอนด์ เพอร์ฟูม ไลชี่ แอนด์ โรส 300+300 มล. X1,223689876693,Normal Product,,ผลิตภัณฑ์บำรุงและเสริมความงาม,สบู่อาบน้ำและผลิตภัณฑ์ดูแลผิวกาย,"ผลิตภัณฑ์บำรุงผิวกาย เนื้อครีม, โลชั่น, บัตเตอร์",185,1,คอมมิชชั่นจาก Shopee,,148,,1.75%,2.59,0.00%,0,2.59,0,0,0,,0,0.00%,0,100.00%,0,สำเร็จ,,คำสั่งซื้อจากร้านค้าต่างกัน,ที่มีอยู่,2599adboostco,paris,mng,m01PetKit0520,,Facebook
250908VTXX599N,สำเร็จ,210991028227788,2025-09-08 07:37:08,2025-09-11 15:33:48,2025-09-08 05:42:54,META MALL,205091955,C2C(Non-CB),24622411767,"MASUMA ใบปัดน้ำฝน กระจกหลัง สำหรับ MITSUBISHI PAJERO SPORT (ปี 2015-2023) ขนาด 10"" ตรงรุ่น (MU-10R) ยางคุณภาพสูง มาตรฐาน",236194685159,Normal Product,,รถยนต์ อะไหล่และอุปกรณ์เสริมรถยนต์,ชิ้นส่วนอะไหล่รถยนต์,ที่ปัดน้ำฝน และตัวชะล้าง,259,1,คอมมิชชั่นจากร้านค้า,,211,,1.75%,3.6925,4.00%,0,3.6925,9.065,0,9.065,,0,0.00%,0,100.00%,9.065,สำเร็จ,,คำสั่งซื้อจากร้านค้าต่างกัน,ที่มีอยู่,2599adboostco,paris,mng,m01FahRain0805,,Facebook
250908VTXX599N,สำเร็จ,210991028227788,2025-09-08 07:37:08,2025-09-11 15:33:48,2025-09-08 05:42:54,META MALL,205091955,C2C(Non-CB),25601447781,"BOSCH ใบปัดน้ำฝน รุ่น Advantage ก้านเหล็ก สำหรับ MITSUBISHI PAJERO ปี 2015-2023 ขนาด 22""+18"" ( 1คู่ ) ของแท้ 100%",128795402466,Normal Product,,รถยนต์ อะไหล่และอุปกรณ์เสริมรถยนต์,ชิ้นส่วนอะไหล่รถยนต์,ที่ปัดน้ำฝน และตัวชะล้าง,379,1,คอมมิชชั่นจากร้านค้า,,307,,1.75%,5.3725,4.00%,0,5.3725,0,0,0,,0,0.00%,0,100.00%,0,สำเร็จ,,คำสั่งซื้อจากร้านค้าต่างกัน,ที่มีอยู่,2599adboostco,paris,mng,m01FahRain0805,,Facebook
250908VTUP783D,รอดำเนินการ,210990919237504,2025-09-08 07:35:19,,2025-09-08 07:33:11,Yuedpao - ยืดเปล่า Official Store,240723932,Shopee Mall(Non-CB),41400048187,Yuedpao Sportswear เสื้อออกกำลังกายแขนกุด เสื้อกีฬา เสื้อกล้ามออกกำลังกาย เสื้อสำหรับวิ่ง Ultra Flow Sleeveless,290002806329,Normal Product,,กีฬาและกิจกรรมกลางแจ้ง,เสื้อผ้ากีฬา,เสื้อกีฬา,150,1,คอมมิชชั่นจากร้านค้า,,130,,1.75%,2.275,10.00%,13,15.275,2.275,13,15.275,,0,0.00%,0,100.00%,15.275,รอดำเนินการ,สถานะของสินค้านี้คือ อยู่ระหว่างดำเนินการ คอมมิชชั่นจะถูกคำนวณเพื่อจ่ายหลังสถานะเป็นสำเร็จแล้วเท่านั้น,สั่งซื้อในร้านค้าเดียวกัน,ที่มีอยู่,2599adboostco,paris,mng,m01YPf0821,,Facebook
250908VTR00UHJ,สำเร็จ,210990795292856,2025-09-08 07:33:15,2025-09-10 16:35:46,2025-09-08 07:22:35,MAKAWA อุปกรณ์ทำความสะอาดรถ,158838718,C2C(Non-CB),12892010763,(รวม) ยางปัดน้ำฝนเคลือบน้ำยาซิลิโคน 1 คู่ 2 เส้น 24 นิ้ว 26 นิ้ว และ 28 นิ้ว ที่ปัดน้ำฝน รีฟิล ยางธรรมชาติ100%,118386846266,Normal Product,,รถยนต์ อะไหล่และอุปกรณ์เสริมรถยนต์,ชิ้นส่วนอะไหล่รถยนต์,ที่ปัดน้ำฝน และตัวชะล้าง,20,1,คอมมิชชั่นจากร้านค้า,,20,,1.75%,0.35,5.00%,1,1.35,1.26,3.6,4.86,,0,0.00%,0,100.00%,4.86,สำเร็จ,,สั่งซื้อในร้านค้าเดียวกัน,ที่มีอยู่,2599adboostco,paris,mng,m01FahRain0805,,Others
250908VTR00UHJ,สำเร็จ,210990795292856,2025-09-08 07:33:15,2025-09-10 16:35:46,2025-09-08 07:22:35,MAKAWA อุปกรณ์ทำความสะอาดรถ,158838718,C2C(Non-CB),12892010763,(รวม) ยางปัดน้ำฝนเคลือบน้ำยาซิลิโคน 1 คู่ 2 เส้น 24 นิ้ว 26 นิ้ว และ 28 นิ้ว ที่ปัดน้ำฝน รีฟิล ยางธรรมชาติ100%,118386846274,Normal Product,,รถยนต์ อะไหล่และอุปกรณ์เสริมรถยนต์,ชิ้นส่วนอะไหล่รถยนต์,ที่ปัดน้ำฝน และตัวชะล้าง,20,1,คอมมิชชั่นจากร้านค้า,,20,,1.75%,0.35,5.00%,1,1.35,0,0,0,,0,0.00%,0,100.00%,0,สำเร็จ,,สั่งซื้อในร้านค้าเดียวกัน,ที่มีอยู่,2599adboostco,paris,mng,m01FahRain0805,,Others
250908VTR00UHJ,สำเร็จ,210990795292856,2025-09-08 07:33:15,2025-09-10 16:35:46,2025-09-08 07:22:35,MAKAWA อุปกรณ์ทำความสะอาดรถ,158838718,C2C(Non-CB),12892010763,(รวม) ยางปัดน้ำฝนเคลือบน้ำยาซิลิโคน 1 คู่ 2 เส้น 24 นิ้ว 26 นิ้ว และ 28 นิ้ว ที่ปัดน้ำฝน รีฟิล ยางธรรมชาติ100%,155241363022,Normal Product,,รถยนต์ อะไหล่และอุปกรณ์เสริมรถยนต์,ชิ้นส่วนอะไหล่รถยนต์,ที่ปัดน้ำฝน และตัวชะล้าง,16,2,คอมมิชชั่นจากร้านค้า,,32,,1.75%,0.56,5.00%,1.6,2.16,0,0,0,,0,0.00%,0,100.00%,0,สำเร็จ,,สั่งซื้อในร้านค้าเดียวกัน,ที่มีอยู่,2599adboostco,paris,mng,m01FahRain0805,,Others
250908VTQ0FDHP,รอดำเนินการ,210990762214476,2025-09-08 07:32:42,,2025-09-08 05:18:04,shose,691598704,C2C(Non-CB),25144463026,รองเท้าผ้าใบรุ่นใหม่มีไซด์ผู้หญิงและผู้ชายมีคอมพร้อมส่ง 36-45,227735336487,Normal Product,,รองเท้าผู้ชาย,รองเท้าผ้าใบ,,359,1,คอมมิชชั่นจาก Shopee,,359,,1.75%,6.2825,0.00%,0,6.2825,6.2825,0,6.2825,,0,0.00%,0,100.00%,6.2825,รอดำเนินการ,สถานะของสินค้านี้คือ อยู่ระหว่างดำเนินการ คอมมิชชั่นจะถูกคำนวณเพื่อจ่ายหลังสถานะเป็นสำเร็จแล้วเท่านั้น,คำสั่งซื้อจากร้านค้าต่างกัน,ที่มีอยู่,2599adboostco,paris,mng,m56ProwaVDO0905,,Facebook
250908VTPRW8PD,รอดำเนินการ,210990754283130,2025-09-08 07:32:34,,2025-09-06 02:39:08,Strong_power,310975285,C2C(Non-CB),24396512904,ขายแยก เบย์เบลด x ลูกข่างเบย์เบลดแบบเหล็กล้วน ลูกข่าง อุปกรณ์ ตัวชู้ด สายชู้ด พร้อมส่งจากไทย,306181777143,Normal Product,,งานอดิเรกและของสะสม,ของเล่นและเกม,ลูกข่าง,49,1,คอมมิชชั่นจาก Shopee,,49,,1.50%,0.735,0.00%,0,0.735,0.735,0,0.735,,0,0.00%,0,100.00%,0.735,รอดำเนินการ,สถานะของสินค้านี้คือ อยู่ระหว่างดำเนินการ คอมมิชชั่นจะถูกคำนวณเพื่อจ่ายหลังสถานะเป็นสำเร็จแล้วเท่านั้น,คำสั่งซื้อจากร้านค้าต่างกัน,ที่มีอยู่,2599adboostco,paris,mng,m56xep0905,,Facebook
250908VTJEMEAV,สำเร็จ,210990609294513,2025-09-08 07:30:09,2025-09-11 19:19:49,2025-09-08 07:24:52,Super cool_shop,1144590236,C2C(Non-CB),28120127948,หมวกกันน็อค หมวกกันน๊อก รถจักรยานยนต์ กันลม กันน้ำ แข็งแรงใส่สบายหมวกกันน็อคเต็ม ทนต่อการใช้งาน หมวกกันน็อคเต็มใบ,208047752857,Normal Product,,รถมอเตอร์ไซค์ อะไหล่และอุปกรณ์เสริมมอเตอร์ไซค์,หมวกกันน็อคและอุปกรณ์สวมใส่สำหรับขับขี่,,179,1,คอมมิชชั่นจากร้านค้า,,140,,1.75%,2.45,13.00%,18.2,20.65,2.45,18.2,20.65,,0,0.00%,0,100.00%,20.65,สำเร็จ,,สั่งซื้อในร้านค้าเดียวกัน,ที่มีอยู่,2599adboostco,paris,mng,m01BMavk0821,,Facebook
250908VTJ5YKNP,รอดำเนินการ,210990625286664,2025-09-08 07:30:00,,2025-09-08 07:27:35,Nasalee.,1220824351,Preferred(CB),24285679946,เสื้อยืดแขนสั้นผ้าฝ้ายคอตตอนลาย NASA รุ่นใหม่สำหรับฤดูร้อน 2024 แบบหลวมและระบายอากาศได้ดี,157450223667,Normal Product,,เสื้อผ้าผู้ชาย,เสื้อ,เสื้อยืด,165,1,ดีลพิเศษเฉพาะคุณ,,133,,1.75%,2.3275,25.00%,33.25,35.5775,2.3275,33.25,35.5775,,0,0.00%,0,100.00%,35.5775,รอดำเนินการ,สถานะของสินค้านี้คือ อยู่ระหว่างดำเนินการ คอมมิชชั่นจะถูกคำนวณเพื่อจ่ายหลังสถานะเป็นสำเร็จแล้วเท่านั้น,สั่งซื้อในร้านค้าเดียวกัน,ที่มีอยู่,241225adboostco,paris,mng,m06Nasa1228,m06Nasa1228photo,Others
250908VTFD98KK,รอดำเนินการ,210990507216282,2025-09-08 07:28:27,,2025-09-08 07:28:10,Super cool_shop,1144590236,C2C(Non-CB),28120127948,หมวกกันน็อค หมวกกันน๊อก รถจักรยานยนต์ กันลม กันน้ำ แข็งแรงใส่สบายหมวกกันน็อคเต็ม ทนต่อการใช้งาน หมวกกันน็อคเต็มใบ,208047752857,Normal Product,,รถมอเตอร์ไซค์ อะไหล่และอุปกรณ์เสริมมอเตอร์ไซค์,หมวกกันน็อคและอุปกรณ์สวมใส่สำหรับขับขี่,,179,1,คอมมิชชั่นจากร้านค้า,,171,,1.75%,2.9925,13.00%,22.23,25.2225,2.9925,22.23,25.2225,,0,0.00%,0,100.00%,25.2225,รอดำเนินการ,สถานะของสินค้านี้คือ อยู่ระหว่างดำเนินการ คอมมิชชั่นจะถูกคำนวณเพื่อจ่ายหลังสถานะเป็นสำเร็จแล้วเท่านั้น,สั่งซื้อในร้านค้าเดียวกัน,ที่มีอยู่,2599adboostco,paris,mng,m01BMavk0821,,Facebook
250908VTB05S9M,รอดำเนินการ,210990359250455,2025-09-08 07:25:59,,2025-09-08 06:47:49,RRG2002,1118010089,Preferred(Non-CB),25454609585,ยาบำรุงหน้ายาง สารเพิ่มประสิทธิภาพยางพารา ค๊อกเทล,138826717694,Normal Product,,เครื่องใช้ในบ้าน,สวน,ปุ๋ย,220,1,คอมมิชชั่นจาก Shopee,,178,,1.50%,2.67,0.00%,0,2.67,2.67,0,2.67,,0,0.00%,0,100.00%,2.67,รอดำเนินการ,สถานะของสินค้านี้คือ อยู่ระหว่างดำเนินการ คอมมิชชั่นจะถูกคำนวณเพื่อจ่ายหลังสถานะเป็นสำเร็จแล้วเท่านั้น,คำสั่งซื้อจากร้านค้าต่างกัน,ที่มีอยู่,2599adboostco,paris,mng,m56ProwaVDO0905,,Facebook
250908VT934YVN,รอดำเนินการ,210990295260072,2025-09-08 07:24:56,,2025-09-02 10:15:02,Nemure Giftshop,190438850,Preferred(Non-CB),16204021048,(A-245) ยางรัดผมทรงโดนัทแบบครีมพัฟ ยางรัดผมยู่ยี่ น่ารักสุดสไตล์เกาหลี ยางมัดผม เครื่องประดับผม ส่งเร็ว 🚚 (เลือกสีได้),68362927315,Normal Product,,เครื่องประดับ,เครื่องประดับผม,ยางรัดผม & โบว์ผูกผม,4,1,คอมมิชชั่นจาก Shopee,,4,,1.75%,0.07,0.00%,0,0.07,0.07,0,0.07,,0,0.00%,0,100.00%,0.07,รอดำเนินการ,สถานะของสินค้านี้คือ อยู่ระหว่างดำเนินการ คอมมิชชั่นจะถูกคำนวณเพื่อจ่ายหลังสถานะเป็นสำเร็จแล้วเท่านั้น,คำสั่งซื้อจากร้านค้าต่างกัน,ที่มีอยู่,38912905,tunis,mng,m39animagbooks1115,,Websites
250908VT6VJFK5,สำเร็จ,210990221259910,2025-09-08 07:23:41,2025-09-10 18:28:51,2025-09-08 06:22:36,Kitty Kitty shop,416672983,C2C(Non-CB),44113882835,(พร้อมส่งในไทย) ที่คาดผมทรงสวย ลูกปัด แบบหยักและสูง มีซี่ดันกันลื่น ยกโคนผม,296146456377,Normal Product,,เครื่องประดับ,เครื่องประดับผม,ที่คาดผม,25,1,คอมมิชชั่นจากร้านค้า,,25,,1.75%,0.4375,7.00%,0,0.4375,0.875,0,0.875,,0,0.00%,0,100.00%,0.875,สำเร็จ,,คำสั่งซื้อจากร้านค้าต่างกัน,ที่มีอยู่,2599adboostco,paris,mng,m56Fazzi0830,,Others
250908VT6VJFK5,สำเร็จ,210990221259910,2025-09-08 07:23:41,2025-09-10 18:28:51,2025-09-08 06:22:36,Kitty Kitty shop,416672983,C2C(Non-CB),44113882835,(พร้อมส่งในไทย) ที่คาดผมทรงสวย ลูกปัด แบบหยักและสูง มีซี่ดันกันลื่น ยกโคนผม,296146456375,Normal Product,,เครื่องประดับ,เครื่องประดับผม,ที่คาดผม,25,1,คอมมิชชั่นจากร้านค้า,,25,,1.75%,0.4375,7.00%,0,0.4375,0,0,0,,0,0.00%,0,100.00%,0,สำเร็จ,,คำสั่งซื้อจากร้านค้าต่างกัน,ที่มีอยู่,2599adboostco,paris,mng,m56Fazzi0830,,Others
250908VT5X0W92,รอดำเนินการ,210990189228460,2025-09-08 07:23:10,,2025-09-08 06:23:06,Shopee Choice Global,196268298,C2C(CB),24170339194,กระเป๋าจัดเก็บเสื้อผ้า ผ้าห่ม มีซิป ขนาดใหญ่ จุของได้เยอะ,250522327883,Normal Product,,เครื่องใช้ในบ้าน,อุปกรณ์สำหรับจัดเก็บ,อุปกรณ์จัดระเบียบในตู้เสื้อผ้า,34,2,คอมมิชชั่นจากร้านค้า,,68,,1.50%,1.02,7.00%,0,1.02,1.02,0,1.02,,0,0.00%,0,100.00%,1.02,รอดำเนินการ,สถานะของสินค้านี้คือ อยู่ระหว่างดำเนินการ คอมมิชชั่นจะถูกคำนวณเพื่อจ่ายหลังสถานะเป็นสำเร็จแล้วเท่านั้น,คำสั่งซื้อจากร้านค้าต่างกัน,ที่มีอยู่,2599adboostco,paris,mng,m01jjshop0803,,Facebook
250908VT24XY65,รอดำเนินการ,210990062270991,2025-09-08 07:21:03,,2025-09-08 07:15:33,9STORE BY CATZA MEOW Official,289705092,C2C(Non-CB),14283000817,MEOW ทรายแมวเต้าหู้ 10 ลิตร / ทรายแมวมันเต้า MEOW ออแกนิก 100% ทิ้งชักโครกได้,245008957096,Normal Product,,สัตว์เลี้ยง,ห้องน้ำและทราย,ทรายแมวและกระบะทรายแมว,325,1,คอมมิชชั่นจากร้านค้า,,292,,1.75%,5.11,8.00%,23.36,28.47,5.11,23.36,28.47,,0,0.00%,0,100.00%,28.47,รอดำเนินการ,สถานะของสินค้านี้คือ อยู่ระหว่างดำเนินการ คอมมิชชั่นจะถูกคำนวณเพื่อจ่ายหลังสถานะเป็นสำเร็จแล้วเท่านั้น,สั่งซื้อในร้านค้าเดียวกัน,ที่มีอยู่,2599adboostco,paris,mng,m01kaofangMeow0303,,Facebook
250908VT0EKT1M,สำเร็จ,210990005297668,2025-09-08 07:20:05,2025-09-11 16:17:45,2025-09-08 06:14:00,INZENT_OFFICIAL,9072405,Shopee Mall(Non-CB),18958313743,NEW!! 2แถม1 INZENT Salmon Oil น้ำมันปลา น้ำมันปลาแซลมอน สมอง บำรุงสมอง (30 แคปซูล) Fish Oil ฟิชออยล์,146127524272,Normal Product,,กลุ่มผลิตภัณฑ์เพื่อสุขภาพ,อาหารเสริม,อาหารเสริมเพื่อความงาม,228,1,คอมมิชชั่นจากร้านค้า,,188,,1.50%,2.82,15.00%,0,2.82,4.83,0,4.83,,0,0.00%,0,100.00%,4.83,สำเร็จ,,คำสั่งซื้อจากร้านค้าต่างกัน,ที่มีอยู่,2599adboostco,paris,mng,m06Nasa1228,,Facebook
250908VT0EKT1M,สำเร็จ,210990005297668,2025-09-08 07:20:05,2025-09-11 16:17:45,2025-09-08 06:14:00,INZENT_OFFICIAL,9072405,Shopee Mall(Non-CB),29410174915,[1แถม1] Vitamin C 500mg. วิตามินซี 500มก. (30 เม็ด) สูตรบำรุงผิวพรรณ ผิวแพ้ง่าย ผิวโดนแดดบ่อย เสริมภูมิ ตรา inzent [A19],256527552499,Normal Product,,กลุ่มผลิตภัณฑ์เพื่อสุขภาพ,อาหารเสริม,อาหารเสริมเพื่อสุขภาพ,159,1,คอมมิชชั่นจากร้านค้า,,134,,1.50%,2.01,15.00%,0,2.01,0,0,0,,0,0.00%,0,100.00%,0,สำเร็จ,,คำสั่งซื้อจากร้านค้าต่างกัน,ที่มีอยู่,2599adboostco,paris,mng,m06Nasa1228,,Facebook
250908VSY9C9PU,สำเร็จ,210989966241590,2025-09-08 07:19:27,2025-09-10 15:38:12,2025-09-08 07:18:35,Sipiao facial tissue,1294996630,Shopee Mall(CB),26820536186,5 แพ็ค4ply กระดาษทิชชู่หนานุ่ม Sipiao (1389-5) ห่อละ 1000 ชิ้น TH ขนาด 170 * 130 มม. กระดาษชําระ,233581152848,Normal Product,,เครื่องใช้ในบ้าน,อุปกรณ์ซักรีดและผลิตภัณฑ์ดูแลบ้าน,กระดาษชำระ,139,1,ดีลพิเศษเฉพาะคุณ,,107,,1.50%,1.605,10.01%,0,1.605,1.605,0,1.605,,0,0.00%,0,100.00%,1.605,สำเร็จ,,คำสั่งซื้อจากร้านค้าต่างกัน,ที่มีอยู่,2599adboostco,paris,mng,m01YPf0821,,Facebook
250908VSS13H13,รอดำเนินการ,210989756242582,2025-09-08 07:15:57,,2025-09-06 17:05:55,mcBuyshop88,71617213,Preferred(Non-CB),24569578240,🖤 ที่เปิดขวด ทรงการ์ดไพ่ A โพธิ์ดํา ใช้งานสะดวก เเถมยังโคตรคูล ขนาดเท่าบัตรเครดิต เก็บในเป๋าตังได้,158557098507,Normal Product,,เครื่องใช้ในบ้าน,เครื่องครัว,ที่เปิดขวดและกระป๋อง,6,1,คอมมิชชั่นจากร้านค้า,,6,,1.50%,0.09,4.00%,0,0.09,5.19,0,5.19,,0,0.00%,0,100.00%,5.19,รอดำเนินการ,สถานะของสินค้านี้คือ อยู่ระหว่างดำเนินการ คอมมิชชั่นจะถูกคำนวณเพื่อจ่ายหลังสถานะเป็นสำเร็จแล้วเท่านั้น,คำสั่งซื้อจากร้านค้าต่างกัน,ที่มีอยู่,2599adboostco,paris,mng,m01jjshop0803,,Facebook
250908VSS13H13,รอดำเนินการ,210989756242582,2025-09-08 07:15:57,,2025-09-06 17:05:55,mcBuyshop88,71617213,Preferred(Non-CB),6419706613,รถเข็นช้อปปิ้ง พับได้ 4ล้อ รถเข็นอเนกประสงค์ รถเข็นจ่ายตลาด shopping cart รถเข็นซุปเปอร์มาร์เก็ต รถเข็นเหล็ก รถเข็นลาก,14554619664,Normal Product,,เครื่องใช้ในบ้าน,เครื่องมือและอุปกรณ์ปรับปรุงบ้าน,รถเข็น,379,1,คอมมิชชั่นจากร้านค้า,,340,,1.50%,5.1,4.00%,0,5.1,0,0,0,,0,0.00%,0,100.00%,0,รอดำเนินการ,สถานะของสินค้านี้คือ อยู่ระหว่างดำเนินการ คอมมิชชั่นจะถูกคำนวณเพื่อจ่ายหลังสถานะเป็นสำเร็จแล้วเท่านั้น,คำสั่งซื้อจากร้านค้าต่างกัน,ที่มีอยู่,2599adboostco,paris,mng,m01jjshop0803,,Facebook
250908VSNBRTYA,สำเร็จ,210989633210479,2025-09-08 07:13:53,2025-09-11 17:17:07,2025-09-08 07:09:38,TH -Shop,718606161,Preferred(Non-CB),21162788771,ชุดอุปกรณ์ตัดขนสุนัข ปัตตาเลี่ยนตัดขนสัตว์เลี้ยง ที่ตัดขนแมว ที่ตัดขนหมา 4in1 pet trimmer hairclipper พร้อมหัวที่่กรอเล็,221284404367,Normal Product,,สัตว์เลี้ยง,อุปกรณ์ทำความสะอาดและตกแต่งขน,อุปกรณ์ดูแลขนสัตว์เลี้ยง,270,1,คอมมิชชั่นจากร้านค้า,,241,,1.75%,4.2175,4.00%,9.64,13.8575,4.2175,9.64,13.8575,,0,0.00%,0,100.00%,13.8575,สำเร็จ,,สั่งซื้อในร้านค้าเดียวกัน,ที่มีอยู่,2599adboostco,paris,mng,m01PetKit0520,,Facebook
250908VSJFAEKC,สำเร็จ,210989536270567,2025-09-08 07:12:17,2025-09-10 14:33:20,2025-09-08 06:47:41,skinbeauty1,71689007,Preferred(Non-CB),40009213855,แคปแดง Spriw เอสพริ้ว เอส Speult ((สูตรใหม่)),253643453744,Normal Product,,กลุ่มผลิตภัณฑ์เพื่อสุขภาพ,อาหารเสริม,อาหารเสริมการควบคุมน้ำหนัก,160,2,คอมมิชชั่นจาก Shopee,,288,,1.50%,4.32,0.00%,0,4.32,4.32,0,4.32,,0,0.00%,0,100.00%,4.32,สำเร็จ,,คำสั่งซื้อจากร้านค้าต่างกัน,ที่มีอยู่,2599adboostco,paris,mng,m01KFdika0520,,Facebook
250908VSE5XWFT,รอดำเนินการ,210989392235307,2025-09-08 07:09:52,,2025-09-08 07:04:53,Dika Mall,612712702,Preferred(Non-CB),21491624016,DIKA หมวกกันน็อค แว่น2ชั้น หมวกกันน็อคเต็มใบ สามารถเปิดคางได้ Motorcycle Helmet  ปลอดภัย กันน้ำ,204488838468,Normal Product,368347514875922_0_0,รถมอเตอร์ไซค์ อะไหล่และอุปกรณ์เสริมมอเตอร์ไซค์,หมวกกันน็อคและอุปกรณ์สวมใส่สำหรับขับขี่,,638,1,คอมมิชชั่นจากร้านค้า,,508,,1.75%,8.89,8.00%,40.64,49.53,8.89,40.64,49.53,,0,0.00%,0,100.00%,49.53,รอดำเนินการ,สถานะของสินค้านี้คือ อยู่ระหว่างดำเนินการ คอมมิชชั่นจะถูกคำนวณเพื่อจ่ายหลังสถานะเป็นสำเร็จแล้วเท่านั้น,สั่งซื้อในร้านค้าเดียวกัน,ที่มีอยู่,2599adboostco,paris,mng,m01KFdika0520,,Facebook
250908VSE5XWFT,รอดำเนินการ,210989392235307,2025-09-08 07:09:52,,2025-09-08 07:04:53,Dika Mall,612712702,Preferred(Non-CB),28682564163,Dika 2 ชิ้นของเครื่องประดับตกแต่งหมีสำหรับหมวกกันน็อคมอเตอร์ไซค์สี เหมาะสำหรับมอเตอร์ไซค์และจักรยาน,167096436404,Normal Product,368347514875922_0_0,รถมอเตอร์ไซค์ อะไหล่และอุปกรณ์เสริมมอเตอร์ไซค์,หมวกกันน็อคและอุปกรณ์สวมใส่สำหรับขับขี่,,0,1,คอมมิชชั่นจากร้านค้า,,0,,1.75%,0,8.00%,0,0,0,0,0,,0,0.00%,0,100.00%,0,รอดำเนินการ,สถานะของสินค้านี้คือ อยู่ระหว่างดำเนินการ คอมมิชชั่นจะถูกคำนวณเพื่อจ่ายหลังสถานะเป็นสำเร็จแล้วเท่านั้น,สั่งซื้อในร้านค้าเดียวกัน,ที่มีอยู่,2599adboostco,paris,mng,m01KFdika0520,,Facebook
250908VS5N7YGH,สำเร็จ,210989106279541,2025-09-08 07:05:07,2025-09-11 15:30:50,2025-09-08 07:03:46,Grade D (เกรดดี),311341791,Preferred(Non-CB),24114467870,🌟พร้อมส่ง🌟เสื้อพิมพ์ลาย ไทยแลนด์ Thailand คอกลม แขนสั้น,194923530408,Normal Product,,กีฬาและกิจกรรมกลางแจ้ง,เสื้อผ้ากีฬา,เสื้อยืด,109,1,คอมมิชชั่นจากร้านค้า,,98,,1.75%,1.715,9.00%,8.82,10.535,1.715,8.82,10.535,,0,0.00%,0,100.00%,10.535,สำเร็จ,,สั่งซื้อในร้านค้าเดียวกัน,ที่มีอยู่,2599adboostco,paris,mng,m01FahRain0805,,Others
250908VS5ARCK6,สำเร็จ,210989134290742,2025-09-08 07:04:56,2025-09-10 17:01:14,2025-09-08 06:51:36,Annie งานสินค้าคุณภาพ ปลีกส่ง,32198801,Preferred(Non-CB),27602061853,ใบปัดน้ำฝน ก้านใบปัดน้ำฝนพร้อมยาง ตรงรุ่น MITSUBISHI TRITON ปี2015-2023 ยี่ห้อ BOSCH ADVANTAGEแท้100% (1คู่),222875320808,Normal Product,,รถยนต์ อะไหล่และอุปกรณ์เสริมรถยนต์,ชิ้นส่วนอะไหล่รถยนต์,ที่ปัดน้ำฝน และตัวชะล้าง,264,1,คอมมิชชั่นจาก Shopee,,237,,1.75%,4.1475,0.00%,0,4.1475,4.1475,0,4.1475,,0,0.00%,0,100.00%,4.1475,สำเร็จ,,คำสั่งซื้อจากร้านค้าต่างกัน,ที่มีอยู่,2599adboostco,paris,mng,m01FahRain0805,,Facebook
250908VRUQP2NW,สำเร็จ,210988773286198,2025-09-08 06:59:34,2025-09-11 11:10:38,2025-09-08 06:57:49,Dika Mall,612712702,Preferred(Non-CB),21491624016,DIKA หมวกกันน็อค แว่น2ชั้น หมวกกันน็อคเต็มใบ สามารถเปิดคางได้ Motorcycle Helmet  ปลอดภัย กันน้ำ,245340003334,Normal Product,368347514875922_0_0,รถมอเตอร์ไซค์ อะไหล่และอุปกรณ์เสริมมอเตอร์ไซค์,หมวกกันน็อคและอุปกรณ์สวมใส่สำหรับขับขี่,,558,1,คอมมิชชั่นจากร้านค้า,,499,,1.75%,8.7325,8.00%,39.92,48.6525,8.7325,39.92,48.6525,,0,0.00%,0,100.00%,48.6525,สำเร็จ,,สั่งซื้อในร้านค้าเดียวกัน,ที่มีอยู่,2599adboostco,paris,mng,m01KFdika0520,,Facebook
250908VRUQP2NW,สำเร็จ,210988773286198,2025-09-08 06:59:34,2025-09-11 11:10:38,2025-09-08 06:57:49,Dika Mall,612712702,Preferred(Non-CB),28682564163,Dika 2 ชิ้นของเครื่องประดับตกแต่งหมีสำหรับหมวกกันน็อคมอเตอร์ไซค์สี เหมาะสำหรับมอเตอร์ไซค์และจักรยาน,167096436404,Normal Product,368347514875922_0_0,รถมอเตอร์ไซค์ อะไหล่และอุปกรณ์เสริมมอเตอร์ไซค์,หมวกกันน็อคและอุปกรณ์สวมใส่สำหรับขับขี่,,0,1,คอมมิชชั่นจากร้านค้า,,0,,1.75%,0,8.00%,0,0,0,0,0,,0,0.00%,0,100.00%,0,สำเร็จ,,สั่งซื้อในร้านค้าเดียวกัน,ที่มีอยู่,2599adboostco,paris,mng,m01KFdika0520,,Facebook
250908VRNRVUAQ,รอดำเนินการ,210988573238545,2025-09-08 06:56:13,,2025-09-08 06:54:09,Hengpackaging,581205497,Preferred(Non-CB),18803061487,ถุงซิป ถุงซิบ รุ่นหนา ใส่อาหาร ใส่เสื้อผ้า แบบแบ่งขาย แพ็ค 1-100 ใบ),135765896192,Normal Product,,เครื่องใช้ในบ้าน,เครื่องครัว,ที่ใส่อาหารและเครื่องดื่ม,13,3,คอมมิชชั่นจาก Shopee,,39,,1.50%,0.585,0.00%,0,0.585,0.585,0,0.585,,0,0.00%,0,100.00%,0.585,รอดำเนินการ,สถานะของสินค้านี้คือ อยู่ระหว่างดำเนินการ คอมมิชชั่นจะถูกคำนวณเพื่อจ่ายหลังสถานะเป็นสำเร็จแล้วเท่านั้น,คำสั่งซื้อจากร้านค้าต่างกัน,ที่มีอยู่,2599adboostco,paris,mng,m01jjshop0803,,Facebook
250908VRM2JSEB,สำเร็จ,210988516275206,2025-09-08 06:55:17,2025-09-09 20:53:08,2025-09-08 06:46:32,ShooDee,1538856073,C2C(Non-CB),42252503133,ShooDee รองเท้าเดินป่า รองเท้าเดินป่าแม่น้ำ รองเท้าลุยน้ำ รองเท้าแตะ ระบายอากาศ กันลื่น ขนาด 36-46,300205764672,Normal Product,,กีฬาและกิจกรรมกลางแจ้ง,รองเท้ากีฬา,รองเท้าเดินป่า,154,1,คอมมิชชั่นจากร้านค้า,,134,,1.75%,2.345,10.00%,0,2.345,2.345,0,2.345,,0,0.00%,0,100.00%,2.345,สำเร็จ,,คำสั่งซื้อจากร้านค้าต่างกัน,ที่มีอยู่,2599adboostco,paris,mng,m01Tik0803,,Facebook
250908VRJRJGNR,รอดำเนินการ,210988472233135,2025-09-08 06:54:33,,2025-09-08 06:47:34,SKYWALKER SHOP หมวกกันน็อค,36470143,Preferred(Non-CB),7953536749,SPACE CROWN หมวกกันน็อค รุ่น CYGNUS มีครบทุกสี การันตีของแท้ ราคาถูก!!!,61091589245,Normal Product,,รถมอเตอร์ไซค์ อะไหล่และอุปกรณ์เสริมมอเตอร์ไซค์,หมวกกันน็อคและอุปกรณ์สวมใส่สำหรับขับขี่,,319,1,คอมมิชชั่นจาก Shopee,,287,,1.75%,5.0225,0.00%,0,5.0225,5.0225,0,5.0225,,0,0.00%,0,100.00%,5.0225,รอดำเนินการ,สถานะของสินค้านี้คือ อยู่ระหว่างดำเนินการ คอมมิชชั่นจะถูกคำนวณเพื่อจ่ายหลังสถานะเป็นสำเร็จแล้วเท่านั้น,คำสั่งซื้อจากร้านค้าต่างกัน,ที่มีอยู่,2599adboostco,paris,mng,m01BMavk0821,,Facebook
250908VR54RWJW,ยกเลิก,210988015268766,2025-09-08 06:46:55,--,2025-09-08 06:41:15,Yuedpao - ยืดเปล่า Official Store,240723932,Shopee Mall(Non-CB),41400048187,Yuedpao Sportswear เสื้อออกกำลังกายแขนกุด เสื้อกีฬา เสื้อกล้ามออกกำลังกาย เสื้อสำหรับวิ่ง Ultra Flow Sleeveless,290002806348,Normal Product,,กีฬาและกิจกรรมกลางแจ้ง,เสื้อผ้ากีฬา,เสื้อกีฬา,150,0,คอมมิชชั่นจากร้านค้า,,0,120,1.75%,0,10.00%,0,0,0,0,0,,0,0.00%,0,100.00%,0,ยกเลิก,ผู้ซื้อยกเลิกคำสั่งซื้อ.,สั่งซื้อในร้านค้าเดียวกัน,ที่มีอยู่,2599adboostco,paris,mng,m01YPf0821,,Facebook
250908VR54RWJW,ยกเลิก,210988015268766,2025-09-08 06:46:55,--,2025-09-08 06:41:15,Yuedpao - ยืดเปล่า Official Store,240723932,Shopee Mall(Non-CB),41400048187,Yuedpao Sportswear เสื้อออกกำลังกายแขนกุด เสื้อกีฬา เสื้อกล้ามออกกำลังกาย เสื้อสำหรับวิ่ง Ultra Flow Sleeveless,300002801460,Normal Product,,กีฬาและกิจกรรมกลางแจ้ง,เสื้อผ้ากีฬา,เสื้อกีฬา,150,0,คอมมิชชั่นจากร้านค้า,,0,118,1.75%,0,10.00%,0,0,0,0,0,,0,0.00%,0,100.00%,0,ยกเลิก,ผู้ซื้อยกเลิกคำสั่งซื้อ.,สั่งซื้อในร้านค้าเดียวกัน,ที่มีอยู่,2599adboostco,paris,mng,m01YPf0821,,Facebook
250908VR54RWJW,ยกเลิก,210988015268766,2025-09-08 06:46:55,--,2025-09-08 06:41:15,Yuedpao - ยืดเปล่า Official Store,240723932,Shopee Mall(Non-CB),26736371857,Yuedpao Sportswear กางเกงออกกำลังกายขาสั้น กางเกงวิ่ง 2in1 มีซับใน พร้อมกระเป๋าด้านข้าง Ultra Flow Running,248400936079,Normal Product,,กีฬาและกิจกรรมกลางแจ้ง,เสื้อผ้ากีฬา,กางเกง/กระโปรง,289,0,คอมมิชชั่นจากร้านค้า,,0,229,1.75%,0,10.00%,0,0,0,0,0,,0,0.00%,0,100.00%,0,ยกเลิก,ผู้ซื้อยกเลิกคำสั่งซื้อ.,สั่งซื้อในร้านค้าเดียวกัน,ที่มีอยู่,2599adboostco,paris,mng,m01YPf0821,,Facebook
250908VR54RWJW,ยกเลิก,210988015268766,2025-09-08 06:46:55,--,2025-09-08 06:41:15,Yuedpao - ยืดเปล่า Official Store,240723932,Shopee Mall(Non-CB),41400048187,Yuedpao Sportswear เสื้อออกกำลังกายแขนกุด เสื้อกีฬา เสื้อกล้ามออกกำลังกาย เสื้อสำหรับวิ่ง Ultra Flow Sleeveless,290002806330,Normal Product,,กีฬาและกิจกรรมกลางแจ้ง,เสื้อผ้ากีฬา,เสื้อกีฬา,150,0,คอมมิชชั่นจากร้านค้า,,0,121,1.75%,0,10.00%,0,0,0,0,0,,0,0.00%,0,100.00%,0,ยกเลิก,ผู้ซื้อยกเลิกคำสั่งซื้อ.,สั่งซื้อในร้านค้าเดียวกัน,ที่มีอยู่,2599adboostco,paris,mng,m01YPf0821,,Facebook
250908VR1R09TJ,รอดำเนินการ,210987901202483,2025-09-08 06:45:01,,2025-09-08 06:44:59,PROFILM,237954961,Preferred(Non-CB),20478849540,สเปรย์เคลือบเงา พรีเมี่ยม เคลือบพลาสติก เคลือบสีรถ เคลือบยางดำ เคลือบเบาะคอนโซล PROWAX PREMIUMWAX,127554691921,Normal Product,,รถยนต์ อะไหล่และอุปกรณ์เสริมรถยนต์,ผลิตภัณฑ์ดูแลรถยนต์,ผลิตภัณฑ์ล้างและเคลือบเงารถยนต์,119,1,คอมมิชชั่นจากร้านค้า,,101,,1.75%,1.7675,20.00%,20.2,21.9675,1.7675,20.2,21.9675,,0,0.00%,0,100.00%,21.9675,รอดำเนินการ,สถานะของสินค้านี้คือ อยู่ระหว่างดำเนินการ คอมมิชชั่นจะถูกคำนวณเพื่อจ่ายหลังสถานะเป็นสำเร็จแล้วเท่านั้น,สั่งซื้อในร้านค้าเดียวกัน,ที่มีอยู่,2599adboostco,paris,mng,m56ProwaVDO0905,,Facebook
250908VQSA41GU,ยกเลิก,210987618212549,2025-09-08 06:40:18,--,2025-09-07 17:10:17,ข้าวสารเม็ดสวยตราดอกจำปี,48838618,C2C(Non-CB),9571754062,ข้าวเหนียวเขี้ยวงูเชียงรายหอม อร่อยทุกเมล็ด เกรดคัดพิเศษขนาดบรรจุ 15 กิโลกรัม,93085230370,Normal Product,,อาหารและเครื่องดื่ม,วัตถุดิบ,ข้าวสาร,495,0,คอมมิชชั่นจากร้านค้า,,0,495,1.75%,0,7.00%,0,0,0,0,0,,0,0.00%,0,100.00%,0,ยกเลิก,ผู้ซื้อยกเลิกคำสั่งซื้อ.,คำสั่งซื้อจากร้านค้าต่างกัน,ที่มีอยู่,m39TohTan1125,tunis,mng,,,Websites
250908VQN8ECSA,รอดำเนินการ,210987482233152,2025-09-08 06:38:02,,2025-09-08 06:36:36,JJshop 888,347700833,Preferred(Non-CB),20273829574,"JJ shop 💜พร้อมส่ง ชุดบอดี้สูทลายลูกไม้เก๋ๆแต่งสายไขว้ข้างแอบเซ็กซี่ ""SS-5"" -H",137411523386,Normal Product,,เสื้อผ้าผู้หญิง,เสื้อ,บอดี้สูท,115,1,คอมมิชชั่นจากร้านค้า,,103,,1.50%,1.545,4.00%,4.12,5.665,1.545,4.12,5.665,,0,0.00%,0,100.00%,5.665,รอดำเนินการ,สถานะของสินค้านี้คือ อยู่ระหว่างดำเนินการ คอมมิชชั่นจะถูกคำนวณเพื่อจ่ายหลังสถานะเป็นสำเร็จแล้วเท่านั้น,สั่งซื้อในร้านค้าเดียวกัน,ที่มีอยู่,2599adboostco,paris,mng,m01jjshop0803,,Facebook
250908VQETEGNM,รอดำเนินการ,210987266236604,2025-09-08 06:34:27,,2025-09-08 06:31:21,F2C_shop,1034158666,Preferred(Non-CB),23274853841,F2C กระบอกน้ำสแตนเลส สูญญากาศ เก็บความร้อน-ความเย็น 500 มล.,176009242985,Normal Product,,เครื่องใช้ในบ้าน,เครื่องใช้บนโต๊ะอาหาร,ขวดน้ำ,61,1,คอมมิชชั่นจากร้านค้า,,46,,1.50%,0.69,10.00%,4.6,5.29,0.69,4.6,5.29,,0,0.00%,0,100.00%,5.29,รอดำเนินการ,สถานะของสินค้านี้คือ อยู่ระหว่างดำเนินการ คอมมิชชั่นจะถูกคำนวณเพื่อจ่ายหลังสถานะเป็นสำเร็จแล้วเท่านั้น,สั่งซื้อในร้านค้าเดียวกัน,ที่มีอยู่,2599adboostco,paris,mng,m01FahRain0805,,Others
250908VQCRNSSU,ยกเลิก,210987197268096,2025-09-08 06:33:17,--,2025-09-08 06:32:09,MY Fashion Girl,1093344908,C2C(Non-CB),29950873112,[ส่งจากกทม] My Girl เข็มขัดหนังแท้ หัวเข็มขัดสีทองวินเทจ หุ้มหนังทั้งเส้น เครื่องประดับแฟชั่น Unisex,157315870569,Normal Product,,เครื่องประดับ,เข็มขัด,,39,0,คอมมิชชั่นจากร้านค้า,,0,35,1.75%,0,15.00%,0,0,0,0,0,,0,0.00%,0,100.00%,0,ยกเลิก,ผู้ซื้อยกเลิกคำสั่งซื้อ.,คำสั่งซื้อจากร้านค้าต่างกัน,ที่มีอยู่,2599adboostco,paris,mng,m01YPf0821,,Others
250908VQCQR3HG,สำเร็จ,210987196298354,2025-09-08 06:33:16,2025-09-11 17:03:41,2025-09-06 10:12:06,Dense,1283823474,C2C(Non-CB),29881426611,ซื้อในไลฟ์ มีโค้ดลด 120🔥 MOTOWOLF MDL 080 ผ้าคลุมรถมอเตอร์ไซด์ กันฝุ่น กันน้ำ กันแดดพร้อมรูล็อคกุญแจ,237598938241,Normal Product,,รถมอเตอร์ไซค์ อะไหล่และอุปกรณ์เสริมมอเตอร์ไซค์,อุปกรณ์ตกแต่งมอเตอร์ไซค์,ผ้าคลุมมอเตอร์ไซค์,381,1,คอมมิชชั่นจากร้านค้า,,261,,1.75%,4.5675,7.00%,0,4.5675,4.5675,0,4.5675,,0,0.00%,0,100.00%,4.5675,สำเร็จ,,คำสั่งซื้อจากร้านค้าต่างกัน,ที่มีอยู่,2599adboostco,paris,mng,m01BMavk0821,,Facebook
250908VQBU1PSC,รอดำเนินการ,210987166200803,2025-09-08 06:32:46,,2025-09-08 06:30:12,Nasalee.,1220824351,Preferred(CB),24322848093,✨สินค้าพร้อมส่ง✨เสื้อยืดคอกลมลายร่วมกับ NASA ใส่ได้ทั้งชายและหญิง ผลิตจากผ้าคอตตอน 100% เหมาะสำหรับเยาวชน,246443855236,Normal Product,,เสื้อผ้าผู้ชาย,เสื้อ,เสื้อยืด,159,1,ดีลพิเศษเฉพาะคุณ,,128,,1.75%,2.24,25.00%,32,34.24,2.24,32,34.24,,0,0.00%,0,100.00%,34.24,รอดำเนินการ,สถานะของสินค้านี้คือ อยู่ระหว่างดำเนินการ คอมมิชชั่นจะถูกคำนวณเพื่อจ่ายหลังสถานะเป็นสำเร็จแล้วเท่านั้น,สั่งซื้อในร้านค้าเดียวกัน,ที่มีอยู่,2599adboostco,paris,mng,m06Nasa1228,,Facebook
250908VQ5JSUA5,รอดำเนินการ,210986956221014,2025-09-08 06:29:17,,2025-09-08 05:48:23,HD AUTO PARTS STORE,720369702,Preferred(Non-CB),27404972455,3M เทปแดง เทปกาวสองหน้า ตกแต่งรถยนต์ ขนาด 12mm x 2.5m แรงยึดติดสูง รหัส 4229,241172539512,Normal Product,,เครื่องใช้ในบ้าน,เครื่องมือและอุปกรณ์ปรับปรุงบ้าน,เทปและกาว,60,1,คอมมิชชั่นจาก Shopee,,48,,1.50%,0.72,0.00%,0,0.72,7.86,0,7.86,,0,0.00%,0,100.00%,7.86,รอดำเนินการ,สถานะของสินค้านี้คือ อยู่ระหว่างดำเนินการ คอมมิชชั่นจะถูกคำนวณเพื่อจ่ายหลังสถานะเป็นสำเร็จแล้วเท่านั้น,คำสั่งซื้อจากร้านค้าต่างกัน,ที่มีอยู่,2599adboostco,paris,mng,m01FahRain0805,,Facebook
250908VQ5JSUA5,รอดำเนินการ,210986956221014,2025-09-08 06:29:17,,2025-09-08 05:48:23,HD AUTO PARTS STORE,720369702,Preferred(Non-CB),23233920827,ใบปัดน้ำฝน BOSCH แท้ รุ่น Advantage ขนาด 12-26 นิ้ว ติดตั้งง่าย ปัดสะอาด มาตฐานเยอรมัน(เดี่ยว+คู่),214106855588,Normal Product,,รถยนต์ อะไหล่และอุปกรณ์เสริมรถยนต์,ชิ้นส่วนอะไหล่รถยนต์,ที่ปัดน้ำฝน และตัวชะล้าง,255,1,คอมมิชชั่นจาก Shopee,,204,,1.75%,3.57,0.00%,0,3.57,0,0,0,,0,0.00%,0,100.00%,0,รอดำเนินการ,สถานะของสินค้านี้คือ อยู่ระหว่างดำเนินการ คอมมิชชั่นจะถูกคำนวณเพื่อจ่ายหลังสถานะเป็นสำเร็จแล้วเท่านั้น,คำสั่งซื้อจากร้านค้าต่างกัน,ที่มีอยู่,2599adboostco,paris,mng,m01FahRain0805,,Facebook
250908VQ5JSUA5,รอดำเนินการ,210986956221014,2025-09-08 06:29:17,,2025-09-08 05:48:23,HD AUTO PARTS STORE,720369702,Preferred(Non-CB),23233920827,ใบปัดน้ำฝน BOSCH แท้ รุ่น Advantage ขนาด 12-26 นิ้ว ติดตั้งง่าย ปัดสะอาด มาตฐานเยอรมัน(เดี่ยว+คู่),214106855597,Normal Product,,รถยนต์ อะไหล่และอุปกรณ์เสริมรถยนต์,ชิ้นส่วนอะไหล่รถยนต์,ที่ปัดน้ำฝน และตัวชะล้าง,255,1,คอมมิชชั่นจาก Shopee,,204,,1.75%,3.57,0.00%,0,3.57,0,0,0,,0,0.00%,0,100.00%,0,รอดำเนินการ,สถานะของสินค้านี้คือ อยู่ระหว่างดำเนินการ คอมมิชชั่นจะถูกคำนวณเพื่อจ่ายหลังสถานะเป็นสำเร็จแล้วเท่านั้น,คำสั่งซื้อจากร้านค้าต่างกัน,ที่มีอยู่,2599adboostco,paris,mng,m01FahRain0805,,Facebook
250908VQ1AEPPG,รอดำเนินการ,210986813254985,2025-09-08 06:26:54,,2025-09-08 06:15:41,jboxes.th,199529390,C2C(CB),25793151123,"Hoka One One Skyline-Float X รองเท้าวิ่งข้ามประเทศ,หนาSoled Shock-Absorbing เพิ่มความสูงกีฬาปีนเขา Boot สําหรับผู้ชายและผู้หญิง",128272142644,Normal Product,,กีฬาและกิจกรรมกลางแจ้ง,รองเท้ากีฬา,รองเท้าวิ่ง,1198,1,คอมมิชชั่นจาก Shopee,,958,,1.75%,16.765,0.00%,0,16.765,16.765,0,16.765,,0,0.00%,0,100.00%,16.765,รอดำเนินการ,สถานะของสินค้านี้คือ อยู่ระหว่างดำเนินการ คอมมิชชั่นจะถูกคำนวณเพื่อจ่ายหลังสถานะเป็นสำเร็จแล้วเท่านั้น,คำสั่งซื้อจากร้านค้าต่างกัน,ที่มีอยู่,2599adboostco,paris,mng,m02Rooftop0623,,Facebook
250908VPVQKUS9,รอดำเนินการ,210986659282566,2025-09-08 06:24:19,,2025-09-08 05:31:31,Dr.Sleep_official,815633021,Shopee Mall(Non-CB),20822238893,Dr.Sleep - Sleep Helper นอนกรน แก้นอนกรน แผ่นแปะจมูก นอนกัดฟัน กันกรน แก้กรน ลดกรน,201165631842,Normal Product,,กลุ่มผลิตภัณฑ์เพื่อสุขภาพ,เครื่องมือและอุปกรณ์ในการดูแลสุขภาพ,ผลิตภัณฑ์ดูแลโพรงจมูก,90,2,คอมมิชชั่นจาก Shopee,,180,,1.50%,2.7,0.00%,0,2.7,2.7,0,2.7,,0,0.00%,0,100.00%,2.7,รอดำเนินการ,สถานะของสินค้านี้คือ อยู่ระหว่างดำเนินการ คอมมิชชั่นจะถูกคำนวณเพื่อจ่ายหลังสถานะเป็นสำเร็จแล้วเท่านั้น,คำสั่งซื้อจากร้านค้าต่างกัน,ที่มีอยู่,2599adboostco,paris,mng,m56Fazzi0830,,Facebook
250908VPN0JRDB,รอดำเนินการ,210986400257274,2025-09-08 06:20:01,,2025-09-08 05:53:05,Basesu digital.authorized.shop,80716556,Shopee Mall(Non-CB),8415998238,Baseus หัวชาร์จ+สายชาร์จไอโฟน Super Si Quick Charger 1C 20W CN Sets  หัวชาร์จเร็วไอโฟน Type-c To IP,126430494743,Normal Product,,มือถือและอุปกรณ์เสริม,อุปกรณ์เสริม,สายชาร์จและตัวแปลง,395,1,คอมมิชชั่นจากร้านค้า,,355,,1.50%,5.325,9.00%,0,5.325,7.335,0,7.335,,0,0.00%,0,100.00%,7.335,รอดำเนินการ,สถานะของสินค้านี้คือ อยู่ระหว่างดำเนินการ คอมมิชชั่นจะถูกคำนวณเพื่อจ่ายหลังสถานะเป็นสำเร็จแล้วเท่านั้น,คำสั่งซื้อจากร้านค้าต่างกัน,ที่มีอยู่,2599adboostco,paris,mng,m01KFdika0520,,Facebook
250908VPN0JRDB,รอดำเนินการ,210986400257274,2025-09-08 06:20:01,,2025-09-08 05:53:05,Basesu digital.authorized.shop,80716556,Shopee Mall(Non-CB),26974145990,Baseus สายชาร์จเร็ว TypeC to Ip 20W  Fast Charging สายชาร์จ ชาร์จเร็ว Quick charge,79512623164,Normal Product,,มือถือและอุปกรณ์เสริม,อื่นๆ,,149,1,คอมมิชชั่นจากร้านค้า,,134,,1.50%,2.01,9.00%,0,2.01,0,0,0,,0,0.00%,0,100.00%,0,รอดำเนินการ,สถานะของสินค้านี้คือ อยู่ระหว่างดำเนินการ คอมมิชชั่นจะถูกคำนวณเพื่อจ่ายหลังสถานะเป็นสำเร็จแล้วเท่านั้น,คำสั่งซื้อจากร้านค้าต่างกัน,ที่มีอยู่,2599adboostco,paris,mng,m01KFdika0520,,Facebook
250908VPEJHSVX,รอดำเนินการ,210986184214096,2025-09-08 06:16:24,,2025-09-08 05:53:02,aidderse.th,455591918,Preferred(CB),26806133652,COD💌💌ผ้าคลุมผม ผลไม้ พิมพ์ กลวง ผ้าโพกหัว Insสไตล์เกาหลี แฟชั่นสําหรับผู้หญิง ถัก การออกแบบ Dopamine-Aidderse,98966200992,Normal Product,,เครื่องประดับ,เครื่องประดับผม,ที่คาดผม,35,1,คอมมิชชั่นจากร้านค้า,,34,,1.75%,0.595,15.00%,0,0.595,0.595,0,0.595,,0,0.00%,0,100.00%,0.595,รอดำเนินการ,สถานะของสินค้านี้คือ อยู่ระหว่างดำเนินการ คอมมิชชั่นจะถูกคำนวณเพื่อจ่ายหลังสถานะเป็นสำเร็จแล้วเท่านั้น,คำสั่งซื้อจากร้านค้าต่างกัน,ที่มีอยู่,2599adboostco,paris,mng,m01kaofangMeow0303,,Facebook
250908VPB13R54,รอดำเนินการ,210986065262124,2025-09-08 06:14:26,,2025-09-08 06:10:43,j&j《♡》shop,143558029,Preferred(Non-CB),40700459132,((1แถม1=2กระสอบ))ดีว่าซีพลัสคอลลาเจน วิตมินซี1000มก.,188514289280,Normal Product,,กลุ่มผลิตภัณฑ์เพื่อสุขภาพ,อาหารเสริม,อาหารเสริมเพื่อความงาม,143,1,คอมมิชชั่นจาก Shopee,,128,,1.50%,1.92,0.00%,0,1.92,1.92,0,1.92,,0,0.00%,0,100.00%,1.92,รอดำเนินการ,สถานะของสินค้านี้คือ อยู่ระหว่างดำเนินการ คอมมิชชั่นจะถูกคำนวณเพื่อจ่ายหลังสถานะเป็นสำเร็จแล้วเท่านั้น,คำสั่งซื้อจากร้านค้าต่างกัน,ที่มีอยู่,2599adboostco,paris,mng,m06Nasa1228,,Facebook
250908VP7GJJMR,รอดำเนินการ,210985947261726,2025-09-08 06:12:27,,2025-09-08 06:09:13,9STORE BY CATZA MEOW Official,289705092,C2C(Non-CB),14283000817,MEOW ทรายแมวเต้าหู้ 10 ลิตร / ทรายแมวมันเต้า MEOW ออแกนิก 100% ทิ้งชักโครกได้,240008957290,Normal Product,,สัตว์เลี้ยง,ห้องน้ำและทราย,ทรายแมวและกระบะทรายแมว,165,1,คอมมิชชั่นจากร้านค้า,,140,,1.75%,2.45,8.00%,11.2,13.65,2.45,11.2,13.65,,0,0.00%,0,100.00%,13.65,รอดำเนินการ,สถานะของสินค้านี้คือ อยู่ระหว่างดำเนินการ คอมมิชชั่นจะถูกคำนวณเพื่อจ่ายหลังสถานะเป็นสำเร็จแล้วเท่านั้น,สั่งซื้อในร้านค้าเดียวกัน,ที่มีอยู่,2599adboostco,paris,mng,m01kaofangMeow0303,,Facebook
250908VP27QAWC,รอดำเนินการ,210985770208354,2025-09-08 06:09:30,,2025-09-08 06:06:25,TH -Shop,718606161,Preferred(Non-CB),21162788771,ชุดอุปกรณ์ตัดขนสุนัข ปัตตาเลี่ยนตัดขนสัตว์เลี้ยง ที่ตัดขนแมว ที่ตัดขนหมา 4in1 pet trimmer hairclipper พร้อมหัวที่่กรอเล็,221284404366,Normal Product,,สัตว์เลี้ยง,อุปกรณ์ทำความสะอาดและตกแต่งขน,อุปกรณ์ดูแลขนสัตว์เลี้ยง,295,1,คอมมิชชั่นจากร้านค้า,,249,,1.75%,4.3575,4.00%,9.96,14.3175,4.3575,9.96,14.3175,,0,0.00%,0,100.00%,14.3175,รอดำเนินการ,สถานะของสินค้านี้คือ อยู่ระหว่างดำเนินการ คอมมิชชั่นจะถูกคำนวณเพื่อจ่ายหลังสถานะเป็นสำเร็จแล้วเท่านั้น,สั่งซื้อในร้านค้าเดียวกัน,ที่มีอยู่,2599adboostco,paris,mng,m01PetKit0520,,Facebook
250908VNTU6VWE,รอดำเนินการ,210985522203892,2025-09-08 06:05:22,,2025-09-08 06:02:40,JamWow Store,346942397,Preferred(Non-CB),25630445419,ชุดนอน ชุดนอนกระโปรง ไซส์ใหญ่ 6XL อก 52 นิ้ว,241042272436,Normal Product,,เสื้อผ้าผู้หญิง,ชุดนอน,ชุดนอนกระโปรง,99,1,คอมมิชชั่นจาก Shopee,,88,,1.50%,1.32,0.00%,0,1.32,3.975,0,3.975,,0,0.00%,0,100.00%,3.975,รอดำเนินการ,สถานะของสินค้านี้คือ อยู่ระหว่างดำเนินการ คอมมิชชั่นจะถูกคำนวณเพื่อจ่ายหลังสถานะเป็นสำเร็จแล้วเท่านั้น,คำสั่งซื้อจากร้านค้าต่างกัน,ที่มีอยู่,2599adboostco,paris,mng,m56Fazzi0830,,Facebook
250908VNTU6VWE,รอดำเนินการ,210985522203892,2025-09-08 06:05:22,,2025-09-08 06:02:40,JamWow Store,346942397,Preferred(Non-CB),25630445419,ชุดนอน ชุดนอนกระโปรง ไซส์ใหญ่ 6XL อก 52 นิ้ว,241042272444,Normal Product,,เสื้อผ้าผู้หญิง,ชุดนอน,ชุดนอนกระโปรง,99,1,คอมมิชชั่นจาก Shopee,,89,,1.50%,1.335,0.00%,0,1.335,0,0,0,,0,0.00%,0,100.00%,0,รอดำเนินการ,สถานะของสินค้านี้คือ อยู่ระหว่างดำเนินการ คอมมิชชั่นจะถูกคำนวณเพื่อจ่ายหลังสถานะเป็นสำเร็จแล้วเท่านั้น,คำสั่งซื้อจากร้านค้าต่างกัน,ที่มีอยู่,2599adboostco,paris,mng,m56Fazzi0830,,Facebook
250908VNTU6VWE,รอดำเนินการ,210985522203892,2025-09-08 06:05:22,,2025-09-08 06:02:40,JamWow Store,346942397,Preferred(Non-CB),25630445419,ชุดนอน ชุดนอนกระโปรง ไซส์ใหญ่ 6XL อก 52 นิ้ว,295637610136,Normal Product,,เสื้อผ้าผู้หญิง,ชุดนอน,ชุดนอนกระโปรง,99,1,คอมมิชชั่นจาก Shopee,,88,,1.50%,1.32,0.00%,0,1.32,0,0,0,,0,0.00%,0,100.00%,0,รอดำเนินการ,สถานะของสินค้านี้คือ อยู่ระหว่างดำเนินการ คอมมิชชั่นจะถูกคำนวณเพื่อจ่ายหลังสถานะเป็นสำเร็จแล้วเท่านั้น,คำสั่งซื้อจากร้านค้าต่างกัน,ที่มีอยู่,2599adboostco,paris,mng,m56Fazzi0830,,Facebook
250908VNSJ6QEK,รอดำเนินการ,210985479206699,2025-09-08 06:04:39,,2025-09-08 05:40:06,Super Candy,1553543983,C2C(Non-CB),40758281261,SuperCandy🌷เสื้อยืดคอวีโอเวอร์ไซด์ style เสื้อยืดแขนสั้น สำหรับผู้หญิง ทำจากผ้าฝ้ายลินินและผ้าไหมน้ำแข็ง ทรงหลวม,295698322273,Normal Product,,เสื้อผ้าผู้หญิง,เสื้อ,เสื้อยืด,84,1,คอมมิชชั่นจาก Shopee,,84,,1.50%,1.26,0.00%,0,1.26,1.26,0,1.26,,0,0.00%,0,100.00%,1.26,รอดำเนินการ,สถานะของสินค้านี้คือ อยู่ระหว่างดำเนินการ คอมมิชชั่นจะถูกคำนวณเพื่อจ่ายหลังสถานะเป็นสำเร็จแล้วเท่านั้น,คำสั่งซื้อจากร้านค้าต่างกัน,ที่มีอยู่,2599adboostco,paris,mng,m01kaofangMeow0303,,Facebook
250908VNMTJHBK,รอดำเนินการ,210985320213793,2025-09-08 06:01:59,,2025-09-08 05:59:13,Satellite,295717564,Preferred(Non-CB),5650736040,【รับประกัน30ปี】ไฟโซล่าเซลล์ กันน้ำกลางแจ้ง ป้องกันฟ้าผ่า Solar light สว่างอัตโนมัติเมื่อฟ้ามืด,60881334342,Normal Product,367767283249167_0_0,เครื่องใช้ในบ้าน,โคมไฟและอุปกรณ์ให้แสงสว่าง,,88,1,คอมมิชชั่นจากร้านค้า,,85,,1.50%,1.275,10.00%,0,1.275,1.275,0,1.275,,0,0.00%,0,100.00%,1.275,รอดำเนินการ,สถานะของสินค้านี้คือ อยู่ระหว่างดำเนินการ คอมมิชชั่นจะถูกคำนวณเพื่อจ่ายหลังสถานะเป็นสำเร็จแล้วเท่านั้น,คำสั่งซื้อจากร้านค้าต่างกัน,ที่มีอยู่,2599adboostco,paris,mng,m56ProwaVDO0905,,Facebook
250908VNMTJHBK,รอดำเนินการ,210985320213793,2025-09-08 06:01:59,,2025-09-08 05:59:13,Satellite,295717564,Preferred(Non-CB),28307011652,บรรจุภัณฑ์คอลัมน์ฟอง ทำให้ผลิตภัณฑ์ไม่เสียหายอีกต่อไป ทนทาน ต่อต้านความเครียด สะดวกและปลอดภัย,223067348502,Normal Product,367767283249167_0_0,เครื่องใช้ในบ้าน,โคมไฟและอุปกรณ์ให้แสงสว่าง,,0,1,คอมมิชชั่นจากร้านค้า,,0,,1.50%,0,7.00%,0,0,0,0,0,,0,0.00%,0,100.00%,0,รอดำเนินการ,สถานะของสินค้านี้คือ อยู่ระหว่างดำเนินการ คอมมิชชั่นจะถูกคำนวณเพื่อจ่ายหลังสถานะเป็นสำเร็จแล้วเท่านั้น,คำสั่งซื้อจากร้านค้าต่างกัน,ที่มีอยู่,2599adboostco,paris,mng,m56ProwaVDO0905,,Facebook
250908VNMTJHBK,รอดำเนินการ,210985320213793,2025-09-08 06:01:59,,2025-09-08 05:59:13,Satellite,295717564,Preferred(Non-CB),40807283646,🚀พร้อมส่ง🚀การ์ตูนสร้างสรรค์นักบินอวกาศ Keyfob น่ารักนักบินอวกาศน้อยพวงกุญแจกระเป๋าจี้อุปกรณ์เสริมของขวัญเล็ก ๆ น้อย ๆ,290617006045,Normal Product,367767283249167_0_0,งานอดิเรกและของสะสม,ของที่ระลึก,พวงกุญแจ,0,1,คอมมิชชั่นจากร้านค้า,,0,,1.50%,0,7.00%,0,0,0,0,0,,0,0.00%,0,100.00%,0,รอดำเนินการ,สถานะของสินค้านี้คือ อยู่ระหว่างดำเนินการ คอมมิชชั่นจะถูกคำนวณเพื่อจ่ายหลังสถานะเป็นสำเร็จแล้วเท่านั้น,คำสั่งซื้อจากร้านค้าต่างกัน,ที่มีอยู่,2599adboostco,paris,mng,m56ProwaVDO0905,,Facebook
250908VNHGRJ7Y,รอดำเนินการ,210985209268115,2025-09-08 06:00:09,,2025-09-06 02:48:29,BaLd00,1088395802,C2C(Non-CB),41951101609,ที่ครอบรองเท้ากันฝน ถุงคลุมรองเท้า แบบใช้แล้วทิ้ง สีฟ้า สีขาว ทำจากวัสดุPEอย่างหนา ถุงเท้ากันน้ำ ทรงยาว กันน้ำ กันฝุ่น,290087803167,Normal Product,0_306443157180863_1,รองเท้าผู้หญิง,รองเท้าบูท,รองเท้าบูทกันฝน,26.5,2,คอมมิชชั่นจากร้านค้า,,51,,2.00%,1.02,7.00%,0,1.02,1.02,0,1.02,,0,0.00%,0,100.00%,1.02,รอดำเนินการ,สถานะของสินค้านี้คือ อยู่ระหว่างดำเนินการ คอมมิชชั่นจะถูกคำนวณเพื่อจ่ายหลังสถานะเป็นสำเร็จแล้วเท่านั้น,คำสั่งซื้อจากร้านค้าต่างกัน,ที่มีอยู่,2599adboostco,paris,mng,m56ProwaVDO0905,,Facebook
250908VN8JNXKY,สำเร็จ,210984909280743,2025-09-08 05:55:10,2025-09-10 14:23:17,2025-09-08 05:54:14,PROFILM,237954961,Preferred(Non-CB),20478849540,สเปรย์เคลือบเงา พรีเมี่ยม เคลือบพลาสติก เคลือบสีรถ เคลือบยางดำ เคลือบเบาะคอนโซล PROWAX PREMIUMWAX,127554691920,Normal Product,,รถยนต์ อะไหล่และอุปกรณ์เสริมรถยนต์,ผลิตภัณฑ์ดูแลรถยนต์,ผลิตภัณฑ์ล้างและเคลือบเงารถยนต์,299,1,คอมมิชชั่นจากร้านค้า,,269,,1.75%,4.7075,20.00%,53.8,58.5075,4.7075,53.8,58.5075,,0,0.00%,0,100.00%,58.5075,สำเร็จ,,สั่งซื้อในร้านค้าเดียวกัน,ที่มีอยู่,2599adboostco,paris,mng,m56ProwaVDO0905,,Facebook
250908VMW3FMR2,รอดำเนินการ,210984524240803,2025-09-08 05:48:45,,2025-09-08 05:37:35,_MB SHOP,84210927,Preferred(Non-CB),27174968848,12 คู่ Socksy ถุงเท้านักเรียน ถุงเท้าขาวพื้นเทากันลื่น มีปุ่มกันลื่นถึง300ปุ่ม รุ่น BN140,257572546189,Normal Product,,เสื้อผ้าผู้หญิง,ถุงเท้า และถุงน่อง,ถุงเท้า,179,1,คอมมิชชั่นจากร้านค้า,,161,,1.50%,2.415,7.00%,0,2.415,2.415,0,2.415,,0,0.00%,0,100.00%,2.415,รอดำเนินการ,สถานะของสินค้านี้คือ อยู่ระหว่างดำเนินการ คอมมิชชั่นจะถูกคำนวณเพื่อจ่ายหลังสถานะเป็นสำเร็จแล้วเท่านั้น,คำสั่งซื้อจากร้านค้าต่างกัน,ที่มีอยู่,2599adboostco,paris,mng,m01kaofangMeow0303,,Facebook
250908VMUE3YMQ,รอดำเนินการ,210984468292459,2025-09-08 05:47:48,,2025-09-08 05:46:40,Dika Mall,612712702,Preferred(Non-CB),28682564163,Dika 2 ชิ้นของเครื่องประดับตกแต่งหมีสำหรับหมวกกันน็อคมอเตอร์ไซค์สี เหมาะสำหรับมอเตอร์ไซค์และจักรยาน,167096436404,Normal Product,368347514875922_0_0,รถมอเตอร์ไซค์ อะไหล่และอุปกรณ์เสริมมอเตอร์ไซค์,หมวกกันน็อคและอุปกรณ์สวมใส่สำหรับขับขี่,,0,1,คอมมิชชั่นจากร้านค้า,,0,,1.75%,0,8.00%,0,0,9.0475,41.36,50.4075,,0,0.00%,0,100.00%,50.4075,รอดำเนินการ,สถานะของสินค้านี้คือ อยู่ระหว่างดำเนินการ คอมมิชชั่นจะถูกคำนวณเพื่อจ่ายหลังสถานะเป็นสำเร็จแล้วเท่านั้น,สั่งซื้อในร้านค้าเดียวกัน,ที่มีอยู่,2599adboostco,paris,mng,m01KFdika0520,,Facebook
250908VMUE3YMQ,รอดำเนินการ,210984468292459,2025-09-08 05:47:48,,2025-09-08 05:46:40,Dika Mall,612712702,Preferred(Non-CB),21491624016,DIKA หมวกกันน็อค แว่น2ชั้น หมวกกันน็อคเต็มใบ สามารถเปิดคางได้ Motorcycle Helmet  ปลอดภัย กันน้ำ,204488838464,Normal Product,368347514875922_0_0,รถมอเตอร์ไซค์ อะไหล่และอุปกรณ์เสริมมอเตอร์ไซค์,หมวกกันน็อคและอุปกรณ์สวมใส่สำหรับขับขี่,,578,1,คอมมิชชั่นจากร้านค้า,,517,,1.75%,9.0475,8.00%,41.36,50.4075,0,0,0,,0,0.00%,0,100.00%,0,รอดำเนินการ,สถานะของสินค้านี้คือ อยู่ระหว่างดำเนินการ คอมมิชชั่นจะถูกคำนวณเพื่อจ่ายหลังสถานะเป็นสำเร็จแล้วเท่านั้น,สั่งซื้อในร้านค้าเดียวกัน,ที่มีอยู่,2599adboostco,paris,mng,m01KFdika0520,,Facebook
250908VMNFCPQR,สำเร็จ,210984268298722,2025-09-08 05:44:28,2025-09-09 08:44:16,2025-09-08 05:41:13,อุปกรณ์ต่อพ่วงในรถยนต์,86647745,C2C(Non-CB),27376501795,ก้านปัดน้ำฝนใบปัดน้ำฝนตรงรุ่น TOYOTA ALTIS อัลติส ตั้งแต่ ปี 2001-2007 1ก่ลอง2ใบพร้อมยางพร้อมใช้งาน,166972001446,Normal Product,,รถยนต์ อะไหล่และอุปกรณ์เสริมรถยนต์,ชิ้นส่วนอะไหล่รถยนต์,ที่ปัดน้ำฝน และตัวชะล้าง,82,1,คอมมิชชั่นจากร้านค้า,,82,,1.75%,1.435,9.00%,0,1.435,1.435,0,1.435,,0,0.00%,0,100.00%,1.435,สำเร็จ,,คำสั่งซื้อจากร้านค้าต่างกัน,ที่มีอยู่,2599adboostco,paris,mng,m01FahRain0805,,Facebook
250908VMJ6E219,สำเร็จ,210984158246664,2025-09-08 05:42:39,2025-09-09 14:09:28,2025-09-08 05:41:20,TH -Shop,718606161,Preferred(Non-CB),21162788771,ชุดอุปกรณ์ตัดขนสุนัข ปัตตาเลี่ยนตัดขนสัตว์เลี้ยง ที่ตัดขนแมว ที่ตัดขนหมา 4in1 pet trimmer hairclipper พร้อมหัวที่่กรอเล็,184126265125,Normal Product,,สัตว์เลี้ยง,อุปกรณ์ทำความสะอาดและตกแต่งขน,อุปกรณ์ดูแลขนสัตว์เลี้ยง,270,1,คอมมิชชั่นจากร้านค้า,,227,,1.75%,3.9725,4.00%,9.08,13.0525,3.9725,9.08,13.0525,,0,0.00%,0,100.00%,13.0525,สำเร็จ,,สั่งซื้อในร้านค้าเดียวกัน,ที่มีอยู่,2599adboostco,paris,mng,m01PetKit0520,,Facebook
250908VMF38U9B,สำเร็จ,210984054263781,2025-09-08 05:40:55,2025-09-10 21:12:55,2025-09-08 05:36:14,บรรจงสร้าง เทรดดิ้ง,1220988116,Preferred(Non-CB),29552600936,(1 ชิ้น) กาวร้อน กาวร้อนญี่ปุ่นอย่างดี เอนกประสงค์ TH-5 ขนาด 20 กรัม,236436101642,Normal Product,,เครื่องเขียน,อุปกรณ์สำนักงานและโรงเรียน,กาว,9,2,คอมมิชชั่นจาก Shopee,,18,,1.75%,0.315,0.00%,0,0.315,0.69,0,0.69,,0,0.00%,0,100.00%,0.69,สำเร็จ,,คำสั่งซื้อจากร้านค้าต่างกัน,ที่มีอยู่,2599adboostco,paris,mng,m56ProwaVDO0905,,Facebook
250908VMF38U9B,สำเร็จ,210984054263781,2025-09-08 05:40:55,2025-09-10 21:12:55,2025-09-08 05:36:14,บรรจงสร้าง เทรดดิ้ง,1220988116,Preferred(Non-CB),28453852595,"(1 ชิ้น) ตลับเมตร หุ้มยาง ขนาด 3.5 เมตร, 5 เมตร, 7.5 เมตร, 10 เมตร (คละสี)",195201913063,Normal Product,,เครื่องใช้ในบ้าน,เครื่องมือและอุปกรณ์ปรับปรุงบ้าน,เครื่องมือช่าง,26,1,คอมมิชชั่นจาก Shopee,,25,,1.50%,0.375,0.00%,0,0.375,0,0,0,,0,0.00%,0,100.00%,0,สำเร็จ,,คำสั่งซื้อจากร้านค้าต่างกัน,ที่มีอยู่,2599adboostco,paris,mng,m56ProwaVDO0905,,Facebook
250908VMEK09HV,สำเร็จ,210984037208744,2025-09-08 05:40:37,2025-09-09 16:32:01,2025-09-08 05:22:27,PROFILM,237954961,Preferred(Non-CB),20478849540,สเปรย์เคลือบเงา พรีเมี่ยม เคลือบพลาสติก เคลือบสีรถ เคลือบยางดำ เคลือบเบาะคอนโซล PROWAX PREMIUMWAX,127554691921,Normal Product,,รถยนต์ อะไหล่และอุปกรณ์เสริมรถยนต์,ผลิตภัณฑ์ดูแลรถยนต์,ผลิตภัณฑ์ล้างและเคลือบเงารถยนต์,119,1,คอมมิชชั่นจากร้านค้า,,107,,1.75%,1.8725,20.00%,21.4,23.2725,1.8725,21.4,23.2725,,0,0.00%,0,100.00%,23.2725,สำเร็จ,,สั่งซื้อในร้านค้าเดียวกัน,ที่มีอยู่,2599adboostco,paris,mng,m56ProwaVDO0905,,Facebook
250908VMBD0210,รอดำเนินการ,210983930244152,2025-09-08 05:38:51,,2025-09-08 05:31:03,ANNARIN SHOP,318523751,C2C(Non-CB),21193828559,Knorr ผงมันฝรั่งบดละเอียดขนาด 500กรัม KNORR POTATO FLACK 500G,167896750629,Normal Product,,อาหารและเครื่องดื่ม,วัตถุดิบ,อาหารแห้ง,189,1,คอมมิชชั่นจาก Shopee,,154,,1.75%,2.695,0.00%,0,2.695,2.695,0,2.695,,0,0.00%,0,100.00%,2.695,รอดำเนินการ,สถานะของสินค้านี้คือ อยู่ระหว่างดำเนินการ คอมมิชชั่นจะถูกคำนวณเพื่อจ่ายหลังสถานะเป็นสำเร็จแล้วเท่านั้น,คำสั่งซื้อจากร้านค้าต่างกัน,ที่มีอยู่,2599adboostco,paris,mng,m01kaofangMeow0303,,Facebook
250908VM9X8BV2,รอดำเนินการ,210983991258767,2025-09-08 05:38:02,,2025-09-08 05:29:38,Rinda Shop,7801439,Preferred(Non-CB),1970621692,ฝักบัวหิน 6นิ้ว แรงดันสูง หินกรองสิ่งสกปรก หน้ากว้าง,13160309145,Normal Product,,เครื่องใช้ในบ้าน,ห้องน้ำ,ฝักบัว ก็อกน้ำ,99,1,คอมมิชชั่นจากร้านค้า,,99,,1.50%,1.485,4.00%,0,1.485,1.485,0,1.485,,0,0.00%,0,100.00%,1.485,รอดำเนินการ,สถานะของสินค้านี้คือ อยู่ระหว่างดำเนินการ คอมมิชชั่นจะถูกคำนวณเพื่อจ่ายหลังสถานะเป็นสำเร็จแล้วเท่านั้น,คำสั่งซื้อจากร้านค้าต่างกัน,ที่มีอยู่,2599adboostco,paris,mng,m01kaofangMeow0303,,Facebook
250908VM60DTA3,รอดำเนินการ,210983749295103,2025-09-08 05:35:49,,2025-09-08 05:26:03,ห้องโถงเสื้อผ้าผู้ชายแปลกใหม่,340902254,C2C(Non-CB),13270634755,เสื้อยืดผู้ชายคลาสสิกแขนเจ็ดจุดสี่สีลายที่แตกต่างกันสำหรับฉากที่แตกต่างกันธุรกิจลำลองที่จำเป็น,141854754655,Normal Product,,เสื้อผ้าผู้ชาย,เสื้อ,เสื้อเชิ้ต,255,1,คอมมิชชั่นจากร้านค้า,,204,,1.75%,3.57,7.00%,0,3.57,8.505,0,8.505,,0,0.00%,0,100.00%,8.505,รอดำเนินการ,สถานะของสินค้านี้คือ อยู่ระหว่างดำเนินการ คอมมิชชั่นจะถูกคำนวณเพื่อจ่ายหลังสถานะเป็นสำเร็จแล้วเท่านั้น,คำสั่งซื้อจากร้านค้าต่างกัน,ที่มีอยู่,2599adboostco,paris,mng,m01FahRain0805,,Facebook
250908VM60DTA3,รอดำเนินการ,210983749295103,2025-09-08 05:35:49,,2025-09-08 05:26:03,ห้องโถงเสื้อผ้าผู้ชายแปลกใหม่,340902254,C2C(Non-CB),15608827434,✢✇❆ เสื้อสเวตเตอร์กันหนาวผู้ชายย้อนยุค ins สไตล์ฮ่องกงฤดูหนาว แจ็คเก็ตหลวม สไตล์คาร์ดิแกน,150401212198,Normal Product,,เสื้อผ้าผู้ชาย,สเวตเตอร์และคาร์ดิแกน,,353,1,คอมมิชชั่นจากร้านค้า,,282,,1.75%,4.935,7.00%,0,4.935,0,0,0,,0,0.00%,0,100.00%,0,รอดำเนินการ,สถานะของสินค้านี้คือ อยู่ระหว่างดำเนินการ คอมมิชชั่นจะถูกคำนวณเพื่อจ่ายหลังสถานะเป็นสำเร็จแล้วเท่านั้น,คำสั่งซื้อจากร้านค้าต่างกัน,ที่มีอยู่,2599adboostco,paris,mng,m01FahRain0805,,Facebook
250908VM3DDMYE,รอดำเนินการ,210983662255595,2025-09-08 05:34:22,,2025-09-08 05:17:53,zsiga.th,1277887461,C2C(CB),26888249281,โบว์แมวน่ารัก Avatar เหมาะสําหรับ iPhone 16 14ProMax 13Pro 15plus 12ProMax 11ProMax 15Pro 16Pro 13ProMax 15ProMax 16plus 14Pro โ,275593205661,Normal Product,,มือถือและอุปกรณ์เสริม,อุปกรณ์เสริม,เคสมือถือและแท็บเล็ต,37,1,คอมมิชชั่นจากร้านค้า,,31,,1.50%,0.465,2.00%,0,0.465,1.335,0,1.335,,0,0.00%,0,100.00%,1.335,รอดำเนินการ,สถานะของสินค้านี้คือ อยู่ระหว่างดำเนินการ คอมมิชชั่นจะถูกคำนวณเพื่อจ่ายหลังสถานะเป็นสำเร็จแล้วเท่านั้น,คำสั่งซื้อจากร้านค้าต่างกัน,ที่มีอยู่,2599adboostco,paris,mng,m01KFdika0520,,Facebook
250908VM3DDMYE,รอดำเนินการ,210983662255595,2025-09-08 05:34:22,,2025-09-08 05:17:53,zsiga.th,1277887461,C2C(CB),27887657802,เคสสาวฟอนนี่อนิเมะส่วนตัวสำหรับ iPhone 11 15Pro 14ProMax 7/8 Plus XS XR 15ProMax 16ProMax XSAMX 12/14Pro 16Pro 13ProMax 15plus เ,243527033600,Normal Product,,มือถือและอุปกรณ์เสริม,อุปกรณ์เสริม,เคสมือถือและแท็บเล็ต,29,1,คอมมิชชั่นจากร้านค้า,,25,,1.50%,0.375,2.00%,0,0.375,0,0,0,,0,0.00%,0,100.00%,0,รอดำเนินการ,สถานะของสินค้านี้คือ อยู่ระหว่างดำเนินการ คอมมิชชั่นจะถูกคำนวณเพื่อจ่ายหลังสถานะเป็นสำเร็จแล้วเท่านั้น,คำสั่งซื้อจากร้านค้าต่างกัน,ที่มีอยู่,2599adboostco,paris,mng,m01KFdika0520,,Facebook
250908VM3DDMYE,รอดำเนินการ,210983662255595,2025-09-08 05:34:22,,2025-09-08 05:17:53,zsiga.th,1277887461,C2C(CB),29620682646,เคสมือถือลายหมีพูห์แบบเรียบง่ายสำหรับ iPhone 15pro 16pro กันกระแทก14 15 16 PROMAX ซิลิโคน12PROMAX 13 12 Pro หนังลาย11PROMAX 15เค,252254088483,Normal Product,,มือถือและอุปกรณ์เสริม,อุปกรณ์เสริม,เคสมือถือและแท็บเล็ต,39,1,คอมมิชชั่นจากร้านค้า,,33,,1.50%,0.495,2.00%,0,0.495,0,0,0,,0,0.00%,0,100.00%,0,รอดำเนินการ,สถานะของสินค้านี้คือ อยู่ระหว่างดำเนินการ คอมมิชชั่นจะถูกคำนวณเพื่อจ่ายหลังสถานะเป็นสำเร็จแล้วเท่านั้น,คำสั่งซื้อจากร้านค้าต่างกัน,ที่มีอยู่,2599adboostco,paris,mng,m01KFdika0520,,Facebook
250908VM1YNKQT,รอดำเนินการ,210983614275327,2025-09-08 05:33:34,,2025-09-08 05:26:51,YESSA SHOP,526935247,C2C(Non-CB),22256639287,🍃พร้อมส่ง🍃รองเท้าน้ำหนักเบารองเท้าปีนเขา ตาข่ายระบายอากาศ พื้นนุ่ม กันลื่น สวมใส่สบาย ระบายอากาศได้ดี,167893105056,Normal Product,,กีฬาและกิจกรรมกลางแจ้ง,รองเท้ากีฬา,รองเท้าเดินป่า,139,1,คอมมิชชั่นจาก Shopee,,129,,1.75%,2.2575,0.00%,0,2.2575,2.2575,0,2.2575,,0,0.00%,0,100.00%,2.2575,รอดำเนินการ,สถานะของสินค้านี้คือ อยู่ระหว่างดำเนินการ คอมมิชชั่นจะถูกคำนวณเพื่อจ่ายหลังสถานะเป็นสำเร็จแล้วเท่านั้น,คำสั่งซื้อจากร้านค้าต่างกัน,ที่มีอยู่,2599adboostco,paris,mng,m01Tik0803,,Facebook
250908VKRXN97S,รอดำเนินการ,210983311232213,2025-09-08 05:28:31,,2025-09-08 05:19:59,Yuedpao - ยืดเปล่า Official Store,240723932,Shopee Mall(Non-CB),41400048187,Yuedpao Sportswear เสื้อออกกำลังกายแขนกุด เสื้อกีฬา เสื้อกล้ามออกกำลังกาย เสื้อสำหรับวิ่ง Ultra Flow Sleeveless,290002806349,Normal Product,,กีฬาและกิจกรรมกลางแจ้ง,เสื้อผ้ากีฬา,เสื้อกีฬา,150,1,คอมมิชชั่นจากร้านค้า,,133,,1.75%,2.3275,10.00%,13.3,15.6275,5.2675,30.1,35.3675,,0,0.00%,0,100.00%,35.3675,รอดำเนินการ,สถานะของสินค้านี้คือ อยู่ระหว่างดำเนินการ คอมมิชชั่นจะถูกคำนวณเพื่อจ่ายหลังสถานะเป็นสำเร็จแล้วเท่านั้น,สั่งซื้อในร้านค้าเดียวกัน,ที่มีอยู่,2599adboostco,paris,mng,m01YPf0821,,Facebook
250908VKRXN97S,รอดำเนินการ,210983311232213,2025-09-08 05:28:31,,2025-09-08 05:19:59,Yuedpao - ยืดเปล่า Official Store,240723932,Shopee Mall(Non-CB),44100035741,Yuedpao Sportswear เสื้อออกกำลังกาย เสื้อกีฬา ระบายอากาศได้ดี เสื้อสำหรับวิ่ง Ultra Flow Training shirt,300002049464,Normal Product,,กีฬาและกิจกรรมกลางแจ้ง,เสื้อผ้ากีฬา,เสื้อกีฬา,190,1,คอมมิชชั่นจากร้านค้า,,168,,1.75%,2.94,10.00%,16.8,19.74,0,0,0,,0,0.00%,0,100.00%,0,รอดำเนินการ,สถานะของสินค้านี้คือ อยู่ระหว่างดำเนินการ คอมมิชชั่นจะถูกคำนวณเพื่อจ่ายหลังสถานะเป็นสำเร็จแล้วเท่านั้น,สั่งซื้อในร้านค้าเดียวกัน,ที่มีอยู่,2599adboostco,paris,mng,m01YPf0821,,Facebook
250908VKM0AHK2,รอดำเนินการ,210983145209298,2025-09-08 05:25:45,,2025-09-08 05:20:09,9STORE BY CATZA MEOW Official,289705092,C2C(Non-CB),14283000817,MEOW ทรายแมวเต้าหู้ 10 ลิตร / ทรายแมวมันเต้า MEOW ออแกนิก 100% ทิ้งชักโครกได้,245008957090,Normal Product,,สัตว์เลี้ยง,ห้องน้ำและทราย,ทรายแมวและกระบะทรายแมว,169,1,คอมมิชชั่นจากร้านค้า,,135,,1.75%,2.3625,8.00%,10.8,13.1625,4.6725,21.36,26.0325,,0,0.00%,0,100.00%,26.0325,รอดำเนินการ,สถานะของสินค้านี้คือ อยู่ระหว่างดำเนินการ คอมมิชชั่นจะถูกคำนวณเพื่อจ่ายหลังสถานะเป็นสำเร็จแล้วเท่านั้น,สั่งซื้อในร้านค้าเดียวกัน,ที่มีอยู่,2599adboostco,paris,mng,m01kaofangMeow0303,,Facebook
250908VKM0AHK2,รอดำเนินการ,210983145209298,2025-09-08 05:25:45,,2025-09-08 05:20:09,9STORE BY CATZA MEOW Official,289705092,C2C(Non-CB),14283000817,MEOW ทรายแมวเต้าหู้ 10 ลิตร / ทรายแมวมันเต้า MEOW ออแกนิก 100% ทิ้งชักโครกได้,240008957289,Normal Product,,สัตว์เลี้ยง,ห้องน้ำและทราย,ทรายแมวและกระบะทรายแมว,165,1,คอมมิชชั่นจากร้านค้า,,132,,1.75%,2.31,8.00%,10.56,12.87,0,0,0,,0,0.00%,0,100.00%,0,รอดำเนินการ,สถานะของสินค้านี้คือ อยู่ระหว่างดำเนินการ คอมมิชชั่นจะถูกคำนวณเพื่อจ่ายหลังสถานะเป็นสำเร็จแล้วเท่านั้น,สั่งซื้อในร้านค้าเดียวกัน,ที่มีอยู่,2599adboostco,paris,mng,m01kaofangMeow0303,,Facebook
250908VKJ756NA,รอดำเนินการ,210983085254543,2025-09-08 05:24:46,,2025-09-08 05:19:15,LOVITO OFFICIAL STORE,446091597,Preferred(CB),42317057629,(New) Lovito ชุดเดรสลูกไม้สบายๆ โทนสีบล็อก สีกรมท่า สำหรับผู้หญิง สุภาพฤดูใบไม้ผลิ/ฤดูร้อน L151AD417,296408350047,Normal Product,,เสื้อผ้าผู้หญิง,เดรส,,232,1,คอมมิชชั่นจากร้านค้า,,141,,1.50%,2.115,7.00%,0,2.115,2.115,0,2.115,,0,0.00%,0,100.00%,2.115,รอดำเนินการ,สถานะของสินค้านี้คือ อยู่ระหว่างดำเนินการ คอมมิชชั่นจะถูกคำนวณเพื่อจ่ายหลังสถานะเป็นสำเร็จแล้วเท่านั้น,คำสั่งซื้อจากร้านค้าต่างกัน,ที่มีอยู่,2599adboostco,paris,mng,m56ProwaVDO0905,,Facebook
250908VB9KGB66,รอดำเนินการ,210974206288206,2025-09-08 02:56:47,,2025-09-08 02:31:11,hannahrak,1207546043,C2C(Non-CB),29322171242,(ส่งจากกรุงเทพฯ)ชุดแซกสั้น~ลายมังกรหงส์+ตัวอักษรจีน~แขนสั้นกระดุมจีนซิบข้าง,247372572485,Normal Product,,เสื้อผ้าผู้หญิง,เสื้อพื้นเมือง,เดรสพื้นเมือง,249,1,คอมมิชชั่นจากร้านค้า,,189,,1.50%,2.835,10.00%,0,2.835,2.835,0,2.835,,0,0.00%,0,100.00%,2.835,รอดำเนินการ,สถานะของสินค้านี้คือ อยู่ระหว่างดำเนินการ คอมมิชชั่นจะถูกคำนวณเพื่อจ่ายหลังสถานะเป็นสำเร็จแล้วเท่านั้น,คำสั่งซื้อจากร้านค้าต่างกัน,ที่มีอยู่,2599adboostco,paris,mng,m02Rooftop0706,,Facebook
250908VB9KGB65,รอดำเนินการ,210974206288206,2025-09-08 02:56:47,,2025-09-08 02:31:11,CYD SHOP,306129356,C2C(Non-CB),4153600777,(TZ02)Cheongsam ชุดจีนสำหรับบผู้ชาย ปักลายมังกร ปลายแขนสีทอง,31096046075,Normal Product,,เสื้อผ้าผู้หญิง,เสื้อพื้นเมือง,เดรสพื้นเมือง,399,1,คอมมิชชั่นจาก Shopee,,306,,1.50%,4.59,0.00%,0,4.59,4.59,0,4.59,,0,0.00%,0,100.00%,4.59,รอดำเนินการ,สถานะของสินค้านี้คือ อยู่ระหว่างดำเนินการ คอมมิชชั่นจะถูกคำนวณเพื่อจ่ายหลังสถานะเป็นสำเร็จแล้วเท่านั้น,คำสั่งซื้อจากร้านค้าต่างกัน,ที่มีอยู่,2599adboostco,paris,mng,m02Rooftop0706,,Facebook
250908V61B1K3T,สำเร็จ,210968560269048,2025-09-08 01:22:40,2025-09-10 23:18:30,2025-09-06 03:32:19,Bento Motobike,1134746969,C2C(Non-CB),15799822751,กาวทาปะเก็น (ดำ/แดง/ฟ้า) ซิลิโคลน RTV HI-TEMP SILICONE ขนาด 100 กรัม ทนความร้อน 260 องศา,240285167167,Normal Product,,เครื่องใช้ในบ้าน,เครื่องมือและอุปกรณ์ปรับปรุงบ้าน,เทปและกาว,49,1,คอมมิชชั่นจาก Shopee,,49,,1.50%,0.735,0.00%,0,0.735,0.735,0,0.735,,0,0.00%,0,100.00%,0.735,สำเร็จ,,คำสั่งซื้อจากร้านค้าต่างกัน,ที่มีอยู่,39184846,tunis,mng,m39True1215,,Websites
250908V4SA8V01,รอดำเนินการ,210967217273217,2025-09-08 01:00:18,,2025-09-08 00:56:21,todibeautyshop56,558565498,C2C(Non-CB),29153004924,แว็กซ์ โพเมด จัดแต่งทรงผม ฮอฟแมน HOFFMAN POMADE WATER BASED ขนาด 100 G,246031726519,Normal Product,,ผลิตภัณฑ์บำรุงและเสริมความงาม,ผลิตภัณฑ์ดูแลผม,ผลิตภัณฑ์จัดแต่งทรงผม,195,1,คอมมิชชั่นจาก Shopee,,175,,1.75%,3.0625,0.00%,0,3.0625,3.0625,0,3.0625,,0,0.00%,0,100.00%,3.0625,รอดำเนินการ,สถานะของสินค้านี้คือ อยู่ระหว่างดำเนินการ คอมมิชชั่นจะถูกคำนวณเพื่อจ่ายหลังสถานะเป็นสำเร็จแล้วเท่านั้น,คำสั่งซื้อจากร้านค้าต่างกัน,ที่มีอยู่,2599adboostco,paris,mng,m02Rooftop0706,,Facebook
250908V03G3CYJ,รอดำเนินการ,210962190227629,2025-09-07 23:36:30,,2025-09-06 21:42:02,Thaiwatsadu Official Store,404498696,Shopee Mall(Non-CB),20019218335,KASSA ขอแขวนฝักบัว รุ่น KS-5020 สีขาว,201032449285,Normal Product,,เครื่องใช้ในบ้าน,ห้องน้ำ,ฝักบัว ก็อกน้ำ,48,1,คอมมิชชั่นจาก Shopee,,41,,1.50%,0.615,0.00%,0,0.615,7.185,0,7.185,,0,0.00%,0,100.00%,7.185,รอดำเนินการ,สถานะของสินค้านี้คือ อยู่ระหว่างดำเนินการ คอมมิชชั่นจะถูกคำนวณเพื่อจ่ายหลังสถานะเป็นสำเร็จแล้วเท่านั้น,คำสั่งซื้อจากร้านค้าต่างกัน,ที่มีอยู่,241225adboostco,paris,mng,m06Nasa1228,m06Nasa1228photo,Others
250908V03G3CYJ,รอดำเนินการ,210962190227629,2025-09-07 23:36:30,,2025-09-06 21:42:02,Thaiwatsadu Official Store,404498696,Shopee Mall(Non-CB),17618652550,KASSA HOME กล่องอเนกประสงค์พร้อมล้อและฝาล็อก 70 ลิตร Fiona รุ่น JCJ-5117 ขนาด 63 x 42 x 36.5 ซม.,124540377781,Normal Product,,เครื่องใช้ในบ้าน,อุปกรณ์สำหรับจัดเก็บ,กล่องเก็บของ และตะกร้า,258,2,คอมมิชชั่นจาก Shopee,,438,,1.50%,6.57,0.00%,0,6.57,0,0,0,,0,0.00%,0,100.00%,0,รอดำเนินการ,สถานะของสินค้านี้คือ อยู่ระหว่างดำเนินการ คอมมิชชั่นจะถูกคำนวณเพื่อจ่ายหลังสถานะเป็นสำเร็จแล้วเท่านั้น,คำสั่งซื้อจากร้านค้าต่างกัน,ที่มีอยู่,241225adboostco,paris,mng,m06Nasa1228,m06Nasa1228photo,Others
250908UXQASYB2,รอดำเนินการ,210960708276708,2025-09-07 23:11:49,,2025-09-06 08:48:41,MMM.Shop,30002461,Preferred(Non-CB),5376756134,เครื่องหนีบผมตรง รุ่น CKL-719,24081069746,Normal Product,,ผลิตภัณฑ์บำรุงและเสริมความงาม,เครื่องมือแต่งหน้า,เครื่องทำผม,145,1,คอมมิชชั่นจาก Shopee,,130,,1.75%,2.275,0.00%,0,2.275,2.275,0,2.275,,0,0.00%,0,100.00%,2.275,รอดำเนินการ,สถานะของสินค้านี้คือ อยู่ระหว่างดำเนินการ คอมมิชชั่นจะถูกคำนวณเพื่อจ่ายหลังสถานะเป็นสำเร็จแล้วเท่านั้น,คำสั่งซื้อจากร้านค้าต่างกัน,ที่มีอยู่,2599adboostco,paris,mng,m01PetKit0520,,Facebook
250908UX2XG4JM,รอดำเนินการ,210960024285634,2025-09-07 23:00:24,,2025-09-06 21:24:04,SALE SALE SHOP,457314700,C2C(Non-CB),27527976628,Propoliz Mouth Spray สเปรย์พ่นคอ ลดอาการไอ ช่วยให้ชุ่มคอ บรรเทาเจ็บคอ ขนาด 15 มล.,159043050698,Normal Product,,กลุ่มผลิตภัณฑ์เพื่อสุขภาพ,ของใช้ส่วนตัว,ผลิตภัณฑ์ดูแลช่องปาก,102,2,คอมมิชชั่นจาก Shopee,,108,,1.50%,1.62,0.00%,0,1.62,1.62,0,1.62,,0,0.00%,0,100.00%,1.62,รอดำเนินการ,สถานะของสินค้านี้คือ อยู่ระหว่างดำเนินการ คอมมิชชั่นจะถูกคำนวณเพื่อจ่ายหลังสถานะเป็นสำเร็จแล้วเท่านั้น,คำสั่งซื้อจากร้านค้าต่างกัน,ที่มีอยู่,2599adboostco,paris,mng,m01KFdika0520,,Facebook
250907UWCYMNR1,รอดำเนินการ,210959287284894,2025-09-07 22:48:07,,2025-09-06 12:58:49,xindingvfe.th,1035843186,C2C(CB),44452662031,Clear Aquarium Skimmer ท่อ Spins Inflow Outflow น้ําพืชถังกรองทําความสะอาดถังปลาอุปกรณ์เสริม,265219970534,Normal Product,,สัตว์เลี้ยง,อุปกรณ์สำหรับสัตว์เลี้ยง,ตู้ปลาและอุปกรณ์เสริม,83,1,คอมมิชชั่นจากร้านค้า,,74,,1.75%,1.295,12.00%,0,1.295,1.295,0,1.295,,0,0.00%,0,100.00%,1.295,รอดำเนินการ,สถานะของสินค้านี้คือ อยู่ระหว่างดำเนินการ คอมมิชชั่นจะถูกคำนวณเพื่อจ่ายหลังสถานะเป็นสำเร็จแล้วเท่านั้น,คำสั่งซื้อจากร้านค้าต่างกัน,ที่มีอยู่,2599adboostco,paris,mng,m01kaofangMeow0303,,Facebook
250907UWCYMNR0,รอดำเนินการ,210959287284894,2025-09-07 22:48:07,,2025-09-06 12:58:49,aretes.th,1259759924,Preferred(CB),27425895959,"Arees อุปกรณ์ท่ออะคริลิค,90องศาข้อศอกถังทีเวย์ข้อต่อ,ที่มีคุณภาพสูง16 20มิลลิเมตรใสลูกแก้วปลายเสียบปลาพิพิธภัณฑ์สัตว์น้ําอุปกรณ์",118586252609,Normal Product,,สัตว์เลี้ยง,อุปกรณ์สำหรับสัตว์เลี้ยง,ตู้ปลาและอุปกรณ์เสริม,36,1,คอมมิชชั่นจาก Shopee,,33,,1.75%,0.5775,0.00%,0,0.5775,0.5775,0,0.5775,,0,0.00%,0,100.00%,0.5775,รอดำเนินการ,สถานะของสินค้านี้คือ อยู่ระหว่างดำเนินการ คอมมิชชั่นจะถูกคำนวณเพื่อจ่ายหลังสถานะเป็นสำเร็จแล้วเท่านั้น,คำสั่งซื้อจากร้านค้าต่างกัน,ที่มีอยู่,2599adboostco,paris,mng,m01kaofangMeow0303,,Facebook
250907UWCYMNQY,รอดำเนินการ,210959287284894,2025-09-07 22:48:07,,2025-09-06 12:58:49,Cha&Cho Garden,66622752,Preferred(Non-CB),8159685626,ฟุตวาล์วสวมท่อและอุปกรณ์ PVC ลิ้นน้ำไทย สีฟ้า,75624447896,Normal Product,,เครื่องใช้ในบ้าน,สวน,ระบบน้ำ,27,1,คอมมิชชั่นจากร้านค้า,,27,,1.50%,0.405,4.00%,0,0.405,0.405,0,0.405,,0,0.00%,0,100.00%,0.405,รอดำเนินการ,สถานะของสินค้านี้คือ อยู่ระหว่างดำเนินการ คอมมิชชั่นจะถูกคำนวณเพื่อจ่ายหลังสถานะเป็นสำเร็จแล้วเท่านั้น,คำสั่งซื้อจากร้านค้าต่างกัน,ที่มีอยู่,2599adboostco,paris,mng,m01kaofangMeow0303,,Facebook
250907UMY50G5U,สำเร็จ,210950233214986,2025-09-07 20:17:13,2025-09-10 20:19:41,2025-09-06 21:22:31,🚚About cars,789358949,C2C(Non-CB),29757225400,ระหว่างเบาะรถ กระเป๋าเก็บของในรถ เก็บของในรถ กระเป๋าเก็บของระหว่างเบาะรถ กระเป๋าหนังแขวนของในรถ,236623243899,Normal Product,,รถยนต์ อะไหล่และอุปกรณ์เสริมรถยนต์,อุปกรณ์เสริมภายในรถยนต์,ที่วางและเก็บของในรถยนต์,149,1,คอมมิชชั่นจากร้านค้า,,126,,1.75%,2.205,7.00%,0,2.205,2.205,0,2.205,,0,0.00%,0,100.00%,2.205,สำเร็จ,,คำสั่งซื้อจากร้านค้าต่างกัน,ที่มีอยู่,2599adboostco,paris,mng,m01PetKit0520,,Facebook
250907UMUV43RJ,สำเร็จ,210950123234984,2025-09-07 20:15:23,2025-09-11 16:21:23,2025-09-06 11:29:28,KAF ART FACTORY,18387877,Preferred(Non-CB),15694951588,หิ้งพระพิฆเนศ ทรงกลม ลายโอม ต้นโพธิ์ โมเดิร์น ชั้นวางพระ โต๊ะหมู่บูชา cir plus01-ac,220263562455,Normal Product,,เครื่องใช้ในบ้าน,สินค้าเกี่ยวกับฮวงจุ้ยและศาสนา,,1043,1,คอมมิชชั่นจากร้านค้า,,834,,1.50%,12.51,10.00%,0,12.51,12.51,0,12.51,,0,0.00%,0,100.00%,12.51,สำเร็จ,,คำสั่งซื้อจากร้านค้าต่างกัน,ที่มีอยู่,2599adboostco,paris,mng,m01PetKit0520,,Facebook
250907UMH1YGCA,สำเร็จ,210949760270041,2025-09-07 20:09:21,2025-09-11 12:17:58,2025-09-06 12:22:05,MrHome.Store,1409966456,Preferred(Non-CB),44212005488,เทป3M กาวสองหน้า 3m  เทปกาว 3M VHB รุ่นกาวดำเหนียวกว่า ติดรถยนต์ เทปกาว2หน้า3M ติดผนัง กันนํ้าทนความร้อน กาว3m,281005656234,Normal Product,,เครื่องใช้ในบ้าน,เครื่องมือและอุปกรณ์ปรับปรุงบ้าน,เทปและกาว,99,1,คอมมิชชั่นจากร้านค้า,,89,,1.50%,1.335,9.00%,0,1.335,1.335,0,1.335,,0,0.00%,0,100.00%,1.335,สำเร็จ,,คำสั่งซื้อจากร้านค้าต่างกัน,ที่มีอยู่,2599adboostco,paris,mng,m01jjshop0803,,Facebook
250907UMH1YGC9,สำเร็จ,210949760270041,2025-09-07 20:09:21,2025-09-10 12:56:46,2025-09-06 12:22:05,tatami.home,1148449805,Preferred(Non-CB),25906353553,ที่รองแก้ว ที่รองแก้ว หินชนวน ดูดซับน้ำ แห้งเร็ว ไม่ลื่น,235955995347,Normal Product,,เครื่องใช้ในบ้าน,เครื่องใช้บนโต๊ะอาหาร,แผ่นรองจานและที่รองแก้ว,53,1,คอมมิชชั่นจากร้านค้า,,45,,1.50%,0.675,13.00%,0,0.675,0.675,0,0.675,,0,0.00%,0,100.00%,0.675,สำเร็จ,,คำสั่งซื้อจากร้านค้าต่างกัน,ที่มีอยู่,2599adboostco,paris,mng,m01jjshop0803,,Facebook
250907UJ0RREYY,สำเร็จ,210947066259158,2025-09-07 19:24:26,2025-09-10 20:06:45,2025-09-06 18:02:14,Hemsuk Organic,171706516,Preferred(Non-CB),3856087110,"ผงกล้วยน้ำว้าดิบออร์แกนิค ""คำสุข"" (มีให้เลือกหลายสูตร)Organic Banana Powder ตัวช่วยลดกรดไหล​ย้อน​​ ป้องกันโรคกระเพาะ​",194033335457,Normal Product,,อาหารและเครื่องดื่ม,เครื่องดื่ม,เครื่องดื่มผงสําเร็จรูป,129,1,คอมมิชชั่นจากร้านค้า,,109,,1.75%,1.9075,4.00%,0,1.9075,1.9075,0,1.9075,,0,0.00%,0,100.00%,1.9075,สำเร็จ,,คำสั่งซื้อจากร้านค้าต่างกัน,ที่มีอยู่,2599adboostco,paris,mng,m06WRw0904,,Facebook
250907UHWV8RCR,สำเร็จ,210946969278188,2025-09-07 19:22:50,2025-09-09 20:53:37,2025-09-07 19:17:11,Petcho Official Shop,287201971,Shopee Mall(Non-CB),24984518818,Petcho ทรายอาบน้ำ สำหรับแฮมเตอร์ เม็ดทรายละเอียด ทำความสะอาดล้ำลึก ขจัดกลิ่น เหมาะสำหรับหนูแฮมสเตอร์ทุกสายพันธุ์,218421889741,Normal Product,0_333022490988766_1,สัตว์เลี้ยง,ห้องน้ำและทราย,ที่นอนและคอกสำหรับสัตว์เลี้ยงขนาดเล็ก,34.5,2,คอมมิชชั่นจากร้านค้า,,67,,1.75%,1.1725,7.00%,0,1.1725,2.3625,0,2.3625,,0,0.00%,0,100.00%,2.3625,สำเร็จ,,คำสั่งซื้อจากร้านค้าต่างกัน,ที่มีอยู่,39277545,tunis,mng,m39goodride0110,,Websites
250907UHWV8RCR,สำเร็จ,210946969278188,2025-09-07 19:22:50,2025-09-09 20:53:37,2025-09-07 19:17:11,Petcho Official Shop,287201971,Shopee Mall(Non-CB),24984518818,Petcho ทรายอาบน้ำ สำหรับแฮมเตอร์ เม็ดทรายละเอียด ทำความสะอาดล้ำลึก ขจัดกลิ่น เหมาะสำหรับหนูแฮมสเตอร์ทุกสายพันธุ์,218421889741,Normal Product,0_333022490988766_2,สัตว์เลี้ยง,ห้องน้ำและทราย,ที่นอนและคอกสำหรับสัตว์เลี้ยงขนาดเล็ก,34.5,2,คอมมิชชั่นจากร้านค้า,,68,,1.75%,1.19,7.00%,0,1.19,0,0,0,,0,0.00%,0,100.00%,0,สำเร็จ,,คำสั่งซื้อจากร้านค้าต่างกัน,ที่มีอยู่,39277545,tunis,mng,m39goodride0110,,Websites
250907UBPAD4DK,สำเร็จ,210940273203409,2025-09-07 17:31:13,2025-09-11 10:06:46,2025-09-06 09:41:30,Mss Shop,29364,Preferred(Non-CB),20204686026,BAOJI บาโอจิ รองเท้าผ้าใบผู้ชาย bjm670,172898987104,Normal Product,,รองเท้าผู้ชาย,รองเท้าผ้าใบ,,499,1,คอมมิชชั่นจากร้านค้า,,300,,1.75%,5.25,7.00%,0,5.25,10.5,0,10.5,,0,0.00%,0,100.00%,10.5,สำเร็จ,,คำสั่งซื้อจากร้านค้าต่างกัน,ที่มีอยู่,2599adboostco,paris,mng,m06WRw0904,,Facebook
250907UBPAD4DK,สำเร็จ,210940273203409,2025-09-07 17:31:13,2025-09-11 10:06:46,2025-09-06 09:41:30,Mss Shop,29364,Preferred(Non-CB),20204686026,BAOJI บาโอจิ รองเท้าผ้าใบผู้ชาย bjm670,172898987111,Normal Product,,รองเท้าผู้ชาย,รองเท้าผ้าใบ,,499,1,คอมมิชชั่นจากร้านค้า,,300,,1.75%,5.25,7.00%,0,5.25,0,0,0,,0,0.00%,0,100.00%,0,สำเร็จ,,คำสั่งซื้อจากร้านค้าต่างกัน,ที่มีอยู่,2599adboostco,paris,mng,m06WRw0904,,Facebook
250907UAFC0EVA,รอดำเนินการ,210938966269098,2025-09-07 17:09:26,,2025-09-06 11:58:10,DreamsTown Official Store,157892531,Shopee Mall(Non-CB),12770178851,Lunio ที่นอนยางพาราอัลตร้าไฮบริด เสริมพ็อกเก็ตสปริง ระบายความร้อนอย่างดี แน่น เด้ง ไม่ยวบ  รุ่น Quantum Max,243147258582,Normal Product,,เครื่องใช้ในบ้าน,ห้องนอน,ที่นอน,7590,1,คอมมิชชั่นจาก Shopee,,6072,,1.50%,91.08,0.00%,0,91.08,91.08,0,91.08,,0,0.00%,0,100.00%,91.08,รอดำเนินการ,สถานะของสินค้านี้คือ อยู่ระหว่างดำเนินการ คอมมิชชั่นจะถูกคำนวณเพื่อจ่ายหลังสถานะเป็นสำเร็จแล้วเท่านั้น,คำสั่งซื้อจากร้านค้าต่างกัน,ที่มีอยู่,2599adboostco,paris,mng,m01Tik0803,,Facebook
250907U9FKDCRP,สำเร็จ,210937900296886,2025-09-07 16:51:40,2025-09-11 07:06:43,2025-09-07 09:22:39,doony_doll,2731527,Preferred(Non-CB),24581732778,**มีทั้งหมด 8สี** รองเท้าหูหนีบ รองเท้าแตะช้างดาว ของแท้ Nanyang รองเท้าแตะนันยาง ตรา ช้างดาว,178241687679,Normal Product,,รองเท้าผู้ชาย,รองเท้าแตะ,รองเท้าแตะแบบหนีบ,99,1,คอมมิชชั่นจาก Shopee,,99,,1.75%,1.7325,0.00%,0,1.7325,1.7325,0,1.7325,,0,0.00%,0,100.00%,1.7325,สำเร็จ,,คำสั่งซื้อจากร้านค้าต่างกัน,ที่มีอยู่,2599adboostco,paris,mng,m01FahRain0805,,Facebook
250907U90JQ9D2,รอดำเนินการ,210937396259362,2025-09-07 16:43:17,,2025-09-07 16:33:00,น้ำพริกรุ่งเจริญ,168641227,Preferred(Non-CB),2813798206,ขายยกลังน้ำพริกนรก ตรารุ่งเจริญ ชนิดแพค 9 ถ้วยมินิ,62156694601,Normal Product,,อาหารและเครื่องดื่ม,เครื่องปรุง และส่วนผสมปรุงอาหาร,เครื่องปรุงและผงปรุงรส,518,1,คอมมิชชั่นจากร้านค้า,,393,,1.75%,6.8775,9.00%,0,6.8775,6.8775,0,6.8775,,0,0.00%,0,100.00%,6.8775,รอดำเนินการ,สถานะของสินค้านี้คือ อยู่ระหว่างดำเนินการ คอมมิชชั่นจะถูกคำนวณเพื่อจ่ายหลังสถานะเป็นสำเร็จแล้วเท่านั้น,คำสั่งซื้อจากร้านค้าต่างกัน,ที่มีอยู่,2599adboostco,paris,mng,m01PetKit0520,,Facebook
250907U8K8DWP5,รอดำเนินการ,210936949240844,2025-09-07 16:35:50,,2025-09-07 15:39:24,น้องน้ำทุเรียนทอดระยอง,122484434,Preferred(Non-CB),26072772161,ร้านน้องน้ำ ทุเรียนทอดเกรดA ขนาด1กิโลกรัม,242406634561,Normal Product,,อาหารและเครื่องดื่ม,ขนมขบเคี้ยว,เนื้อสัตว์และผลไม้อบแห้งสำหรับทานเล่น,1040,2,คอมมิชชั่นจาก Shopee,,1872,,1.75%,32.76,0.00%,0,32.76,32.76,0,32.76,,0,0.00%,0,100.00%,32.76,รอดำเนินการ,สถานะของสินค้านี้คือ อยู่ระหว่างดำเนินการ คอมมิชชั่นจะถูกคำนวณเพื่อจ่ายหลังสถานะเป็นสำเร็จแล้วเท่านั้น,คำสั่งซื้อจากร้านค้าต่างกัน,ที่มีอยู่,30083326,tunis,mng,m39Pramy1106,,Websites
250907U7XAYWYE,รอดำเนินการ,210936247299535,2025-09-07 16:24:07,,2025-09-06 10:06:15,BLIVO,1253880486,C2C(Non-CB),26153375901,แผ่นกันกัด ไม่ติดส้นเท้า แผ่นฟองน้ํารองส้นเท้า กันรองเท้าหลวม แบบนิ่ม รองเท้ากัด กาวบุ หนา 0.5CM 1 แพค 2pc,256058796994,Normal Product,,รองเท้าผู้หญิง,ผลิตภัณฑ์และอุปกรณ์เสริมสำหรับรองเท้า,แผ่นรองเท้าและแผ่นกันรองเท้ากัด,3,1,คอมมิชชั่นจาก Shopee,,3,,2.00%,0.06,0.00%,0,0.06,0.06,0,0.06,,0,0.00%,0,100.00%,0.06,รอดำเนินการ,สถานะของสินค้านี้คือ อยู่ระหว่างดำเนินการ คอมมิชชั่นจะถูกคำนวณเพื่อจ่ายหลังสถานะเป็นสำเร็จแล้วเท่านั้น,คำสั่งซื้อจากร้านค้าต่างกัน,ที่มีอยู่,2599adboostco,paris,mng,m01kaofangMeow0303,,Facebook
250907U7XAYWYD,สำเร็จ,210936247299535,2025-09-07 16:24:07,2025-09-08 20:40:14,2025-09-06 10:06:15,Baizhuo Shoes,1081042323,Preferred(Non-CB),22756141811,รองเท้าส้นสูง สีทึบ ส้นหนา หัวแหลม ใส่สบายใส่สวยมาก สูง8cm มีไซส์ 35-42 แฟชั่นหญิง ใส่เที่ยวใส่ทำงานได้#Q22,157033836620,Normal Product,,รองเท้าผู้หญิง,รองเท้าส้นสูง,,199,1,คอมมิชชั่นจากร้านค้า,,169,,2.00%,3.38,9.00%,0,3.38,3.38,0,3.38,,0,0.00%,0,100.00%,3.38,สำเร็จ,,คำสั่งซื้อจากร้านค้าต่างกัน,ที่มีอยู่,2599adboostco,paris,mng,m01kaofangMeow0303,,Facebook
250907U7E27F0F,รอดำเนินการ,210935701234664,2025-09-07 16:15:02,,2025-09-07 16:07:33,Puishop Cosme แม่ค้าตัวกลมใจดี,143422004,C2C(Non-CB),24966000758,ป้ายไทย BENEFIT COSMETICS Tinted Cheek & Lip Stain (Benetint/Chachatint/Lovetint/Gogotint/PlayTint/Floratint),250391636986,Normal Product,,ผลิตภัณฑ์บำรุงและเสริมความงาม,เครื่องสําอาง,เครื่องสำอางสำหรับริมฝีปาก,845,1,คอมมิชชั่นจาก Shopee,,830,,1.75%,14.525,0.00%,0,14.525,14.525,0,14.525,,0,0.00%,0,100.00%,14.525,รอดำเนินการ,สถานะของสินค้านี้คือ อยู่ระหว่างดำเนินการ คอมมิชชั่นจะถูกคำนวณเพื่อจ่ายหลังสถานะเป็นสำเร็จแล้วเท่านั้น,คำสั่งซื้อจากร้านค้าต่างกัน,ที่มีอยู่,30595585,tunis,mng,m39Pinku1215,,Websites
250907U7E27F0E,รอดำเนินการ,210935701234664,2025-09-07 16:15:02,,2025-09-07 16:07:33,Cosmeticmore,19803015,Preferred(Non-CB),2013050799,พร้อมส่ง! ❤️ benefit benetint cheek & lip stain 2.5ml/4ml/6ml,48598589720,Normal Product,,ผลิตภัณฑ์บำรุงและเสริมความงาม,เครื่องสําอาง,เครื่องสำอางสำหรับริมฝีปาก,790,1,คอมมิชชั่นจาก Shopee,,790,,1.75%,13.825,0.00%,0,13.825,13.825,0,13.825,,0,0.00%,0,100.00%,13.825,รอดำเนินการ,สถานะของสินค้านี้คือ อยู่ระหว่างดำเนินการ คอมมิชชั่นจะถูกคำนวณเพื่อจ่ายหลังสถานะเป็นสำเร็จแล้วเท่านั้น,คำสั่งซื้อจากร้านค้าต่างกัน,ที่มีอยู่,30595585,tunis,mng,m39Pinku1215,,Websites
250907U5JRE6YC,สำเร็จ,210933711258385,2025-09-07 15:41:52,2025-09-10 23:39:00,2025-09-07 15:39:21,KONVY_Official Shop,70998059,Shopee Mall(Non-CB),28490097259,Konvy Facial Cotton 240pcs สำลีแผ่นสำหรับเช็ดหน้า 240 แผ่น.,198655940576,Normal Product,,ผลิตภัณฑ์บำรุงและเสริมความงาม,เครื่องมือแต่งหน้า,อุปกรณ์แต่งหน้า,129,1,คอมมิชชั่นจาก Shopee,,103,,0.00%,0,0.00%,0,0,0,0,0,,0,0.00%,0,100.00%,0,สำเร็จ,,สั่งซื้อในร้านค้าเดียวกัน,ที่มีอยู่,,,,,,Shopeevideo-Shopee
250907U5JRE6YC,สำเร็จ,210933711258385,2025-09-07 15:41:52,2025-09-10 23:39:00,2025-09-07 15:39:21,KONVY_Official Shop,70998059,Shopee Mall(Non-CB),29090432673,4U2 Fruity Tint 3g โฟร์ยูทู ลิปทินท์น้ำเนื้อเจล,258792613623,Normal Product,,ผลิตภัณฑ์บำรุงและเสริมความงาม,เครื่องสําอาง,เครื่องสำอางสำหรับริมฝีปาก,99,1,คอมมิชชั่นจาก Shopee,,80,,0.00%,0,0.00%,0,0,0,0,0,,0,0.00%,0,100.00%,0,สำเร็จ,,สั่งซื้อในร้านค้าเดียวกัน,ที่มีอยู่,,,,,,Shopeevideo-Shopee
250907U5JRE6YC,สำเร็จ,210933711258385,2025-09-07 15:41:52,2025-09-10 23:39:00,2025-09-07 15:39:21,KONVY_Official Shop,70998059,Shopee Mall(Non-CB),14441369878,Cute Press Nonstop Beauty Ombre Blush 5g คิวท์เพรส บลัชออนที่ผสานสองเฉดสี,203689110095,Normal Product,,ผลิตภัณฑ์บำรุงและเสริมความงาม,เครื่องสําอาง,เครื่องสําอางสำหรับผิวหน้า,246,1,คอมมิชชั่นจาก Shopee,,196,,0.00%,0,0.00%,0,0,0,0,0,,0,0.00%,0,100.00%,0,สำเร็จ,,สั่งซื้อในร้านค้าเดียวกัน,ที่มีอยู่,,,,,,Shopeevideo-Shopee
250907U5JRE6YC,สำเร็จ,210933711258385,2025-09-07 15:41:52,2025-09-10 23:39:00,2025-09-07 15:39:21,KONVY_Official Shop,70998059,Shopee Mall(Non-CB),15197346887,Garnier Men Acnofight Anti-Acne Scrub in Foam 150ml การ์นิเย่ โฟมล้างหน้าสำหรับผู้ชาย.,186694154730,Normal Product,,ผลิตภัณฑ์บำรุงและเสริมความงาม,ผลิตภัณฑ์ดูแลผู้ชาย,ผลิตภัณฑ์บำรุงผิว,149,1,คอมมิชชั่นจาก Shopee,,119,,0.00%,0,0.00%,0,0,0,0,0,,0,0.00%,0,100.00%,0,สำเร็จ,,สั่งซื้อในร้านค้าเดียวกัน,ที่มีอยู่,,,,,,Shopeevideo-Shopee
250907U45NJE4V,สำเร็จ,210932198295184,2025-09-07 15:16:38,2025-09-10 16:46:05,2025-09-06 22:15:11,D_MartTH,365605178,C2C(Non-CB),29779443463,🔥ถูกสุดๆ🔥 ตาข่ายกรองเศษอาหาร ล้างผักผลไม้ กรองเศษอาหาร ตะแกรงแยกเศษอาหาร ถุงแยกอาหาร ชุดขาแขวน ถุงกรองเศษอาหาร ถุงตาข่าย,139287281099,Normal Product,,เครื่องใช้ในบ้าน,เครื่องครัว,เครื่องกรอง,16,2,คอมมิชชั่นจาก Shopee,,32,,1.50%,0.48,0.00%,0,0.48,0.84,0,0.84,,0,0.00%,0,100.00%,0.84,สำเร็จ,,คำสั่งซื้อจากร้านค้าต่างกัน,ที่มีอยู่,2599adboostco,paris,mng,m06WRw0904,,Facebook
250907U45NJE4V,สำเร็จ,210932198295184,2025-09-07 15:16:38,2025-09-10 16:46:05,2025-09-06 22:15:11,D_MartTH,365605178,C2C(Non-CB),29779443463,🔥ถูกสุดๆ🔥 ตาข่ายกรองเศษอาหาร ล้างผักผลไม้ กรองเศษอาหาร ตะแกรงแยกเศษอาหาร ถุงแยกอาหาร ชุดขาแขวน ถุงกรองเศษอาหาร ถุงตาข่าย,195875758862,Normal Product,,เครื่องใช้ในบ้าน,เครื่องครัว,เครื่องกรอง,24,1,คอมมิชชั่นจาก Shopee,,24,,1.50%,0.36,0.00%,0,0.36,0,0,0,,0,0.00%,0,100.00%,0,สำเร็จ,,คำสั่งซื้อจากร้านค้าต่างกัน,ที่มีอยู่,2599adboostco,paris,mng,m06WRw0904,,Facebook
250907U45NJE4V,สำเร็จ,210932198295184,2025-09-07 15:16:38,2025-09-10 16:46:05,2025-09-06 22:15:11,D_MartTH,365605178,C2C(Non-CB),26605450556,เทปกาวกันน้ำ PVC เอนกประสงค์ เทปติดขอบอ่าง กันน้ำ กันคราบน้ำมัน ช่วยป้องกันทั้งการรั่วซึม ป้องเชื้อราและสิ่งสกปรก,218315561614,Normal Product,,เครื่องใช้ในบ้าน,เครื่องมือและอุปกรณ์ปรับปรุงบ้าน,เทปและกาว,28,0,คอมมิชชั่นจากร้านค้า,,0,56,1.50%,0,14.00%,0,0,0,0,0,,0,0.00%,0,100.00%,0,ยกเลิก,คำสั่งซื้อไม่ถูกต้อง.,คำสั่งซื้อจากร้านค้าต่างกัน,ที่มีอยู่,2599adboostco,paris,mng,m06WRw0904,,Facebook
250907U3010VNX,สำเร็จ,210930935236624,2025-09-07 14:55:35,2025-09-09 15:57:17,2025-09-06 11:06:35,PRINCE AUTO SHOP,256839325,C2C(Non-CB),11094662588,ผ้าเช็ดทําความสะอาด ผ้าไมโครไฟเบอร์ ขนาด 50x50 ความหนา 450 แกรม ผ้าเช็ดรถ ผ้าไมโครไฟเบอร์เช็ดรถ microfiber,180001915257,Normal Product,,เครื่องใช้ในบ้าน,อุปกรณ์ซักรีดและผลิตภัณฑ์ดูแลบ้าน,ผ้าทำความสะอาด,27,2,คอมมิชชั่นจากร้านค้า,,54,,1.50%,0.81,7.00%,0,0.81,0.81,0,0.81,,0,0.00%,0,100.00%,0.81,สำเร็จ,,คำสั่งซื้อจากร้านค้าต่างกัน,ที่มีอยู่,2599adboostco,paris,mng,m56ProwaVDO0905,,Facebook
250907U27D874U,สำเร็จ,210930109206048,2025-09-07 14:41:49,2025-09-09 20:53:23,2025-09-07 13:33:51,Sstudio,31509526,Preferred(Non-CB),436207253,"Hurricane กรองอากาศ สแตนเลส Toyota Hiace 2.5L, 3.0L ปี 90-05 รถตู้",72160072766,Normal Product,,รถยนต์ อะไหล่และอุปกรณ์เสริมรถยนต์,ชิ้นส่วนอะไหล่รถยนต์,ชิ้นส่วนเครื่องยนต์,1720,1,คอมมิชชั่นจาก Shopee,,1548,,1.75%,27.09,0.00%,0,27.09,27.09,0,27.09,,0,0.00%,0,100.00%,27.09,สำเร็จ,,คำสั่งซื้อจากร้านค้าต่างกัน,ที่มีอยู่,39277545,tunis,mng,m39goodride0110,,Websites
250907U22RHSE0,สำเร็จ,210929953272695,2025-09-07 14:39:14,2025-09-10 16:01:09,2025-09-06 20:22:08,MEGA.Home,1100289317,Preferred(Non-CB),26306765234,ตัวล๊อคลิ้นชัก ที่ล๊อคประตู ที่ล็อคประตูตู้เย็น ป้องกันการหนีบ เพื่อความปลอดภัยสำหรับเด็ก ติดกาวไม่ต้องเจาะ 1 ชิ้น,241302015779,Normal Product,,แม่และเด็ก,อุปกรณ์ดูแลความปลอดภัยเด็ก,"ที่ล็อคกันเด็กเปิดตู้, ประตู, ลิ้นชัก",65,1,คอมมิชชั่นจากร้านค้า,,61,,1.75%,1.0675,13.00%,0,1.0675,1.0675,0,1.0675,,0,0.00%,0,100.00%,1.0675,สำเร็จ,,คำสั่งซื้อจากร้านค้าต่างกัน,ที่มีอยู่,2599adboostco,paris,mng,m01PetKit0520,,Facebook
250907U1QY9RUT,สำเร็จ,210929591259013,2025-09-07 14:33:11,2025-09-10 10:45:31,2025-09-06 12:16:50,AimayaPet  ,895211991,Shopee Mall(Non-CB),27035135697,AimayaPet ทรายเต้าหู้ 12L ออร์แกนิค100% ทิ้งลงชักโครกได้ ผลิตจากกากถั่วเหลืองธรรมชาติ,258312244235,Normal Product,,สัตว์เลี้ยง,ห้องน้ำและทราย,ทรายแมวและกระบะทรายแมว,107,3,คอมมิชชั่นจากร้านค้า,,265,,1.75%,4.6375,7.00%,0,4.6375,5.88,0,5.88,,0,0.00%,0,100.00%,5.88,สำเร็จ,,คำสั่งซื้อจากร้านค้าต่างกัน,ที่มีอยู่,2599adboostco,paris,mng,m01kaofangMeow0303,,Facebook
250907U1QY9RUT,สำเร็จ,210929591259013,2025-09-07 14:33:11,2025-09-10 10:45:31,2025-09-06 12:16:50,AimayaPet  ,895211991,Shopee Mall(Non-CB),29088089207,AimayaPet ทําความสะอาดสัตว์เลี้ยง แผ่นเช็ดแมว แผ่นเช็ดตาสุนัขและแมว ทำความสะอาดฟัน,270536846294,Normal Product,,สัตว์เลี้ยง,อุปกรณ์ทำความสะอาดและตกแต่งขน,อื่นๆ,52,1,คอมมิชชั่นจาก Shopee,,43,,1.75%,0.7525,0.00%,0,0.7525,0,0,0,,0,0.00%,0,100.00%,0,สำเร็จ,,คำสั่งซื้อจากร้านค้าต่างกัน,ที่มีอยู่,2599adboostco,paris,mng,m01kaofangMeow0303,,Facebook
250907U1QY9RUT,สำเร็จ,210929591259013,2025-09-07 14:33:11,2025-09-10 10:45:31,2025-09-06 12:16:50,AimayaPet  ,895211991,Shopee Mall(Non-CB),29224559470,AimayaPet ทําความสะอาดสัตว์เลี้ยง แผ่นเช็ดแมว แผ่นเช็ดตาสุนัขและแมว ทำความสะอาดฟัน ที่หยอดหูแมว ไม่เจ็บหู ราคาถูก,252551693237,Normal Product,,สัตว์เลี้ยง,อุปกรณ์ทำความสะอาดและตกแต่งขน,อุปกรณ์ดูแลขนสัตว์เลี้ยง,33,1,คอมมิชชั่นจาก Shopee,,28,,1.75%,0.49,0.00%,0,0.49,0,0,0,,0,0.00%,0,100.00%,0,สำเร็จ,,คำสั่งซื้อจากร้านค้าต่างกัน,ที่มีอยู่,2599adboostco,paris,mng,m01kaofangMeow0303,,Facebook
250907U0SAVPUG,รอดำเนินการ,210928563220448,2025-09-07 14:16:04,,2025-09-06 01:19:29,Bigboy Petshop,409026373,Preferred(Non-CB),19700996042,ถูกที่สุด!🔥 Otosense น้ำยาเช็ดทำความสะอาดช่องหู กำจัดไรในหู ฆ่าเชื่อแบคทีเรีย รา ยีสต์ ขนาด50มล,98674728255,Normal Product,,สัตว์เลี้ยง,ผลิตภัณฑ์ดูแลสุขภาพสัตว์เลี้ยง,อื่นๆ,147,1,คอมมิชชั่นจาก Shopee,,124,,1.75%,2.17,0.00%,0,2.17,2.17,0,2.17,,0,0.00%,0,100.00%,2.17,รอดำเนินการ,สถานะของสินค้านี้คือ อยู่ระหว่างดำเนินการ คอมมิชชั่นจะถูกคำนวณเพื่อจ่ายหลังสถานะเป็นสำเร็จแล้วเท่านั้น,คำสั่งซื้อจากร้านค้าต่างกัน,ที่มีอยู่,33732471,tunis,mng,m39Gaviscon0117,,Websites
250907TYF0N3BR,สำเร็จ,210927143203309,2025-09-07 13:52:22,2025-09-10 17:38:41,2025-09-06 17:38:46,27th Shop - ตลิ่งชัน,241174049,Preferred(Non-CB),25419990431,JB3 เข็มขัดพยุงหลัง ปวดเอว พยุงเอว อุปกรณ์พยุงหลัง แก้ปวดหลัง บล็อกหลัง ใส่ยกของ จาก 27th Shop,147237016591,Normal Product,,กลุ่มผลิตภัณฑ์เพื่อสุขภาพ,เครื่องมือและอุปกรณ์ในการดูแลสุขภาพ,สำหรับอาการปวดเมื่อย,307,1,คอมมิชชั่นจากร้านค้า,,276,,1.50%,4.14,7.00%,0,4.14,4.14,0,4.14,,0,0.00%,0,100.00%,4.14,สำเร็จ,,คำสั่งซื้อจากร้านค้าต่างกัน,ที่มีอยู่,2599adboostco,paris,mng,m01kaofangMeow0303,,Facebook
250907TY11EDT9,รอดำเนินการ,210926674278502,2025-09-07 13:44:35,,2025-09-06 23:04:45,Ulrica Health Store,849446435,Preferred(Non-CB),26519562750,ของแท้ 💯 มี อย. คลิป หนีบจมูกแก้กรน ป้องกันการกรน มีแม่เหล็ก ที่หนีบจมูก ลดอาการกรน แก้กรน นอนกรน กรน ลดการนอนกรน,139278023460,Normal Product,,กลุ่มผลิตภัณฑ์เพื่อสุขภาพ,เครื่องมือและอุปกรณ์ในการดูแลสุขภาพ,ผลิตภัณฑ์ดูแลโพรงจมูก,139,1,คอมมิชชั่นจากร้านค้า,,107,,1.50%,1.605,9.00%,0,1.605,1.605,0,1.605,,0,0.00%,0,100.00%,1.605,รอดำเนินการ,สถานะของสินค้านี้คือ อยู่ระหว่างดำเนินการ คอมมิชชั่นจะถูกคำนวณเพื่อจ่ายหลังสถานะเป็นสำเร็จแล้วเท่านั้น,คำสั่งซื้อจากร้านค้าต่างกัน,ที่มีอยู่,2599adboostco,paris,mng,m56xep0905,,Facebook
250907TXHU2KEE,รอดำเนินการ,210926164274239,2025-09-07 13:36:05,,2025-09-01 17:04:22,The Skin Collection,345365881,Shopee Mall(Non-CB),4565698148,เซรั่มช่วยผลัดเซลล์ผิว แก้ปัญหาสิวอุดตัน สว่างกระจ่างใส  The Skin Collection Serum AHA10% + BHA2% 30ml,22832998773,Normal Product,,ผลิตภัณฑ์บำรุงและเสริมความงาม,ผลิตภัณฑ์บำรุงบริเวณใบหน้า,เซรั่มบำรุงผิวหน้า & น้ำตบ,139,1,คอมมิชชั่นจากร้านค้า,,125,,1.75%,2.1875,18.00%,0,2.1875,2.1875,0,2.1875,,0,0.00%,0,100.00%,2.1875,รอดำเนินการ,สถานะของสินค้านี้คือ อยู่ระหว่างดำเนินการ คอมมิชชั่นจะถูกคำนวณเพื่อจ่ายหลังสถานะเป็นสำเร็จแล้วเท่านั้น,คำสั่งซื้อจากร้านค้าต่างกัน,ที่มีอยู่,33732471,tunis,mng,m39Gaviscon0117,,Websites
250907TU1NE9VP,สำเร็จ,210922400273246,2025-09-07 12:33:20,2025-09-10 09:50:08,2025-09-06 15:13:17,naike clothing,1370762162,C2C(Non-CB),27821070066,EVA รองเท้าชายหาด！รองเท้าแตะ พื้นยาง พื้นหนา น้ําหนักเบา กันการสึกหรอ แฟชั่นสําหรับผู้ชาย คู่รัก 2024,257284457584,Normal Product,,รองเท้าผู้ชาย,รองเท้าแตะ,รองเท้าแตะแบบสวม,113,1,คอมมิชชั่นจาก Shopee,,101,,1.75%,1.7675,0.00%,0,1.7675,1.7675,0,1.7675,,0,0.00%,0,100.00%,1.7675,สำเร็จ,,คำสั่งซื้อจากร้านค้าต่างกัน,ที่มีอยู่,2599adboostco,paris,mng,m01KFdika0520,,Facebook
250907TSK3S2C1,สำเร็จ,210920838241649,2025-09-07 12:07:19,2025-09-09 22:09:29,2025-09-06 20:24:48,kosanaland,7875565,Preferred(Non-CB),9918317384,Total ปืนฉีดน้ำ อเนกประสงค์ รุ่น THWS010301 / THWS010901 / THZATN1031 / THZATN1101 / THWW092 (Trigger Nozzle) ที่ฉีดน้ำ,53820974286,Normal Product,,เครื่องใช้ในบ้าน,เครื่องมือและอุปกรณ์ปรับปรุงบ้าน,เครื่องมือช่าง,145,1,คอมมิชชั่นจากร้านค้า,,123,,1.50%,1.845,4.00%,0,1.845,1.845,0,1.845,,0,0.00%,0,100.00%,1.845,สำเร็จ,,คำสั่งซื้อจากร้านค้าต่างกัน,ที่มีอยู่,2599adboostco,paris,mng,m01KFdika0520,,Facebook
250907TSDFJAGQ,สำเร็จ,210920649284577,2025-09-07 12:04:09,2025-09-09 10:21:52,2025-09-06 18:04:09,Nasalee.,1220824351,Preferred(CB),24285679946,เสื้อยืดแขนสั้นผ้าฝ้ายคอตตอนลาย NASA รุ่นใหม่สำหรับฤดูร้อน 2024 แบบหลวมและระบายอากาศได้ดี,157450223668,Normal Product,,เสื้อผ้าผู้ชาย,เสื้อ,เสื้อยืด,165,1,ดีลพิเศษเฉพาะคุณ,,140,,1.75%,2.45,25.00%,35,37.45,2.45,35,37.45,,0,0.00%,0,100.00%,37.45,สำเร็จ,,สั่งซื้อในร้านค้าเดียวกัน,ที่มีอยู่,2599adboostco,paris,mng,m06Nasa1228,,Facebook
250907TS82VCVT,สำเร็จ,210920468208913,2025-09-07 12:01:08,2025-09-10 14:41:25,2025-09-06 09:10:38,bclass,18489639,Preferred(Non-CB),19845307872,ไซริ้งค์ปลายโค้ง2ชิ้น 🔥ถูกที่สุด🔥 กำจัดนิ่วทอนซิล ไซริ้งฉีดฟันคุด พร้อมส่งค่ะ,182291093853,Normal Product,,กลุ่มผลิตภัณฑ์เพื่อสุขภาพ,ของใช้ส่วนตัว,ผลิตภัณฑ์ดูแลช่องปาก,48,1,คอมมิชชั่นจากร้านค้า,,48,,1.50%,0.72,4.00%,0,0.72,0.72,0,0.72,,0,0.00%,0,100.00%,0.72,สำเร็จ,,คำสั่งซื้อจากร้านค้าต่างกัน,ที่มีอยู่,2599adboostco,paris,mng,m01PetKit0520,,Facebook
250907TNVAD919,รอดำเนินการ,210916852221523,2025-09-07 11:00:53,,2025-09-06 17:33:26,HAONO.th,1165086309,C2C(Non-CB),26391005595,บรรจุภัณฑ์ที่ได้รับการปรับปรุงช่วยป้องกันความเสียหายและรับประกันการจัดส่งที่สมบูรณ์ 100%,286407181168,Normal Product,366887783842366_0_0,ตั๋วและบัตรกำนัล,บริการ,อื่นๆ,0,1,คอมมิชชั่นจากร้านค้า,,0,,2.00%,0,7.00%,0,0,5.6,0,5.6,,0,0.00%,0,100.00%,5.6,รอดำเนินการ,สถานะของสินค้านี้คือ อยู่ระหว่างดำเนินการ คอมมิชชั่นจะถูกคำนวณเพื่อจ่ายหลังสถานะเป็นสำเร็จแล้วเท่านั้น,คำสั่งซื้อจากร้านค้าต่างกัน,ที่มีอยู่,2599adboostco,paris,mng,m01BMavk0821,,Facebook
250907TNVAD919,รอดำเนินการ,210916852221523,2025-09-07 11:00:53,,2025-09-06 17:33:26,HAONO.th,1165086309,C2C(Non-CB),25622107638,🛵10 ปีไม่เสีย☔ชุดกันฝนพายุ เสื้อกันฝน ชุดกันฝนแบบหนา กางเกงกันฝน เสื้อ กางเกงและหมวก กันน้ำและทนทานมีแถบสะท้อนแสง,217649702734,Normal Product,366887783842366_0_0,กีฬาและกิจกรรมกลางแจ้ง,อุปกรณ์เสริมสำหรับเล่นกีฬาและกิจกรรมกลางแจ้ง,เสื้อกันฝน,345,1,คอมมิชชั่นจากร้านค้า,,320,,1.75%,5.6,13.00%,0,5.6,0,0,0,,0,0.00%,0,100.00%,0,รอดำเนินการ,สถานะของสินค้านี้คือ อยู่ระหว่างดำเนินการ คอมมิชชั่นจะถูกคำนวณเพื่อจ่ายหลังสถานะเป็นสำเร็จแล้วเท่านั้น,คำสั่งซื้อจากร้านค้าต่างกัน,ที่มีอยู่,2599adboostco,paris,mng,m01BMavk0821,,Facebook
250907TKVWX7M2,สำเร็จ,210914725212353,2025-09-07 10:25:25,2025-09-11 20:07:03,2025-09-06 20:55:36,rainbowray_,1502749587,C2C(Non-CB),42206673889,ไม้ถูพื้น Flat Mop แบบรีดน้ำและฝุ่นผงในตัว ไม่ต้องกมล้างอีกต่อไป ไม้ถูพื้นพร้อมผ้า1ผืน,227910330324,Normal Product,,เครื่องใช้ในบ้าน,อุปกรณ์ซักรีดและผลิตภัณฑ์ดูแลบ้าน,ไม้ถูพื้น,12,1,คอมมิชชั่นจากร้านค้า,,11,,1.50%,0.165,7.00%,0,0.165,1.05,0,1.05,,0,0.00%,0,100.00%,1.05,สำเร็จ,,คำสั่งซื้อจากร้านค้าต่างกัน,ที่มีอยู่,2599adboostco,paris,mng,m06Nasa1228,,Facebook
250907TKVWX7M2,สำเร็จ,210914725212353,2025-09-07 10:25:25,2025-09-11 20:07:03,2025-09-06 20:55:36,rainbowray_,1502749587,C2C(Non-CB),42254281326,ชุดไม้กวาด ไม้กวาดพร้อมที่ตักขยะ พร้อมที่ตักผง ที่โกยผงชุดที่โกยขยะเอนกประสงค์ มี 3 สีให้เลือก,196117993449,Normal Product,,เครื่องใช้ในบ้าน,อุปกรณ์ซักรีดและผลิตภัณฑ์ดูแลบ้าน,ไม้กวาด,66,1,คอมมิชชั่นจากร้านค้า,,59,,1.50%,0.885,7.00%,0,0.885,0,0,0,,0,0.00%,0,100.00%,0,สำเร็จ,,คำสั่งซื้อจากร้านค้าต่างกัน,ที่มีอยู่,2599adboostco,paris,mng,m06Nasa1228,,Facebook
250907TKV47NVA,สำเร็จ,210914698269659,2025-09-07 10:24:59,2025-09-09 21:07:43,2025-09-06 14:30:37,pk.furniture,21097932,Preferred(Non-CB),21580325678,"[ซื้อในVDOลดเหลือ 297 ] ชุดชามอาหารแมว ชามให้อาหารสัตว์เลี้ยง ชามข้าวแมว พร้อมถ้วยเซรามิคคู่แบบเอียง,แบบตรง catbowl",247142694140,Normal Product,,สัตว์เลี้ยง,อุปกรณ์สำหรับสัตว์เลี้ยง,ชามและเครื่องให้อาหาร,399,1,คอมมิชชั่นจากร้านค้า,,331,,1.75%,5.7925,10.00%,0,5.7925,5.7925,0,5.7925,,0,0.00%,0,100.00%,5.7925,สำเร็จ,,คำสั่งซื้อจากร้านค้าต่างกัน,ที่มีอยู่,2599adboostco,paris,mng,m01PetKit0520,,Facebook
250907TKC51HKJ,รอดำเนินการ,210914162230579,2025-09-07 10:16:03,,2025-09-01 07:44:11,minttizzz,3617327,Preferred(Non-CB),28837954712,[กลิ่นขายดี‼️] น้ำหอมไวท์ใจมิ้น “กลิ่นหมาเด็ก”🐶💖 whitejaiminn มี 2ไซส์ 10ml.&30ml. EDP ติดทน6-8ชม.,167239776869,Normal Product,,ผลิตภัณฑ์บำรุงและเสริมความงาม,น้ำหอม,,350,1,คอมมิชชั่นจาก Shopee,,297,,1.75%,5.1975,0.00%,0,5.1975,5.1975,0,5.1975,,0,0.00%,0,100.00%,5.1975,รอดำเนินการ,สถานะของสินค้านี้คือ อยู่ระหว่างดำเนินการ คอมมิชชั่นจะถูกคำนวณเพื่อจ่ายหลังสถานะเป็นสำเร็จแล้วเท่านั้น,คำสั่งซื้อจากร้านค้าต่างกัน,ที่มีอยู่,m19StampPost0130,wembley,mng,,,Websites
250907TK6JQQ23,สำเร็จ,210913975272023,2025-09-07 10:12:56,2025-09-09 07:40:44,2025-09-06 16:40:51,sanmax_,1445766984,Shopee Mall(Non-CB),24141785798,หูฟัง Sanmax D14 อินเตอร์เฟซสายฟ้า โทรชัด เสียงดี ไม่ใช้บลูทูธ สำหรับ รุ่น phone 7 8 x  11 12 13 14,252708885427,Normal Product,,เครื่องเสียง,หูฟัง,,109,1,คอมมิชชั่นจากร้านค้า,,95,,1.50%,1.425,9.00%,0,1.425,1.425,0,1.425,,0,0.00%,0,100.00%,1.425,สำเร็จ,,คำสั่งซื้อจากร้านค้าต่างกัน,ที่มีอยู่,2599adboostco,paris,mng,m01YPf0821,,Facebook
250907TJ0EXJYH,รอดำเนินการ,210912696238860,2025-09-07 09:51:37,,2025-09-06 17:11:33,SUNROOM,259697316,Preferred(Non-CB),27827666521,พัดลมไอเย็น 80ลิตร/110ลิตร/50ลิตร พัดลมแอร์ขนาดใหญ่ เครื่องปรับอากาศเคลื่อนที่เย็นๆ ใช้ในโรงงานได้,237704460708,Normal Product,,เครื่องใช้ไฟฟ้าภายในบ้าน,เครื่องใช้ไฟฟ้าขนาดใหญ่,อุปกรณ์ทำความเย็น,999,1,คอมมิชชั่นจากร้านค้า,,787,,1.50%,11.805,6.00%,0,11.805,11.805,0,11.805,,0,0.00%,0,100.00%,11.805,รอดำเนินการ,สถานะของสินค้านี้คือ อยู่ระหว่างดำเนินการ คอมมิชชั่นจะถูกคำนวณเพื่อจ่ายหลังสถานะเป็นสำเร็จแล้วเท่านั้น,คำสั่งซื้อจากร้านค้าต่างกัน,ที่มีอยู่,2599adboostco,paris,mng,m56ProwaVDO0905,,Facebook
250907THNJVMFQ,สำเร็จ,210912331263024,2025-09-07 09:45:31,2025-09-08 20:28:38,2025-09-06 15:11:55,SIMSIM OFFICIAL STORE,565492522,Preferred(Non-CB),43107071375,*ขายดี*ชุดทดลองทาน ขนาด 250ml+เกลือชมพู50g💥แอปเปิ้ลไซเดอร์ Bragg Apple Cider Vinegar นำเข้าจากอเมริกา ชนิดมีตะกอน,275599624007,Normal Product,,อาหารและเครื่องดื่ม,เครื่องดื่ม,น้ำผลไม้ & ไซเดอร์,189,1,คอมมิชชั่นจากร้านค้า,,168,,1.75%,2.94,7.00%,0,2.94,2.94,0,2.94,,0,0.00%,0,100.00%,2.94,สำเร็จ,,คำสั่งซื้อจากร้านค้าต่างกัน,ที่มีอยู่,2599adboostco,paris,mng,m01Tik0803,,Facebook
250907THJXYQXS,รอดำเนินการ,210912243289154,2025-09-07 09:44:03,,2025-09-06 22:28:02,HieenShop.th,1594207043,C2C(CB),29089778448,เปิดร้านใหม่ จำนวนจำกัด ราคาพิเศษสุดๆ พัดลมมือถือ พัดลมมินิ ปรับแรงลมได้ 120 ระดับ ชาร์จ USB พัดลมพกพาF41,271054588373,Normal Product,,มือถือและอุปกรณ์เสริม,อุปกรณ์เสริม,พัดลมมือถือ,63,1,คอมมิชชั่นจาก Shopee,,63,,1.50%,0.945,0.00%,0,0.945,0.945,0,0.945,,0,0.00%,0,100.00%,0.945,รอดำเนินการ,สถานะของสินค้านี้คือ อยู่ระหว่างดำเนินการ คอมมิชชั่นจะถูกคำนวณเพื่อจ่ายหลังสถานะเป็นสำเร็จแล้วเท่านั้น,คำสั่งซื้อจากร้านค้าต่างกัน,ที่มีอยู่,2599adboostco,paris,mng,m01BMavk0821,,Facebook
250907THBNARRF,รอดำเนินการ,210911998287132,2025-09-07 09:39:59,,2025-09-06 14:01:47,Stanest.th,1332221529,C2C(CB),27869251418,กล่องให้อาหารนกพลาสติกที่สุดภาชนะใส่อาหารกันฝุ่นนกแก้วอุปกรณ์ให้อาหาร,242151017269,Normal Product,,สัตว์เลี้ยง,อุปกรณ์สำหรับสัตว์เลี้ยง,ชามและเครื่องให้อาหาร,42,1,คอมมิชชั่นจาก Shopee,,38,,1.75%,0.665,0.00%,0,0.665,0.665,0,0.665,,0,0.00%,0,100.00%,0.665,รอดำเนินการ,สถานะของสินค้านี้คือ อยู่ระหว่างดำเนินการ คอมมิชชั่นจะถูกคำนวณเพื่อจ่ายหลังสถานะเป็นสำเร็จแล้วเท่านั้น,คำสั่งซื้อจากร้านค้าต่างกัน,ที่มีอยู่,2599adboostco,paris,mng,m01PetKit0520,,Facebook
250907THBNARRE,สำเร็จ,210911998287132,2025-09-07 09:39:59,2025-09-10 15:27:23,2025-09-06 14:01:47,Pet Suppliesa,1145356578,Preferred(Non-CB),24424961206,🛁🫧ถุงมืออาบน้ำ อาบน้ำสัตว์เลี้ยง ถุงมือนวดทำความสะอาด ถุงมือป้องกันรอยขีดข่วน ถุงมือป้องกันการกัด ถุงมือซิลิโคน ถุงมือ,215037348789,Normal Product,0_365501537009885_1,สัตว์เลี้ยง,อุปกรณ์ทำความสะอาดและตกแต่งขน,อื่นๆ,38,2,คอมมิชชั่นจากร้านค้า,,68,,1.75%,1.19,8.00%,0,1.19,1.19,0,1.19,,0,0.00%,0,100.00%,1.19,สำเร็จ,,คำสั่งซื้อจากร้านค้าต่างกัน,ที่มีอยู่,2599adboostco,paris,mng,m01PetKit0520,,Facebook
250907THBNARRD,สำเร็จ,210911998287132,2025-09-07 09:39:59,2025-09-10 15:27:42,2025-09-06 14:01:47,PETBABYS.th,1082461313,Preferred(CB),24387579095,🐈35/60CM🧤ถุงมือกันกัด ทำจากหนังวัวแท้ ถุงมือป้องกันสัตว์กัด หนา3ชั้น ยาวพิเศษ ป้องกันการโดนกัด,236932312862,Normal Product,,สัตว์เลี้ยง,อุปกรณ์สำหรับสัตว์เลี้ยง,อื่นๆ,179,1,ดีลพิเศษเฉพาะคุณ,,148,,1.75%,2.59,11.50%,0,2.59,2.59,0,2.59,,0,0.00%,0,100.00%,2.59,สำเร็จ,,คำสั่งซื้อจากร้านค้าต่างกัน,ที่มีอยู่,2599adboostco,paris,mng,m01PetKit0520,,Facebook
250907TH2S4K1J,รอดำเนินการ,210911700280205,2025-09-07 09:35:00,,2025-09-03 22:36:40,w&c bras,372933808,C2C(Non-CB),25631329547,ชุดชั้นในระบายอากาศและใส่สบายชุดชั้นในผ้าไหมน้ำแข็งไร้รอยต่อหลังสวยชิ้นเดียวไม่มีโครงเหล็กชุดชั้นในแบบบาง ny094,207537697870,Normal Product,,เสื้อผ้าผู้หญิง,ชุดชั้นใน,เสื้อชั้นใน,89,1,คอมมิชชั่นจาก Shopee,,79,,1.50%,1.185,0.00%,0,1.185,1.905,0,1.905,,0,0.00%,0,100.00%,1.905,รอดำเนินการ,สถานะของสินค้านี้คือ อยู่ระหว่างดำเนินการ คอมมิชชั่นจะถูกคำนวณเพื่อจ่ายหลังสถานะเป็นสำเร็จแล้วเท่านั้น,คำสั่งซื้อจากร้านค้าต่างกัน,ที่มีอยู่,MOSEP25,paris,mng,m56Fazzi0830,,Facebook
250907TH2S4K1J,รอดำเนินการ,210911700280205,2025-09-07 09:35:00,,2025-09-03 22:36:40,w&c bras,372933808,C2C(Non-CB),25900361126,เสื้อชั้นใน กางเกงใน บราเกาะอก กันลื่น ไร้สาย สายบาง เสื้อเกาะอก ป้องกันแสง บราเซ็กซี่ครึ่งคัพ ny068,187131675874,Normal Product,,เสื้อผ้าผู้หญิง,ชุดชั้นใน,เสื้อชั้นใน,53,1,คอมมิชชั่นจากร้านค้า,,48,,1.50%,0.72,10.00%,0,0.72,0,0,0,,0,0.00%,0,100.00%,0,รอดำเนินการ,สถานะของสินค้านี้คือ อยู่ระหว่างดำเนินการ คอมมิชชั่นจะถูกคำนวณเพื่อจ่ายหลังสถานะเป็นสำเร็จแล้วเท่านั้น,คำสั่งซื้อจากร้านค้าต่างกัน,ที่มีอยู่,MOSEP25,paris,mng,m56Fazzi0830,,Facebook
250907TGN771DK,รอดำเนินการ,210911245287137,2025-09-07 09:27:26,,2025-09-06 21:25:15,doony_packs,683579403,Preferred(Non-CB),13976219878,*ออกใบกำกับภาษีได้ค่ะ*  บับเบิ้ล หน้ากว้าง32.5cm 65cm และ130cm แอร์บับเบิ้ลกันกระแทก,205052833036,Normal Product,,เครื่องเขียน,อุปกรณ์ห่อของขวัญ,ที่กันกระแทก,149,1,คอมมิชชั่นจากร้านค้า,,149,,1.75%,2.6075,4.00%,0,2.6075,2.6075,0,2.6075,,0,0.00%,0,100.00%,2.6075,รอดำเนินการ,สถานะของสินค้านี้คือ อยู่ระหว่างดำเนินการ คอมมิชชั่นจะถูกคำนวณเพื่อจ่ายหลังสถานะเป็นสำเร็จแล้วเท่านั้น,คำสั่งซื้อจากร้านค้าต่างกัน,ที่มีอยู่,2599adboostco,paris,mng,m01kaofangMeow0303,,Facebook
250907TFPRFYPN,รอดำเนินการ,210910223216809,2025-09-07 09:10:23,,2025-09-06 08:27:54,FeiQi,1263659904,Preferred(Non-CB),26356013528,ฟรีตาข่ายคลุมผม วิกผมหน้าม้า วิกผมสั้น Short wig คอสเพลย์ ผมปลอมผู้หญิง,241245837969,Normal Product,,เครื่องประดับ,เครื่องประดับผม,วิก & แฮร์พีซ,89,1,คอมมิชชั่นจาก Shopee,,89,,1.75%,1.5575,0.00%,0,1.5575,1.5575,0,1.5575,,0,0.00%,0,100.00%,1.5575,รอดำเนินการ,สถานะของสินค้านี้คือ อยู่ระหว่างดำเนินการ คอมมิชชั่นจะถูกคำนวณเพื่อจ่ายหลังสถานะเป็นสำเร็จแล้วเท่านั้น,คำสั่งซื้อจากร้านค้าต่างกัน,ที่มีอยู่,2599adboostco,paris,mng,m01BMavk0821,,Facebook
250907TF1FKQB1,รอดำเนินการ,210909509254795,2025-09-07 08:58:29,,2025-09-06 13:21:02,JQTSM1,460294921,C2C(Non-CB),14392166303,หลอดใบพัด 8-6 แฉก ไฟ LED Bulb 450W 350W พับเก็บได้ ปรับมุมโคมไฟได้,182103298582,Normal Product,,เครื่องใช้ในบ้าน,โคมไฟและอุปกรณ์ให้แสงสว่าง,,275,2,คอมมิชชั่นจากร้านค้า,,439,,1.50%,6.585,9.00%,0,6.585,6.585,0,6.585,,0,0.00%,0,100.00%,6.585,รอดำเนินการ,สถานะของสินค้านี้คือ อยู่ระหว่างดำเนินการ คอมมิชชั่นจะถูกคำนวณเพื่อจ่ายหลังสถานะเป็นสำเร็จแล้วเท่านั้น,คำสั่งซื้อจากร้านค้าต่างกัน,ที่มีอยู่,2599adboostco,paris,mng,m56ProwaVDO0905,,Facebook
250907TDRM36VM,สำเร็จ,210908138222631,2025-09-07 08:35:39,2025-09-09 21:36:21,2025-09-04 21:00:02,JOICE Official Store,459548324,Preferred(Non-CB),24240352000,[DUO Set] JOICE Acne Clear - 3% Sulfur Soap 85g. + Body Acne Spray 50ml เซตสบู่และสเปรย์สิวผิวกาย หลัง อก ก้น,237260155833,Normal Product,,ผลิตภัณฑ์บำรุงและเสริมความงาม,สบู่อาบน้ำและผลิตภัณฑ์ดูแลผิวกาย,สบู่ชำระผิวกาย,318,1,คอมมิชชั่นจากร้านค้า,,254,,1.75%,4.445,7.00%,0,4.445,4.445,0,4.445,,0,0.00%,0,100.00%,4.445,สำเร็จ,,คำสั่งซื้อจากร้านค้าต่างกัน,ที่มีอยู่,31797128,tunis,mng,m39herbalspray0114,,Websites
250907TDE88MT9,รอดำเนินการ,210907790278706,2025-09-07 08:29:50,,2025-09-06 11:20:53,KFSHOP1,1424298127,C2C(Non-CB),28622525302,พร้อมส่ง หูฟังบลูทูธ ชุดหูฟังชนิดใส่ในหูสเตอริโอเบสแบบสเตอริโอ HIFI พร้อมไมโครโฟน ชุดหูฟังแบบสปอร์ต,253630317310,Normal Product,,เครื่องเสียง,หูฟัง,,129,1,คอมมิชชั่นจากร้านค้า,,109,,1.50%,1.635,9.00%,0,1.635,1.635,0,1.635,,0,0.00%,0,100.00%,1.635,รอดำเนินการ,สถานะของสินค้านี้คือ อยู่ระหว่างดำเนินการ คอมมิชชั่นจะถูกคำนวณเพื่อจ่ายหลังสถานะเป็นสำเร็จแล้วเท่านั้น,คำสั่งซื้อจากร้านค้าต่างกัน,ที่มีอยู่,2599adboostco,paris,mng,m01Tik0803,,Facebook
250907TD3EYJD4,สำเร็จ,210907428212163,2025-09-07 08:23:48,2025-09-10 06:59:32,2025-09-07 08:22:50,bl4cats,98351122,C2C(Non-CB),24954697735,อาหารเสริม วิตามิน หวัดแมว แมวเป็นหวัด แมวน้ำมูกไหล ไข้ ไอ หายใจดัง Breathe Easy for Cats,257276073125,Normal Product,,สัตว์เลี้ยง,ผลิตภัณฑ์ดูแลสุขภาพสัตว์เลี้ยง,วิตามินและอาหารเสริมสำหรับสัตว์เลี้ยง,215,1,คอมมิชชั่นจากร้านค้า,,172,,1.75%,3.01,4.00%,6.88,9.89,3.01,6.88,9.89,,0,0.00%,0,100.00%,9.89,สำเร็จ,,สั่งซื้อในร้านค้าเดียวกัน,ที่มีอยู่,31267397,tunis,mng,m39RespoK1118,,Websites
250907T6TCKS1D,รอดำเนินการ,210900681291394,2025-09-07 06:31:21,,2025-09-06 11:55:31,NYN_FACAI.SHOP,21494655,C2C(Non-CB),44215778696,เสื้อสายเดี่ยว shein สีเหลือง sz.xs💕,291300321848,Normal Product,,เสื้อผ้าผู้หญิง,เสื้อ,เสื้อกล้าม/สายเดี่ยว,100,1,คอมมิชชั่นจาก Shopee,,85,,1.50%,1.275,0.00%,0,1.275,1.275,0,1.275,,0,0.00%,0,100.00%,1.275,รอดำเนินการ,สถานะของสินค้านี้คือ อยู่ระหว่างดำเนินการ คอมมิชชั่นจะถูกคำนวณเพื่อจ่ายหลังสถานะเป็นสำเร็จแล้วเท่านั้น,คำสั่งซื้อจากร้านค้าต่างกัน,ที่มีอยู่,m39yefin1108,tunis,mng,,,Websites
250907T5DK6JVY,สำเร็จ,210899178256904,2025-09-07 06:06:18,2025-09-09 13:25:56,2025-09-06 20:01:50,VFOODS Official Shop,61460869,Shopee Mall(Non-CB),2021220386,VFOODS วีฟู้ดส์ บิสกิตกระปุกกลม 200-400 กรัม,13115938578,Normal Product,,อาหารและเครื่องดื่ม,ขนมขบเคี้ยว,"บิสกิต, คุกกี้, เวเฟอร์",63,2,คอมมิชชั่นจากร้านค้า,,107,,1.75%,1.8725,9.00%,0,1.8725,1.8725,0,1.8725,,0,0.00%,0,100.00%,1.8725,สำเร็จ,,คำสั่งซื้อจากร้านค้าต่างกัน,ที่มีอยู่,2599adboostco,paris,mng,m06Nasa1228,,Facebook
250907T5CV9TVP,รอดำเนินการ,210899154242625,2025-09-07 06:05:55,,2025-09-07 05:54:22,Trend Thai Suea,1501806162,C2C(Non-CB),26985655610,"(จัดส่งตลอด24ชั่วโมง)Fanfeiเสื้อผู้ชายเสื้อยืดเกรดพรีเมียมเสื้อคอตตอน100%ไม่หดตัวใส่สบายการ์ตูนน่ารักลาย ""EBGAEC SHSMKM""",248351302041,Normal Product,,เสื้อผ้าผู้ชาย,เสื้อ,เสื้อยืด,58,1,คอมมิชชั่นจาก Shopee,,58,,1.75%,1.015,0.00%,0,1.015,3.08,0,3.08,,0,0.00%,0,100.00%,3.08,รอดำเนินการ,สถานะของสินค้านี้คือ อยู่ระหว่างดำเนินการ คอมมิชชั่นจะถูกคำนวณเพื่อจ่ายหลังสถานะเป็นสำเร็จแล้วเท่านั้น,คำสั่งซื้อจากร้านค้าต่างกัน,ที่มีอยู่,2599adboostco,paris,mng,m06Nasa1228,,Facebook
250907T5CV9TVP,รอดำเนินการ,210899154242625,2025-09-07 06:05:55,,2025-09-07 05:54:22,Trend Thai Suea,1501806162,C2C(Non-CB),42463950887,​​✨【จัดส่งภายใน 24 ชั่วโมง】เสื้อยืดแขนสั้นมัธยม ลายการ์ตูนชินจังน่ารัก หลวมๆผ้าโปร่ง คอกลมผ้าเนื้อนุ่ม เสื้อดำ,266152222086,Normal Product,,เสื้อผ้าผู้ชาย,เสื้อ,เสื้อยืด,59,1,คอมมิชชั่นจาก Shopee,,59,,1.75%,1.0325,0.00%,0,1.0325,0,0,0,,0,0.00%,0,100.00%,0,รอดำเนินการ,สถานะของสินค้านี้คือ อยู่ระหว่างดำเนินการ คอมมิชชั่นจะถูกคำนวณเพื่อจ่ายหลังสถานะเป็นสำเร็จแล้วเท่านั้น,คำสั่งซื้อจากร้านค้าต่างกัน,ที่มีอยู่,2599adboostco,paris,mng,m06Nasa1228,,Facebook
250907T5CV9TVP,รอดำเนินการ,210899154242625,2025-09-07 06:05:55,,2025-09-07 05:54:22,Trend Thai Suea,1501806162,C2C(Non-CB),42463950887,​​✨【จัดส่งภายใน 24 ชั่วโมง】เสื้อยืดแขนสั้นมัธยม ลายการ์ตูนชินจังน่ารัก หลวมๆผ้าโปร่ง คอกลมผ้าเนื้อนุ่ม เสื้อดำ,266152222087,Normal Product,,เสื้อผ้าผู้ชาย,เสื้อ,เสื้อยืด,59,1,คอมมิชชั่นจาก Shopee,,59,,1.75%,1.0325,0.00%,0,1.0325,0,0,0,,0,0.00%,0,100.00%,0,รอดำเนินการ,สถานะของสินค้านี้คือ อยู่ระหว่างดำเนินการ คอมมิชชั่นจะถูกคำนวณเพื่อจ่ายหลังสถานะเป็นสำเร็จแล้วเท่านั้น,คำสั่งซื้อจากร้านค้าต่างกัน,ที่มีอยู่,2599adboostco,paris,mng,m06Nasa1228,,Facebook
250907SXJW4XM6,รอดำเนินการ,210891840263530,2025-09-07 04:04:00,,2025-09-06 15:50:32,mppclock,159613378,Preferred(Non-CB),2380481863,เครื่องนาฬิกาแขวน แบบเดินกระตุก ผ่านQC ก่อนส่งให้ลูกค้าทางร้านตั้งเวลาก่อนทุกชิ้น แถมเข็ม 1 ชุด,90083902444,Normal Product,,เครื่องใช้ในบ้าน,อุปกรณ์ตกแต่งบ้าน,นาฬิกา,62,1,คอมมิชชั่นจาก Shopee,,62,,1.50%,0.93,0.00%,0,0.93,0.93,0,0.93,,0,0.00%,0,100.00%,0.93,รอดำเนินการ,สถานะของสินค้านี้คือ อยู่ระหว่างดำเนินการ คอมมิชชั่นจะถูกคำนวณเพื่อจ่ายหลังสถานะเป็นสำเร็จแล้วเท่านั้น,คำสั่งซื้อจากร้านค้าต่างกัน,ที่มีอยู่,2599adboostco,paris,mng,m56Prowa0905,,Facebook
250907SJQRGUWM,สำเร็จ,210879118283580,2025-09-07 00:31:59,2025-09-09 23:24:41,2025-09-06 22:12:23,OffShopp_,502271211,Preferred(Non-CB),42550885700,OFF SHOP 🥻ใหม่ 2025 หนังยางสองขนาด ราคา1บาท ยืดมัดได้ดี แฟชั่น ' TM-14/TM-15,243419921782,Normal Product,,เครื่องประดับ,เครื่องประดับผม,ที่คาดผม,1,1,คอมมิชชั่นจาก Shopee,,0,,1.75%,0,0.00%,0,0,0,0,0,,0,0.00%,0,100.00%,0,สำเร็จ,,คำสั่งซื้อจากร้านค้าต่างกัน,ที่มีอยู่,2599adboostco,paris,mng,m01YPf0821,,Facebook
250907SJJYUWXQ,รอดำเนินการ,210878958214371,2025-09-07 00:29:18,,2025-09-06 13:31:28,KiN-Ji ขนมเทศกาล ขนมกระแส,176455146,Preferred(Non-CB),41407671188,พุดดิ้งไข่เยิ้ม เยลลี่ไข่เยิ้ม ไข่แดงเยิ้มๆอร่อยมาก 1 กล่อง 30 ชิ้น มีอย. มีฮาลาล,295651335813,Normal Product,,อาหารและเครื่องดื่ม,ขนมขบเคี้ยว,"พุดดิ้ง, เยลลี่, & มาร์ชแมลโลว์",109,1,คอมมิชชั่นจากร้านค้า,,109,,1.75%,1.9075,7.00%,0,1.9075,1.9075,0,1.9075,,0,0.00%,0,100.00%,1.9075,รอดำเนินการ,สถานะของสินค้านี้คือ อยู่ระหว่างดำเนินการ คอมมิชชั่นจะถูกคำนวณเพื่อจ่ายหลังสถานะเป็นสำเร็จแล้วเท่านั้น,คำสั่งซื้อจากร้านค้าต่างกัน,ที่มีอยู่,2599adboostco,paris,mng,m06WRw0904,,Facebook
250907SHKGSNX7,สำเร็จ,210877902225750,2025-09-07 00:11:42,2025-09-09 21:40:54,2025-09-07 00:11:05,May-Good-Idea,64698228,Preferred(Non-CB),19786966852,ADDA รุ่น 5TD88 SIZE (7-10) 2DENSITY นุ่มสวมใส่สบายมีสายรัดหลังมาให้เพิ่มความกระชับ รองเท้าหัวโต,275705823444,Normal Product,,รองเท้าผู้ชาย,รองเท้าแตะ,รองเท้าแตะแบบสวม,209,1,คอมมิชชั่นจากร้านค้า,,167,,1.00%,1.67,4.00%,6.68,8.35,1.67,6.68,8.35,,0,0.00%,0,100.00%,8.35,สำเร็จ,,สั่งซื้อในร้านค้าเดียวกัน,ที่มีอยู่,,,,,,Shopeevideo-Shopee
250907SHC745YS,รอดำเนินการ,210877657202938,2025-09-07 00:07:37,,2025-09-06 23:54:06,Green life.th ,164766533,C2C(CB),23974280874,เครื่องประดับ จี้กระดาษ รูปฟักทองค้างคาว โครงกระดูก สําหรับแขวนตกแต่งปาร์ตี้ฮาโลวีน,177765093590,Normal Product,0_366879546228947_1,เครื่องใช้ในบ้าน,อุปกรณ์ตกแต่งบ้าน,อื่นๆ,30.08823,1,คอมมิชชั่นจากร้านค้า,,24.08823,,1.50%,0.36132,7.00%,0,0.36132,3.19497,0,3.19497,,0,0.00%,0,100.00%,3.19497,รอดำเนินการ,สถานะของสินค้านี้คือ อยู่ระหว่างดำเนินการ คอมมิชชั่นจะถูกคำนวณเพื่อจ่ายหลังสถานะเป็นสำเร็จแล้วเท่านั้น,คำสั่งซื้อจากร้านค้าต่างกัน,ที่มีอยู่,2599adboostco,paris,mng,m06WRw0904,,Facebook
250907SHC745YS,รอดำเนินการ,210877657202938,2025-09-07 00:07:37,,2025-09-06 23:54:06,Green life.th ,164766533,C2C(CB),27389620201,ฮาโลวีน DIY Spectre Honeycomb Lantern Party Decorative - สีขาว Ghost กระดาษแขวนเครื่องประดับ Craft Prop,281001095095,Normal Product,,เครื่องใช้ในบ้าน,อุปกรณ์งานปาร์ตี้,อื่นๆ,20,1,คอมมิชชั่นจากร้านค้า,,19,,1.50%,0.285,7.00%,0,0.285,0,0,0,,0,0.00%,0,100.00%,0,รอดำเนินการ,สถานะของสินค้านี้คือ อยู่ระหว่างดำเนินการ คอมมิชชั่นจะถูกคำนวณเพื่อจ่ายหลังสถานะเป็นสำเร็จแล้วเท่านั้น,คำสั่งซื้อจากร้านค้าต่างกัน,ที่มีอยู่,2599adboostco,paris,mng,m06WRw0904,,Facebook
250907SHC745YS,รอดำเนินการ,210877657202938,2025-09-07 00:07:37,,2025-09-06 23:54:06,Green life.th ,164766533,C2C(CB),29416064781,ธงแขวนผนังคริสต์มาส - สุขสันต์วันคริสต์มาสประตูแบนเนอร์ตกแต่ง - ของขวัญคริสต์มาส Navidad ตกแต่งบ้านเครื่องประดับ,246916480797,Normal Product,0_366879235850604_2,เครื่องใช้ในบ้าน,อุปกรณ์งานปาร์ตี้,ฉากหลังและผ้าแบนเนอร์,44.9726,1,คอมมิชชั่นจากร้านค้า,,38.9726,,1.50%,0.58458,7.00%,0,0.58458,0,0,0,,0,0.00%,0,100.00%,0,รอดำเนินการ,สถานะของสินค้านี้คือ อยู่ระหว่างดำเนินการ คอมมิชชั่นจะถูกคำนวณเพื่อจ่ายหลังสถานะเป็นสำเร็จแล้วเท่านั้น,คำสั่งซื้อจากร้านค้าต่างกัน,ที่มีอยู่,2599adboostco,paris,mng,m06WRw0904,,Facebook
250907SHC745YS,รอดำเนินการ,210877657202938,2025-09-07 00:07:37,,2025-09-06 23:54:06,Green life.th ,164766533,C2C(CB),29416064781,ธงแขวนผนังคริสต์มาส - สุขสันต์วันคริสต์มาสประตูแบนเนอร์ตกแต่ง - ของขวัญคริสต์มาส Navidad ตกแต่งบ้านเครื่องประดับ,246916480798,Normal Product,0_366879235850604_2,เครื่องใช้ในบ้าน,อุปกรณ์งานปาร์ตี้,ฉากหลังและผ้าแบนเนอร์,44.05479,1,คอมมิชชั่นจากร้านค้า,,39.05479,,1.50%,0.58582,7.00%,0,0.58582,0,0,0,,0,0.00%,0,100.00%,0,รอดำเนินการ,สถานะของสินค้านี้คือ อยู่ระหว่างดำเนินการ คอมมิชชั่นจะถูกคำนวณเพื่อจ่ายหลังสถานะเป็นสำเร็จแล้วเท่านั้น,คำสั่งซื้อจากร้านค้าต่างกัน,ที่มีอยู่,2599adboostco,paris,mng,m06WRw0904,,Facebook
250907SHC745YS,รอดำเนินการ,210877657202938,2025-09-07 00:07:37,,2025-09-06 23:54:06,Green life.th ,164766533,C2C(CB),29416064781,ธงแขวนผนังคริสต์มาส - สุขสันต์วันคริสต์มาสประตูแบนเนอร์ตกแต่ง - ของขวัญคริสต์มาส Navidad ตกแต่งบ้านเครื่องประดับ,246916480799,Normal Product,0_366879235850604_2,เครื่องใช้ในบ้าน,อุปกรณ์งานปาร์ตี้,ฉากหลังและผ้าแบนเนอร์,44.9726,1,คอมมิชชั่นจากร้านค้า,,36.9726,,1.50%,0.55458,7.00%,0,0.55458,0,0,0,,0,0.00%,0,100.00%,0,รอดำเนินการ,สถานะของสินค้านี้คือ อยู่ระหว่างดำเนินการ คอมมิชชั่นจะถูกคำนวณเพื่อจ่ายหลังสถานะเป็นสำเร็จแล้วเท่านั้น,คำสั่งซื้อจากร้านค้าต่างกัน,ที่มีอยู่,2599adboostco,paris,mng,m06WRw0904,,Facebook
250907SHC745YS,รอดำเนินการ,210877657202938,2025-09-07 00:07:37,,2025-09-06 23:54:06,Green life.th ,164766533,C2C(CB),42715261493,หน้ากากกะโหลกฟักทองน่ากลัวฮาโลวีน - หน้ากากรูปโครงกระดูกปาร์ตี้สยองขวัญ - อุปกรณ์เสริมเครื่องแต่งกายคอสเพลย์,271260957880,Normal Product,0_366879546228947_1,เครื่องใช้ในบ้าน,อุปกรณ์งานปาร์ตี้,หมวกปาร์ตี้และหน้ากาก,21.88235,1,คอมมิชชั่นจาก Shopee,,20.88235,,1.50%,0.31323,0.00%,0,0.31323,0,0,0,,0,0.00%,0,100.00%,0,รอดำเนินการ,สถานะของสินค้านี้คือ อยู่ระหว่างดำเนินการ คอมมิชชั่นจะถูกคำนวณเพื่อจ่ายหลังสถานะเป็นสำเร็จแล้วเท่านั้น,คำสั่งซื้อจากร้านค้าต่างกัน,ที่มีอยู่,2599adboostco,paris,mng,m06WRw0904,,Facebook
250907SHC745YS,รอดำเนินการ,210877657202938,2025-09-07 00:07:37,,2025-09-06 23:54:06,Green life.th ,164766533,C2C(CB),22746683498,โมเดลโครงกระดูกมนุษย์ พลาสติก ขนาด 40 ซม. สําหรับตกแต่งบ้านผีสิง ปาร์ตี้ฮาโลวีน,184394511131,Normal Product,0_366879546228947_1,เครื่องใช้ในบ้าน,อุปกรณ์งานปาร์ตี้,อื่นๆ,41.02941,1,คอมมิชชั่นจากร้านค้า,,34.02941,,1.50%,0.51044,7.00%,0,0.51044,0,0,0,,0,0.00%,0,100.00%,0,รอดำเนินการ,สถานะของสินค้านี้คือ อยู่ระหว่างดำเนินการ คอมมิชชั่นจะถูกคำนวณเพื่อจ่ายหลังสถานะเป็นสำเร็จแล้วเท่านั้น,คำสั่งซื้อจากร้านค้าต่างกัน,ที่มีอยู่,2599adboostco,paris,mng,m06WRw0904,,Facebook
250907SG7SS737,สำเร็จ,210876435253324,2025-09-06 23:47:15,2025-09-09 21:01:35,2025-09-06 23:33:46,Kwan Prung,1478763431,C2C(Non-CB),27427786181,ข้าวบุกหอมมะลิ รูปแบบใหม่ เหมือนข้าวจริงที่สุด ลืมข้าวบุกแบบเก่าๆไปได้เลย 50g,198461790054,Normal Product,,อาหารและเครื่องดื่ม,วัตถุดิบ,ข้าวสาร,29,5,คอมมิชชั่นจากร้านค้า,,114,,1.75%,1.995,10.00%,0,1.995,1.995,0,1.995,,0,0.00%,0,100.00%,1.995,สำเร็จ,,คำสั่งซื้อจากร้านค้าต่างกัน,ที่มีอยู่,2599adboostco,paris,mng,m01FahRain0805,,Facebook
250907SG7SS736,สำเร็จ,210876435253323,2025-09-06 23:47:15,2025-09-09 21:03:46,2025-09-06 23:33:46,มีสุข ข้าวกล้องเพื่อสุขภาพ,697030360,C2C(Non-CB),22765286490,ข้าวกล้อง กข43 น้ำตาลต่ำ (ขนาด 1 กิโลกรัม) ตรามีสุข,159169585618,Normal Product,,อาหารและเครื่องดื่ม,วัตถุดิบ,ข้าวสาร,60,1,คอมมิชชั่นจากร้านค้า,,51,,1.75%,0.8925,7.00%,0,0.8925,0.8925,0,0.8925,,0,0.00%,0,100.00%,0.8925,สำเร็จ,,คำสั่งซื้อจากร้านค้าต่างกัน,ที่มีอยู่,2599adboostco,paris,mng,m01FahRain0805,,Facebook
250907SFXRTVG9,สำเร็จ,210876132264092,2025-09-06 23:42:13,2025-09-09 22:07:38,2025-09-05 20:12:15,557 Family,15748024,Preferred(Non-CB),25837937928,กล่องเค้ก ฐานโฟม 5 ใบ ครึ่่งปอนด์ มีหูหิ้ว 1/2 ปอนด์,178517044852,Normal Product,,เครื่องใช้ในบ้าน,เครื่องครัว,ที่ใส่อาหารและเครื่องดื่ม,75,4,คอมมิชชั่นจาก Shopee,,240,,1.50%,3.6,0.00%,0,3.6,12,0,12,,0,0.00%,0,100.00%,12,สำเร็จ,,คำสั่งซื้อจากร้านค้าต่างกัน,ที่มีอยู่,m39whippingcream1113,tunis,mng,,,Websites
250907SFXRTVG9,สำเร็จ,210876132264092,2025-09-06 23:42:13,2025-09-09 22:07:38,2025-09-05 20:12:15,557 Family,15748024,Preferred(Non-CB),28466480240,กล่องเค้ก ฐานกระดาษ 5 ใบ ครึ่่งปอนด์ มีหูหิ้ว 1/2 ปอนด์,168893538716,Normal Product,,เครื่องใช้ในบ้าน,เครื่องครัว,ที่ใส่อาหารและเครื่องดื่ม,70,5,คอมมิชชั่นจาก Shopee,,280,,1.50%,4.2,0.00%,0,4.2,0,0,0,,0,0.00%,0,100.00%,0,สำเร็จ,,คำสั่งซื้อจากร้านค้าต่างกัน,ที่มีอยู่,m39whippingcream1113,tunis,mng,,,Websites
250907SFXRTVG9,สำเร็จ,210876132264092,2025-09-06 23:42:13,2025-09-09 22:07:38,2025-09-05 20:12:15,557 Family,15748024,Preferred(Non-CB),28466480240,กล่องเค้ก ฐานกระดาษ 5 ใบ ครึ่่งปอนด์ มีหูหิ้ว 1/2 ปอนด์,234162989327,Normal Product,,เครื่องใช้ในบ้าน,เครื่องครัว,ที่ใส่อาหารและเครื่องดื่ม,70,5,คอมมิชชั่นจาก Shopee,,280,,1.50%,4.2,0.00%,0,4.2,0,0,0,,0,0.00%,0,100.00%,0,สำเร็จ,,คำสั่งซื้อจากร้านค้าต่างกัน,ที่มีอยู่,m39whippingcream1113,tunis,mng,,,Websites
250907SFDV2V06,รอดำเนินการ,210875565241094,2025-09-06 23:32:45,,2025-09-05 05:04:03,The Justice Group ประมวลกฎหมาย,302282461,Preferred(Non-CB),25260449348,พ.ร.บ.ศาลเยาวชนและครอบครัว วิธีพิจารณาคดีเยาวชนและครอบครัว พ.ศ.๒๕๕๓,236012493948,Normal Product,,หนังสือและนิตยสาร,หนังสือ,หนังสือการเมืองกฎหมายและสังคมศาสตร์,96,2,คอมมิชชั่นจาก Shopee,,124,,1.50%,1.86,0.00%,0,1.86,1.86,0,1.86,,0,0.00%,0,100.00%,1.86,รอดำเนินการ,สถานะของสินค้านี้คือ อยู่ระหว่างดำเนินการ คอมมิชชั่นจะถูกคำนวณเพื่อจ่ายหลังสถานะเป็นสำเร็จแล้วเท่านั้น,คำสั่งซื้อจากร้านค้าต่างกัน,ที่มีอยู่,39834489,tunis,mng,m39CherryMagic1119,,Websites
250907SEHQSDGQ,สำเร็จ,210874621222253,2025-09-06 23:17:01,2025-09-11 12:19:21,2025-09-06 21:09:03,TNR Official Store,270094930,Shopee Mall(Non-CB),23033888044,Usu-Pita ถุงยางอนามัยกลิ่น Strawberry ขนาด 56 mm. 1 กล่อง 4 ชิ้น,214092382653,Normal Product,,กลุ่มผลิตภัณฑ์เพื่อสุขภาพ,ถุงยางและสารหล่อลื่น,ถุงยาง,97,1,คอมมิชชั่นจากร้านค้า,,97,,1.50%,1.455,8.00%,0,1.455,2.94,0,2.94,,0,0.00%,0,100.00%,2.94,สำเร็จ,,คำสั่งซื้อจากร้านค้าต่างกัน,ที่มีอยู่,2599adboostco,paris,mng,m01BMavk0821,,Facebook
250907SEHQSDGQ,สำเร็จ,210874621222253,2025-09-06 23:17:01,2025-09-11 12:19:21,2025-09-06 21:09:03,TNR Official Store,270094930,Shopee Mall(Non-CB),16202518308,Onetouch ถุงยางอนามัย ขนาด Excite 56 ขนาด 56 มม 3 กล่อง 9 ชิ้น,170105720012,Normal Product,,กลุ่มผลิตภัณฑ์เพื่อสุขภาพ,ถุงยางและสารหล่อลื่น,ถุงยาง,99,1,คอมมิชชั่นจากร้านค้า,,99,,1.50%,1.485,8.00%,0,1.485,0,0,0,,0,0.00%,0,100.00%,0,สำเร็จ,,คำสั่งซื้อจากร้านค้าต่างกัน,ที่มีอยู่,2599adboostco,paris,mng,m01BMavk0821,,Facebook
250906SDGFFDCC,รอดำเนินการ,210873505203179,2025-09-06 22:58:24,,2025-09-06 21:06:10,Nakiz_Official,63837360,Shopee Mall(Non-CB),8187158518,NAKIZ LIVELY BUTT - ครีมบำรุงผิวกาย,46825780315,Normal Product,,ผลิตภัณฑ์บำรุงและเสริมความงาม,สบู่อาบน้ำและผลิตภัณฑ์ดูแลผิวกาย,"ผลิตภัณฑ์บำรุงผิวกาย เนื้อครีม, โลชั่น, บัตเตอร์",390,1,คอมมิชชั่นจากร้านค้า,,331,,1.75%,5.7925,20.00%,0,5.7925,5.7925,0,5.7925,,0,0.00%,0,100.00%,5.7925,รอดำเนินการ,สถานะของสินค้านี้คือ อยู่ระหว่างดำเนินการ คอมมิชชั่นจะถูกคำนวณเพื่อจ่ายหลังสถานะเป็นสำเร็จแล้วเท่านั้น,คำสั่งซื้อจากร้านค้าต่างกัน,ที่มีอยู่,2599adboostco,paris,mng,m01Tik0803,,Facebook
250906SCNSX3XF,สำเร็จ,210872610206874,2025-09-06 22:43:30,2025-09-09 20:59:45,2025-09-06 08:24:57,ATC Michelin Accessories TH,786242394,Shopee Mall(Non-CB),24030377882,MICHELIN ใบปัดน้ำฝนกระจกหลัง มิชลิน ขนาด 10 นิ้ว 12 นิ้ว 14 นิ้ว แพ็คเดี่ยว Rare wiper blade,197504884492,Normal Product,,รถยนต์ อะไหล่และอุปกรณ์เสริมรถยนต์,ชิ้นส่วนอะไหล่รถยนต์,ที่ปัดน้ำฝน และตัวชะล้าง,240,2,คอมมิชชั่นจากร้านค้า,,352,,1.75%,6.16,7.00%,24.64,30.8,6.16,24.64,30.8,,0,0.00%,0,100.00%,30.8,สำเร็จ,,สั่งซื้อในร้านค้าเดียวกัน,ที่มีอยู่,2599adboostco,paris,mng,m01FahRain0805,,Facebook
250906SCDGUQRN,รอดำเนินการ,210872332257957,2025-09-06 22:38:52,,2025-09-06 12:55:47,bnsshop4.th,1480495291,C2C(CB),25293015256,ส-6เอ็กแอล กางเกงขาสั้นผ้าไหมน้ําแข็งลําลองสําหรับผู้ชายกีฬายิมจ๊อกกิ้งวิ่งบาสเกตบอล ทาลาน กางเกงขาสั้นสําหรับผู้ชายขนาดบวกกางเก,252965342099,Normal Product,,กีฬาและกิจกรรมกลางแจ้ง,เสื้อผ้ากีฬา,กางเกง/กระโปรง,149,1,คอมมิชชั่นจาก Shopee,,149,,1.75%,2.6075,0.00%,0,2.6075,5.215,0,5.215,,0,0.00%,0,100.00%,5.215,รอดำเนินการ,สถานะของสินค้านี้คือ อยู่ระหว่างดำเนินการ คอมมิชชั่นจะถูกคำนวณเพื่อจ่ายหลังสถานะเป็นสำเร็จแล้วเท่านั้น,คำสั่งซื้อจากร้านค้าต่างกัน,ที่มีอยู่,2599adboostco,paris,mng,m01Tik0803,,Facebook
250906SCDGUQRN,รอดำเนินการ,210872332257957,2025-09-06 22:38:52,,2025-09-06 12:55:47,bnsshop4.th,1480495291,C2C(CB),27730528158,ผ้าไหมน้ําแข็ง Simple sport เสื้อยืดแห้งเร็วสําหรับผู้ชาย คอกลมธรรมดา เกาหลี เสื้อยืดแขนสั้นสําหรับผู้ชาย tops เสื้อผ้า Unisex #,223983559555,Normal Product,,เสื้อผ้าผู้ชาย,เสื้อ,เสื้อยืด,149,1,คอมมิชชั่นจาก Shopee,,149,,1.75%,2.6075,0.00%,0,2.6075,0,0,0,,0,0.00%,0,100.00%,0,รอดำเนินการ,สถานะของสินค้านี้คือ อยู่ระหว่างดำเนินการ คอมมิชชั่นจะถูกคำนวณเพื่อจ่ายหลังสถานะเป็นสำเร็จแล้วเท่านั้น,คำสั่งซื้อจากร้านค้าต่างกัน,ที่มีอยู่,2599adboostco,paris,mng,m01Tik0803,,Facebook
250906SBWC0FDU,รอดำเนินการ,210871790297074,2025-09-06 22:29:50,,2025-09-06 17:23:07,AdaChoi.th,1264215720,Preferred(CB),43302435332,AdaChoi U รูปหมอนเป่าลมการ์ตูนหมอนเดินทางสําหรับผู้หญิงแบบพกพาคอหมอนนอนท่องเที่ยวเครื่องบินสํานักงาน Sleep Essentials TH,305199779633,Normal Product,,กระเป๋าเดินทาง,อุปกรณ์เสริมสำหรับเดินทาง,หมอนรองคอและผ้าปิดตาสำหรับเดินทาง,77,1,คอมมิชชั่นจากร้านค้า,,77,,2.00%,1.54,7.00%,0,1.54,1.54,0,1.54,,0,0.00%,0,100.00%,1.54,รอดำเนินการ,สถานะของสินค้านี้คือ อยู่ระหว่างดำเนินการ คอมมิชชั่นจะถูกคำนวณเพื่อจ่ายหลังสถานะเป็นสำเร็จแล้วเท่านั้น,คำสั่งซื้อจากร้านค้าต่างกัน,ที่มีอยู่,2599adboostco,paris,mng,m01KFdika0520,,Facebook
250906SBRFJQ2R,รอดำเนินการ,210871626264412,2025-09-06 22:27:06,,2025-09-06 22:25:34,Yuedpao - ยืดเปล่า Official Store,240723932,Shopee Mall(Non-CB),41400048187,Yuedpao Sportswear เสื้อออกกำลังกายแขนกุด เสื้อกีฬา เสื้อกล้ามออกกำลังกาย เสื้อสำหรับวิ่ง Ultra Flow Sleeveless,290002806345,Normal Product,,กีฬาและกิจกรรมกลางแจ้ง,เสื้อผ้ากีฬา,เสื้อกีฬา,150,1,คอมมิชชั่นจากร้านค้า,,123,,1.75%,2.1525,10.00%,12.3,14.4525,2.1525,12.3,14.4525,,0,0.00%,0,100.00%,14.4525,รอดำเนินการ,สถานะของสินค้านี้คือ อยู่ระหว่างดำเนินการ คอมมิชชั่นจะถูกคำนวณเพื่อจ่ายหลังสถานะเป็นสำเร็จแล้วเท่านั้น,สั่งซื้อในร้านค้าเดียวกัน,ที่มีอยู่,2599adboostco,paris,mng,m01YPf0821,,Facebook
250906SB2U7UDM,รอดำเนินการ,210870900296866,2025-09-06 22:15:00,,2025-09-06 14:09:30,YOUREYESHOP,3826469,Preferred(Non-CB),22281341095,[COD] แว่นสายตายาวเลนส์มัลติโค้ทบลูบล็อค กรอบโลหะสุดอินเทรน รุ่น 10676,225667070468,Normal Product,,เครื่องประดับ,แว่นตา,กรอบและแว่น,180,1,คอมมิชชั่นจากร้านค้า,,162,,1.75%,2.835,7.00%,0,2.835,2.835,0,2.835,,0,0.00%,0,100.00%,2.835,รอดำเนินการ,สถานะของสินค้านี้คือ อยู่ระหว่างดำเนินการ คอมมิชชั่นจะถูกคำนวณเพื่อจ่ายหลังสถานะเป็นสำเร็จแล้วเท่านั้น,คำสั่งซื้อจากร้านค้าต่างกัน,ที่มีอยู่,2599adboostco,paris,mng,m01KFdika0520,,Facebook
250906SB079DRE,รอดำเนินการ,210870812268787,2025-09-06 22:13:32,,2025-09-06 22:00:25,ยางราคาถูก (yangrakatook),39892461,Preferred(Non-CB),22561351666,Hankook Ventus V2 concept2 H457 185/55R16 4เส้น ยางใหม่ปี2024 ยางรถฮันกุก ขอบ16 ฟรีของแถม ทนทาน คุ้มค่า,240041225438,Normal Product,,รถยนต์ อะไหล่และอุปกรณ์เสริมรถยนต์,ชิ้นส่วนอะไหล่รถยนต์,ยางรถและอุปกรณ์เสริม,5790,1,คอมมิชชั่นจาก Shopee,,4632,,1.75%,81.06,0.00%,0,81.06,81.06,0,81.06,,0,0.00%,0,100.00%,81.06,รอดำเนินการ,สถานะของสินค้านี้คือ อยู่ระหว่างดำเนินการ คอมมิชชั่นจะถูกคำนวณเพื่อจ่ายหลังสถานะเป็นสำเร็จแล้วเท่านั้น,คำสั่งซื้อจากร้านค้าต่างกัน,ที่มีอยู่,m39Hankook0110,tunis,mng,,,Websites
250906SAQ95XAF,รอดำเนินการ,210870512262072,2025-09-06 22:08:33,,2025-09-06 22:05:30,TH -Shop,718606161,Preferred(Non-CB),21162788771,ชุดอุปกรณ์ตัดขนสุนัข ปัตตาเลี่ยนตัดขนสัตว์เลี้ยง ที่ตัดขนแมว ที่ตัดขนหมา 4in1 pet trimmer hairclipper พร้อมหัวที่่กรอเล็,221284404367,Normal Product,,สัตว์เลี้ยง,อุปกรณ์ทำความสะอาดและตกแต่งขน,อุปกรณ์ดูแลขนสัตว์เลี้ยง,270,1,คอมมิชชั่นจากร้านค้า,,241,,1.75%,4.2175,4.00%,9.64,13.8575,4.2175,9.64,13.8575,,0,0.00%,0,100.00%,13.8575,รอดำเนินการ,สถานะของสินค้านี้คือ อยู่ระหว่างดำเนินการ คอมมิชชั่นจะถูกคำนวณเพื่อจ่ายหลังสถานะเป็นสำเร็จแล้วเท่านั้น,สั่งซื้อในร้านค้าเดียวกัน,ที่มีอยู่,2599adboostco,paris,mng,m01PetKit0520,,Facebook
250906SA7NFNWU,รอดำเนินการ,210869988296164,2025-09-06 21:59:48,,2025-09-06 21:58:12,PROFILM,237954961,Preferred(Non-CB),20478849540,สเปรย์เคลือบเงา พรีเมี่ยม เคลือบพลาสติก เคลือบสีรถ เคลือบยางดำ เคลือบเบาะคอนโซล PROWAX PREMIUMWAX,127554691922,Normal Product,,รถยนต์ อะไหล่และอุปกรณ์เสริมรถยนต์,ผลิตภัณฑ์ดูแลรถยนต์,ผลิตภัณฑ์ล้างและเคลือบเงารถยนต์,219,1,คอมมิชชั่นจากร้านค้า,,197,,1.75%,3.4475,20.00%,39.4,42.8475,3.4475,39.4,42.8475,,0,0.00%,0,100.00%,42.8475,รอดำเนินการ,สถานะของสินค้านี้คือ อยู่ระหว่างดำเนินการ คอมมิชชั่นจะถูกคำนวณเพื่อจ่ายหลังสถานะเป็นสำเร็จแล้วเท่านั้น,สั่งซื้อในร้านค้าเดียวกัน,ที่มีอยู่,2599adboostco,paris,mng,m56ProwaVDO0905,,Facebook
250906SA0T2CP3,รอดำเนินการ,210869758217560,2025-09-06 21:55:58,,2025-09-06 21:21:54,CIF.VITAMIN,398048672,C2C(Non-CB),22439890519,อาหารผิวโซรอง 1box=60แคปซูล( โปร1-2 กระปุก🤍✨),235329458440,Normal Product,,กลุ่มผลิตภัณฑ์เพื่อสุขภาพ,อาหารเสริม,อาหารเสริมเพื่อความงาม,590,1,คอมมิชชั่นจากร้านค้า,,472,,1.50%,7.08,8.00%,0,7.08,7.08,0,7.08,,0,0.00%,0,100.00%,7.08,รอดำเนินการ,สถานะของสินค้านี้คือ อยู่ระหว่างดำเนินการ คอมมิชชั่นจะถูกคำนวณเพื่อจ่ายหลังสถานะเป็นสำเร็จแล้วเท่านั้น,คำสั่งซื้อจากร้านค้าต่างกัน,ที่มีอยู่,2599adboostco,paris,mng,m01Tik0803,,Facebook
250906S9GSXN7X,สำเร็จ,210869221222571,2025-09-06 21:47:01,2025-09-10 18:55:21,2025-09-06 21:37:08,Merrezca_Official,290328129,Shopee Mall(Non-CB),26350434988,Merrezca Volume & Curling Waterproof Mascara มาสคาร่าหัวเหล็ก ลิฟติ้งขนตางอน-ยาว กันน้ำ กันเหงื่อ,246794974578,Normal Product,,ผลิตภัณฑ์บำรุงและเสริมความงาม,เครื่องสําอาง,เครื่องสําอางสำหรับดวงตา,189,1,คอมมิชชั่นจาก Shopee,,126,,1.75%,2.205,0.00%,0,2.205,5.4775,0,5.4775,,0,0.00%,0,100.00%,5.4775,สำเร็จ,,คำสั่งซื้อจากร้านค้าต่างกัน,ที่มีอยู่,2599adboostco,paris,mng,m01jjshop0803,,Facebook
250906S9GSXN7X,สำเร็จ,210869221222571,2025-09-06 21:47:01,2025-09-10 18:55:21,2025-09-06 21:37:08,Merrezca_Official,290328129,Shopee Mall(Non-CB),29605166275,Merrezca Pudding Kissed Cheeks Blush Stick บลัชพุดดิ้งแก้มเด้ง ผิวสวยสีละมุน,226538552581,Normal Product,,ผลิตภัณฑ์บำรุงและเสริมความงาม,เครื่องสําอาง,เครื่องสําอางสำหรับผิวหน้า,99,1,คอมมิชชั่นจากร้านค้า,,68,,1.75%,1.19,12.00%,0,1.19,0,0,0,,0,0.00%,0,100.00%,0,สำเร็จ,,คำสั่งซื้อจากร้านค้าต่างกัน,ที่มีอยู่,2599adboostco,paris,mng,m01jjshop0803,,Facebook
250906S9GSXN7X,สำเร็จ,210869221222571,2025-09-06 21:47:01,2025-09-10 18:55:21,2025-09-06 21:37:08,Merrezca_Official,290328129,Shopee Mall(Non-CB),40858955433,( 6 ซอง ) Merrezca Glow Ink Color Lip Tint - Sachet,295749976485,Normal Product,,ผลิตภัณฑ์บำรุงและเสริมความงาม,เครื่องสําอาง,เครื่องสำอางสำหรับริมฝีปาก,177,1,คอมมิชชั่นจากร้านค้า,,119,,1.75%,2.0825,8.00%,0,2.0825,0,0,0,,0,0.00%,0,100.00%,0,สำเร็จ,,คำสั่งซื้อจากร้านค้าต่างกัน,ที่มีอยู่,2599adboostco,paris,mng,m01jjshop0803,,Facebook
250906S99SVJEM,รอดำเนินการ,210868986274969,2025-09-06 21:43:07,,2025-09-06 08:26:25,N'Cham24,163294819,Preferred(Non-CB),23475012116,Vf core ขนมแมวเลียบรรจุ 30 ซอง ที่มีประโยชน์ VFcore บำรุงร่างกายสุนัขและแมว,127652932952,Normal Product,,สัตว์เลี้ยง,อาหารสัตว์,ขนมแมว,350,1,คอมมิชชั่นจาก Shopee,,350,,1.75%,6.125,0.00%,0,6.125,6.125,0,6.125,,0,0.00%,0,100.00%,6.125,รอดำเนินการ,สถานะของสินค้านี้คือ อยู่ระหว่างดำเนินการ คอมมิชชั่นจะถูกคำนวณเพื่อจ่ายหลังสถานะเป็นสำเร็จแล้วเท่านั้น,คำสั่งซื้อจากร้านค้าต่างกัน,ที่มีอยู่,2599adboostco,paris,mng,m01PetKit0520,,Facebook
250906S8E9MB2M,รอดำเนินการ,210868063255271,2025-09-06 21:27:43,,2025-09-03 05:08:44,naglasses.th,1019896424,Preferred(CB),26967719304,อุปกรณ์แว่นตาเครื่องมือกล่องใส่แว่นตาพร้อมที่ปัดน้ําฝนฟรี,247036469243,Normal Product,,เครื่องประดับ,แว่นตา,กล่องแว่นและอุปกรณ์เสริมแว่นตา,11,1,คอมมิชชั่นจากร้านค้า,,9,,1.75%,0.1575,8.00%,0,0.1575,1.365,0,1.365,,0,0.00%,0,100.00%,1.365,รอดำเนินการ,สถานะของสินค้านี้คือ อยู่ระหว่างดำเนินการ คอมมิชชั่นจะถูกคำนวณเพื่อจ่ายหลังสถานะเป็นสำเร็จแล้วเท่านั้น,คำสั่งซื้อจากร้านค้าต่างกัน,ที่มีอยู่,m39Victorysecret1225,tunis,mng,,,Websites
250906S8E9MB2M,รอดำเนินการ,210868063255271,2025-09-06 21:27:43,,2025-09-03 05:08:44,naglasses.th,1019896424,Preferred(CB),29188296181,แว่นสายตายาวผู้ชาย  +50~+400  แว่นกรองแสงสีฟ้าออกแดดเปลี่ยนสี แว่นกรองแสง คอมพิวเตอร์ แว่นตาแฟชั่น,260604109069,Normal Product,,เครื่องประดับ,แว่นตา,กรอบและแว่น,97,1,คอมมิชชั่นจากร้านค้า,,69,,1.75%,1.2075,8.00%,0,1.2075,0,0,0,,0,0.00%,0,100.00%,0,รอดำเนินการ,สถานะของสินค้านี้คือ อยู่ระหว่างดำเนินการ คอมมิชชั่นจะถูกคำนวณเพื่อจ่ายหลังสถานะเป็นสำเร็จแล้วเท่านั้น,คำสั่งซื้อจากร้านค้าต่างกัน,ที่มีอยู่,m39Victorysecret1225,tunis,mng,,,Websites
250906S89YC8AP,สำเร็จ,210867918293189,2025-09-06 21:25:18,2025-09-09 19:54:43,2025-09-06 18:46:54,MO_COO,1335458369,Preferred(Non-CB),41959106381,แผ่นรองฉี่สุนัข รุ่นชาร์โคล ดูดซับน้ำ 6 ชั้น ต่อต้านแบคทีเรีย ระงับกลิ่น ช่วยฝึกขับถ่าย แผ่นรองฉี่แมว แผ่นรองฉี่ชาโคล,248640970113,Normal Product,,สัตว์เลี้ยง,ห้องน้ำและทราย,แผ่นรองซับและถาดฝึกขับถ่ายสำหรับสุนัข,72,4,คอมมิชชั่นจากร้านค้า,,229,,1.75%,4.0075,9.00%,0,4.0075,8.015,0,8.015,,0,0.00%,0,100.00%,8.015,สำเร็จ,,คำสั่งซื้อจากร้านค้าต่างกัน,ที่มีอยู่,2599adboostco,paris,mng,m01PetKit0520,,Facebook
250906S89YC8AP,สำเร็จ,210867918293189,2025-09-06 21:25:18,2025-09-09 19:54:43,2025-09-06 18:46:54,MO_COO,1335458369,Preferred(Non-CB),41959106381,แผ่นรองฉี่สุนัข รุ่นชาร์โคล ดูดซับน้ำ 6 ชั้น ต่อต้านแบคทีเรีย ระงับกลิ่น ช่วยฝึกขับถ่าย แผ่นรองฉี่แมว แผ่นรองฉี่ชาโคล,248640970115,Normal Product,,สัตว์เลี้ยง,ห้องน้ำและทราย,แผ่นรองซับและถาดฝึกขับถ่ายสำหรับสุนัข,72,4,คอมมิชชั่นจากร้านค้า,,229,,1.75%,4.0075,9.00%,0,4.0075,0,0,0,,0,0.00%,0,100.00%,0,สำเร็จ,,คำสั่งซื้อจากร้านค้าต่างกัน,ที่มีอยู่,2599adboostco,paris,mng,m01PetKit0520,,Facebook
250906S86YXNWK,รอดำเนินการ,210867818239757,2025-09-06 21:23:38,,2025-09-06 21:03:41,404YOUR Paradise,1327257362,Preferred(CB),42761388570,ป่าน่ารักสัตว์เลี้ยงสัตว์คริสตัลตาบอดกล่องชุดรูปของเล่นสํานักงานสก์ท็อปเครื่องประดับตกแต่งตุ๊กตาน่ารักสัตว์แก้ของขวัญวันเกิดส,285956201861,Normal Product,,งานอดิเรกและของสะสม,ของสะสม,แอคชั่นฟิกเกอร์,128,1,คอมมิชชั่นจากร้านค้า,,106,,1.50%,1.59,7.00%,0,1.59,1.59,0,1.59,,0,0.00%,0,100.00%,1.59,รอดำเนินการ,สถานะของสินค้านี้คือ อยู่ระหว่างดำเนินการ คอมมิชชั่นจะถูกคำนวณเพื่อจ่ายหลังสถานะเป็นสำเร็จแล้วเท่านั้น,คำสั่งซื้อจากร้านค้าต่างกัน,ที่มีอยู่,2599adboostco,paris,mng,m01FahRain0805,,Facebook
250906S86YXNWJ,สำเร็จ,210867818239757,2025-09-06 21:23:38,2025-09-10 10:29:20,2025-09-06 21:03:41,BHQ Toys Official Shop,466493174,Shopee Mall(Non-CB),28157133008,BHQ สุ่มกล่อง ของเล่นกล่องตาบอด เดย์ดรีม เอลฟ์ ของเล่นแฟชั่นน่ารัก เหมาะสำหรับของขวัญวันเกิดสาวๆ,178343638328,Normal Product,,แม่และเด็ก,ของเล่น,ตุ๊กตา,180,1,คอมมิชชั่นจาก Shopee,,149,,1.75%,2.6075,0.00%,0,2.6075,2.6075,0,2.6075,,0,0.00%,0,100.00%,2.6075,สำเร็จ,,คำสั่งซื้อจากร้านค้าต่างกัน,ที่มีอยู่,2599adboostco,paris,mng,m01FahRain0805,,Facebook
250906S827CCX0,สำเร็จ,210867658241413,2025-09-06 21:20:58,2025-09-10 14:23:57,2025-09-06 21:18:24,Warrix Official Store,32706050,Shopee Mall(Non-CB),2310618269,WARRIX กางเกงฟุตบอล เบสิค WP-1509,4572600881,Normal Product,,กีฬาและกิจกรรมกลางแจ้ง,เสื้อผ้ากีฬา,กางเกง/กระโปรง,118,2,คอมมิชชั่นจากร้านค้า,,193,,1.75%,3.3775,10.00%,19.3,22.6775,3.3775,19.3,22.6775,,0,0.00%,0,100.00%,22.6775,สำเร็จ,,สั่งซื้อในร้านค้าเดียวกัน,ที่มีอยู่,SOSEP25,paris,mng,cairoHL,,Line
250906S7YJGDVQ,สำเร็จ,210867569254904,2025-09-06 21:19:30,2025-09-11 09:33:09,2025-09-06 17:59:03,Fha.sai.shop,33991800,C2C(Non-CB),13428295138,ผ้าถุงไหมแพรวา  ผ้าถุงสำเร็จแบบป้าย,233289347632,Normal Product,,เสื้อผ้าผู้หญิง,เสื้อพื้นเมือง,กางเกงพื้นเมือง,189,1,คอมมิชชั่นจาก Shopee,,189,,1.50%,2.835,0.00%,0,2.835,2.835,0,2.835,,0,0.00%,0,100.00%,2.835,สำเร็จ,,คำสั่งซื้อจากร้านค้าต่างกัน,ที่มีอยู่,2599adboostco,paris,mng,m01jjshop0803,,Facebook
250906S7V4U390,สำเร็จ,210867454257635,2025-09-06 21:17:35,2025-09-11 10:34:01,2025-09-06 21:05:56,JJshop 888,347700833,Preferred(Non-CB),20273829574,"JJ shop 💜พร้อมส่ง ชุดบอดี้สูทลายลูกไม้เก๋ๆแต่งสายไขว้ข้างแอบเซ็กซี่ ""SS-5"" -H",127426003510,Normal Product,,เสื้อผ้าผู้หญิง,เสื้อ,บอดี้สูท,115,1,คอมมิชชั่นจากร้านค้า,,73,,1.50%,1.095,4.00%,2.92,4.015,1.095,2.92,4.015,,0,0.00%,0,100.00%,4.015,สำเร็จ,,สั่งซื้อในร้านค้าเดียวกัน,ที่มีอยู่,2599adboostco,paris,mng,m01jjshop0803,,Facebook
250906S7QC9AND,รอดำเนินการ,210867294298663,2025-09-06 21:14:54,,2025-09-06 21:10:01,yuedpao,173187555,Preferred(Non-CB),28786382123,Yuedpao Sportswear เสื้อออกกำลังกาย เสื้อกีฬา ระบายอากาศได้ดี เสื้อสำหรับวิ่ง Ultra Flow Training shirt,280008728889,Normal Product,,กีฬาและกิจกรรมกลางแจ้ง,เสื้อผ้ากีฬา,เสื้อกีฬา,190,1,คอมมิชชั่นจากร้านค้า,,161,,1.75%,2.8175,8.00%,0,2.8175,2.8175,0,2.8175,,0,0.00%,0,100.00%,2.8175,รอดำเนินการ,สถานะของสินค้านี้คือ อยู่ระหว่างดำเนินการ คอมมิชชั่นจะถูกคำนวณเพื่อจ่ายหลังสถานะเป็นสำเร็จแล้วเท่านั้น,คำสั่งซื้อจากร้านค้าต่างกัน,ที่มีอยู่,2599adboostco,paris,mng,m01YPf0821,,Facebook
250906S7KN0KJP,สำเร็จ,210867169221805,2025-09-06 21:12:49,2025-09-10 19:48:17,2025-09-06 21:01:20,Dika Mall,612712702,Preferred(Non-CB),21491624016,DIKA หมวกกันน็อค แว่น2ชั้น หมวกกันน็อคเต็มใบ สามารถเปิดคางได้ Motorcycle Helmet  ปลอดภัย กันน้ำ,204488838463,Normal Product,368347514875922_0_0,รถมอเตอร์ไซค์ อะไหล่และอุปกรณ์เสริมมอเตอร์ไซค์,หมวกกันน็อคและอุปกรณ์สวมใส่สำหรับขับขี่,,578,1,คอมมิชชั่นจากร้านค้า,,460,,1.75%,8.05,8.00%,36.8,44.85,8.05,36.8,44.85,,0,0.00%,0,100.00%,44.85,สำเร็จ,,สั่งซื้อในร้านค้าเดียวกัน,ที่มีอยู่,2599adboostco,paris,mng,m01KFdika0520,,Facebook
250906S7KN0KJP,สำเร็จ,210867169221805,2025-09-06 21:12:49,2025-09-10 19:48:17,2025-09-06 21:01:20,Dika Mall,612712702,Preferred(Non-CB),28682564163,Dika 2 ชิ้นของเครื่องประดับตกแต่งหมีสำหรับหมวกกันน็อคมอเตอร์ไซค์สี เหมาะสำหรับมอเตอร์ไซค์และจักรยาน,167096436404,Normal Product,368347514875922_0_0,รถมอเตอร์ไซค์ อะไหล่และอุปกรณ์เสริมมอเตอร์ไซค์,หมวกกันน็อคและอุปกรณ์สวมใส่สำหรับขับขี่,,0,1,คอมมิชชั่นจากร้านค้า,,0,,1.75%,0,8.00%,0,0,0,0,0,,0,0.00%,0,100.00%,0,สำเร็จ,,สั่งซื้อในร้านค้าเดียวกัน,ที่มีอยู่,2599adboostco,paris,mng,m01KFdika0520,,Facebook
250906S7H2YQJH,รอดำเนินการ,210867083215311,2025-09-06 21:11:23,,2025-09-06 15:34:50,Magic_3Cshop,583809086,Preferred(Non-CB),29766238887,😼ปัตตาเลี่ยนตัดขนเท้า ซอกเท้า สำหรับสัตว์เลี้ยง แมว/สุนัข หัวตัดขนาดเล็ก ตัดขนอุ้งเท้า เครื่องโกนขนอุ้งเท้า😼,265564209377,Normal Product,367978495816175_0_0,สัตว์เลี้ยง,อุปกรณ์ทำความสะอาดและตกแต่งขน,อุปกรณ์ดูแลขนสัตว์เลี้ยง,298,1,คอมมิชชั่นจากร้านค้า,,232,,1.75%,4.06,7.00%,0,4.06,4.06,0,4.06,,0,0.00%,0,100.00%,4.06,รอดำเนินการ,สถานะของสินค้านี้คือ อยู่ระหว่างดำเนินการ คอมมิชชั่นจะถูกคำนวณเพื่อจ่ายหลังสถานะเป็นสำเร็จแล้วเท่านั้น,คำสั่งซื้อจากร้านค้าต่างกัน,ที่มีอยู่,2599adboostco,paris,mng,m01PetKit0520,,Facebook
250906S7H2YQJH,รอดำเนินการ,210867083215311,2025-09-06 21:11:23,,2025-09-06 15:34:50,Magic_3Cshop,583809086,Preferred(Non-CB),29839520065,【พร้อมจัดส่ง】ถุงอุจจาระสัตว์เลี้ยง ถุงขยะ ขนาดเล็ก แบบใช้แล้วทิ้ง สําหรับเก็บอึสัตว์เลี้ยง สุนัข และแมว,227984961316,Normal Product,367978495816175_0_0,สัตว์เลี้ยง,ห้องน้ำและทราย,ถุงเก็บมูล และที่คีบมูล สัตว์เลี้ยง,0,1,คอมมิชชั่นจากร้านค้า,,0,,1.75%,0,6.00%,0,0,0,0,0,,0,0.00%,0,100.00%,0,รอดำเนินการ,สถานะของสินค้านี้คือ อยู่ระหว่างดำเนินการ คอมมิชชั่นจะถูกคำนวณเพื่อจ่ายหลังสถานะเป็นสำเร็จแล้วเท่านั้น,คำสั่งซื้อจากร้านค้าต่างกัน,ที่มีอยู่,2599adboostco,paris,mng,m01PetKit0520,,Facebook
250906S7H2YQJG,สำเร็จ,210867083215311,2025-09-06 21:11:23,2025-09-08 11:30:32,2025-09-06 15:34:50,Petstory789,1095732389,Preferred(Non-CB),22489413593,Two Two Pet ทรายแมวภูเขาไฟเกรดพรีเมี่ยม ทรายแมวเกาหลี ขนาด 10-12 ลิตร,218043769466,Normal Product,,สัตว์เลี้ยง,ห้องน้ำและทราย,ทรายแมวและกระบะทรายแมว,259,1,คอมมิชชั่นจาก Shopee,,203,,1.75%,3.5525,0.00%,0,3.5525,3.5525,0,3.5525,,0,0.00%,0,100.00%,3.5525,สำเร็จ,,คำสั่งซื้อจากร้านค้าต่างกัน,ที่มีอยู่,2599adboostco,paris,mng,m01PetKit0520,,Facebook
250906S7EWEHH8,รอดำเนินการ,210867010298295,2025-09-06 21:10:10,,2025-09-06 20:44:03,ASUS.th,1316663055,C2C(CB),42450558280,กระเป๋าถือ ใหม่แฟชั่นกระเป๋าถือไหล่เดียว Unisex วัสดุ PU,270044478494,Normal Product,,กระเป๋าผู้หญิง,กระเป๋าถือ,,353,1,คอมมิชชั่นจาก Shopee,,207,,2.00%,4.14,0.00%,0,4.14,4.14,0,4.14,,0,0.00%,0,100.00%,4.14,รอดำเนินการ,สถานะของสินค้านี้คือ อยู่ระหว่างดำเนินการ คอมมิชชั่นจะถูกคำนวณเพื่อจ่ายหลังสถานะเป็นสำเร็จแล้วเท่านั้น,คำสั่งซื้อจากร้านค้าต่างกัน,ที่มีอยู่,2599adboostco,paris,mng,m06NOV0904,,Facebook
250906S75MSDHW,สำเร็จ,210866699226759,2025-09-06 21:05:00,2025-09-07 10:55:33,2025-09-06 08:42:14,MAX_GB_SHOP,299337957,Preferred(Non-CB),22353414917,ซื้อ 1 แถม 1 GIVE ME Berry Plus (กีฟมี เบอร์รี่พลัส) มีไฟเบอร์จากเบอร์รี่กว่า 10 ชนิด ตราวิษามิน จำนวน 2 กล่อง 14 ซอง,69694547705,Normal Product,,กลุ่มผลิตภัณฑ์เพื่อสุขภาพ,อาหารเสริม,อาหารเสริมการควบคุมน้ำหนัก,201,2,คอมมิชชั่นจากร้านค้า,,321,,1.50%,4.815,2.00%,0,4.815,4.815,0,4.815,,0,0.00%,0,100.00%,4.815,สำเร็จ,,คำสั่งซื้อจากร้านค้าต่างกัน,ที่มีอยู่,2599adboostco,paris,mng,m01jjshop0803,,Facebook
250906S74WVNJ6,สำเร็จ,210866675217187,2025-09-06 21:04:35,2025-09-11 14:10:47,2025-09-06 10:52:15,ivy studio,812455494,Preferred(Non-CB),27585856664,ผ้าพันคอซาติน Sea breeze (E06)  ผ้าคลุมไหล่ ผ้าโพกศรีษะ【70x70 ซม】ผ้ามัดผมเกาหลี,253365277049,Normal Product,,เครื่องประดับ,ผ้าพันคอและผ้าคลุมไหล่,,39,1,คอมมิชชั่นจาก Shopee,,35,,1.75%,0.6125,0.00%,0,0.6125,2.52,0,2.52,,0,0.00%,0,100.00%,2.52,สำเร็จ,,คำสั่งซื้อจากร้านค้าต่างกัน,ที่มีอยู่,2599adboostco,paris,mng,m01Tik0803,,Facebook
250906S74WVNJ6,สำเร็จ,210866675217187,2025-09-06 21:04:35,2025-09-11 14:10:47,2025-09-06 10:52:15,ivy studio,812455494,Preferred(Non-CB),41100835237,หมวกแก๊ป Brooklyn (B152) หมวกแฟชั่นเกาหลี กันแดด แนว sport กีฬา,305065904424,Normal Product,,เครื่องประดับ,หมวก,,45,1,คอมมิชชั่นจาก Shopee,,40,,1.75%,0.7,0.00%,0,0.7,0,0,0,,0,0.00%,0,100.00%,0,สำเร็จ,,คำสั่งซื้อจากร้านค้าต่างกัน,ที่มีอยู่,2599adboostco,paris,mng,m01Tik0803,,Facebook
250906S74WVNJ6,สำเร็จ,210866675217187,2025-09-06 21:04:35,2025-09-11 14:10:47,2025-09-06 10:52:15,ivy studio,812455494,Preferred(Non-CB),25013307220,💕ivy หมวกแก๊ป Los angeless (B85) หมวกแฟชั่นเกาหลี กันแดด แนว sport กีฬา,158521127881,Normal Product,,เครื่องประดับ,หมวก,,49,1,คอมมิชชั่นจากร้านค้า,,44,,1.75%,0.77,4.00%,0,0.77,0,0,0,,0,0.00%,0,100.00%,0,สำเร็จ,,คำสั่งซื้อจากร้านค้าต่างกัน,ที่มีอยู่,2599adboostco,paris,mng,m01Tik0803,,Facebook
250906S74WVNJ6,สำเร็จ,210866675217187,2025-09-06 21:04:35,2025-09-11 14:10:47,2025-09-06 10:52:15,ivy studio,812455494,Preferred(Non-CB),25934802335,ผ้าเช็ดหน้าวินเทจ  55x55cm (E02) ผ้าโพกหัว ผ้าพันคอ Cotton ลายลูกน้ำ,147419672791,Normal Product,,เครื่องประดับ,เครื่องประดับอื่นๆ,ผ้าเช็ดหน้า,9,1,คอมมิชชั่นจาก Shopee,,9,,1.75%,0.1575,0.00%,0,0.1575,0,0,0,,0,0.00%,0,100.00%,0,สำเร็จ,,คำสั่งซื้อจากร้านค้าต่างกัน,ที่มีอยู่,2599adboostco,paris,mng,m01Tik0803,,Facebook
250906S74WVNJ6,สำเร็จ,210866675217187,2025-09-06 21:04:35,2025-09-11 14:10:47,2025-09-06 10:52:15,ivy studio,812455494,Preferred(Non-CB),25934802335,ผ้าเช็ดหน้าวินเทจ  55x55cm (E02) ผ้าโพกหัว ผ้าพันคอ Cotton ลายลูกน้ำ,187725692625,Normal Product,,เครื่องประดับ,เครื่องประดับอื่นๆ,ผ้าเช็ดหน้า,9,1,คอมมิชชั่นจาก Shopee,,8,,1.75%,0.14,0.00%,0,0.14,0,0,0,,0,0.00%,0,100.00%,0,สำเร็จ,,คำสั่งซื้อจากร้านค้าต่างกัน,ที่มีอยู่,2599adboostco,paris,mng,m01Tik0803,,Facebook
250906S74WVNJ6,สำเร็จ,210866675217187,2025-09-06 21:04:35,2025-09-11 14:10:47,2025-09-06 10:52:15,ivy studio,812455494,Preferred(Non-CB),25934802335,ผ้าเช็ดหน้าวินเทจ  55x55cm (E02) ผ้าโพกหัว ผ้าพันคอ Cotton ลายลูกน้ำ,187725692626,Normal Product,,เครื่องประดับ,เครื่องประดับอื่นๆ,ผ้าเช็ดหน้า,9,1,คอมมิชชั่นจาก Shopee,,8,,1.75%,0.14,0.00%,0,0.14,0,0,0,,0,0.00%,0,100.00%,0,สำเร็จ,,คำสั่งซื้อจากร้านค้าต่างกัน,ที่มีอยู่,2599adboostco,paris,mng,m01Tik0803,,Facebook
250906S66F8QRA,รอดำเนินการ,210865653253826,2025-09-06 20:47:33,,2025-09-06 20:38:30,JP Plant,800612733,C2C(Non-CB),27435715604,(ยกแพค 5 / 10 คู่) ถุงเท้า Socksy แอนตี้แบคทีเรีย 99% ช่วยลดกลิ่นอับ นุ่มสบายเท้า ตลอดวัน มีทั้งข้อสั้น และข้อกลาง,149170003798,Normal Product,,เสื้อผ้าผู้ชาย,ถุงเท้า,,104,1,คอมมิชชั่นจาก Shopee,,88,,1.75%,1.54,0.00%,0,1.54,1.54,0,1.54,,0,0.00%,0,100.00%,1.54,รอดำเนินการ,สถานะของสินค้านี้คือ อยู่ระหว่างดำเนินการ คอมมิชชั่นจะถูกคำนวณเพื่อจ่ายหลังสถานะเป็นสำเร็จแล้วเท่านั้น,คำสั่งซื้อจากร้านค้าต่างกัน,ที่มีอยู่,2599adboostco,paris,mng,m06NOV0904,,Facebook
250906S5D1QURY,สำเร็จ,210864800209146,2025-09-06 20:33:20,2025-09-08 15:54:55,2025-09-06 20:15:55,NASAKING.,1551244259,Preferred(CB),42208685246,เสื้อยืด NASA รุ่นปี 2025 - ลายเป็ดตกใจ ผ้าฝ้าย 100% สไตล์เกาหลี ใส่ได้ทั้งผู้ชายและผู้หญิง เหมาะสำหรับวัยรุ่น,265731152758,Normal Product,,เสื้อผ้าผู้ชาย,เสื้อ,เสื้อยืด,138,1,ดีลพิเศษเฉพาะคุณ,,124,,1.75%,2.17,25.00%,0,2.17,2.17,0,2.17,,0,0.00%,0,100.00%,2.17,สำเร็จ,,คำสั่งซื้อจากร้านค้าต่างกัน,ที่มีอยู่,2599adboostco,paris,mng,m06Nasa1228,,Facebook
250906S3UMJ4MH,รอดำเนินการ,210863142227088,2025-09-06 20:05:42,,2025-09-06 13:06:58,SportZ,1334725193,Preferred(Non-CB),29358643868,🔥ชุดกีฬา 2 ชิ้น🔥เสื้อยืด+กางเกงขาสั้น ชุดเซ็ทกีฬา ชุดกีฬา ชุดวิ่ง ชุดเซ็ทกางเกง+ ธงLogoช้าง,197743138898,Normal Product,,กีฬาและกิจกรรมกลางแจ้ง,เสื้อผ้ากีฬา,ชุดเซ็ตกีฬา,129,1,คอมมิชชั่นจากร้านค้า,,129,,1.75%,2.2575,10.00%,0,2.2575,2.2575,0,2.2575,,0,0.00%,0,100.00%,2.2575,รอดำเนินการ,สถานะของสินค้านี้คือ อยู่ระหว่างดำเนินการ คอมมิชชั่นจะถูกคำนวณเพื่อจ่ายหลังสถานะเป็นสำเร็จแล้วเท่านั้น,คำสั่งซื้อจากร้านค้าต่างกัน,ที่มีอยู่,2599adboostco,paris,mng,m01kaofangMeow0303,,Facebook
250906S2J7WX9R,รอดำเนินการ,210861753240033,2025-09-06 19:42:34,,2025-09-06 07:49:45,บ้านนี้มีของ,1498196533,C2C(Non-CB),41010321530,บ้านแมวกระดาษอเนกประสงค์ สำหรับสัตว์เลี้ยงแมว ลดปัญหาการขีดข่วนเฟอร์นิเจอร์ แมวแฮปปี้ แมวมีความสุข,290867556524,Normal Product,,สัตว์เลี้ยง,อุปกรณ์สำหรับสัตว์เลี้ยง,เฟอร์นิเจอร์สัตว์เลี้ยง,185,1,คอมมิชชั่นจากร้านค้า,,141,,1.75%,2.4675,16.00%,0,2.4675,2.4675,0,2.4675,,0,0.00%,0,100.00%,2.4675,รอดำเนินการ,สถานะของสินค้านี้คือ อยู่ระหว่างดำเนินการ คอมมิชชั่นจะถูกคำนวณเพื่อจ่ายหลังสถานะเป็นสำเร็จแล้วเท่านั้น,คำสั่งซื้อจากร้านค้าต่างกัน,ที่มีอยู่,m39CatChiii1030,tunis,mng,,,Websites
250906S25PDD73,สำเร็จ,210861332226862,2025-09-06 19:35:32,2025-09-11 20:12:55,2025-09-06 19:26:44,keyool.th,1231663572,Preferred(CB),24045925208,"คีย์อูล ไฟกลางคืนสําหรับเด็ก, ของขวัญมหาสมุทร ดาว กาแลคซี โปรเจ็กเตอร์, 360 หมุน 21 ชุดของฟิล์ม โคมไฟตกแต่งบ้านห้องน",300692819406,Normal Product,,เครื่องใช้ในบ้าน,โคมไฟและอุปกรณ์ให้แสงสว่าง,,241,1,คอมมิชชั่นจาก Shopee,,193,,1.50%,2.895,0.00%,0,2.895,2.895,0,2.895,,0,0.00%,0,100.00%,2.895,สำเร็จ,,คำสั่งซื้อจากร้านค้าต่างกัน,ที่มีอยู่,2599adboostco,paris,mng,m06Nasa1228,,Facebook
250906RXJUVSH8,สำเร็จ,210857479212256,2025-09-06 18:31:19,2025-09-09 15:08:30,2025-09-06 18:23:16,SEAMWI thailand office,1236344591,Shopee Mall(Non-CB),26234883295,⚡ส่งจาก กทม⚡Seamwi Cat8 สาย Lan RJ45 40Gbps 2000MHz ส่งความเร็วสูง ใช้ได้กับ แล็ปท็อป เราเตอร์,243294116259,Normal Product,,คอมพิวเตอร์และอุปกรณ์เสริม,อุปกรณ์เน็ตเวิร์ก,สายแลน และ อุปกรณ์เชื่อมต่อสายแลน,94,1,คอมมิชชั่นจากร้านค้า,,75,,1.50%,1.125,5.00%,0,1.125,1.125,0,1.125,,0,0.00%,0,100.00%,1.125,สำเร็จ,,คำสั่งซื้อจากร้านค้าต่างกัน,ที่มีอยู่,2599adboostco,paris,mng,m01PetKit0520,,Facebook
250906RWSUTV6Q,สำเร็จ,210856640283189,2025-09-06 18:17:21,2025-09-10 18:29:33,2025-09-06 17:37:11,shop8108,47371930,C2C(Non-CB),2497125265,🔥หมวกแก๊ปSports  Hats อุปกรณ์เสริมสำหรับเล่นกีฬาหมวกกีฬา,107249924618,Normal Product,,กีฬาและกิจกรรมกลางแจ้ง,อุปกรณ์เสริมสำหรับเล่นกีฬาและกิจกรรมกลางแจ้ง,หมวกกีฬา,139,1,คอมมิชชั่นจาก Shopee,,139,,1.75%,2.4325,0.00%,0,2.4325,2.4325,0,2.4325,,0,0.00%,0,100.00%,2.4325,สำเร็จ,,คำสั่งซื้อจากร้านค้าต่างกัน,ที่มีอยู่,2599adboostco,paris,mng,m06WRw0904,,Facebook
250906RUTUPKSW,สำเร็จ,210854526219223,2025-09-06 17:42:06,2025-09-10 21:06:23,2025-09-06 17:07:55,The Card Master,822771298,C2C(Non-CB),16380614127,Spot It Card Game/เกมส์สปอตอิท เล่นได้2 ถึง 7 คน เหมาะสําหรับครอบครัว คลาสสิก เกมไพ่การ์ดจับคู่,246117204228,Normal Product,,งานอดิเรกและของสะสม,ของเล่นและเกม,บอร์ดเกมและการ์ดเกม,78,1,คอมมิชชั่นจากร้านค้า,,78,,1.50%,1.17,10.00%,0,1.17,1.17,0,1.17,,0,0.00%,0,100.00%,1.17,สำเร็จ,,คำสั่งซื้อจากร้านค้าต่างกัน,ที่มีอยู่,2599adboostco,paris,mng,m01Tik0803,,Facebook
250906RU73D4QR,สำเร็จ,210853863209807,2025-09-06 17:31:03,2025-09-10 13:07:22,2025-09-06 10:35:00,SukJai_onlineshop,1085431077,Preferred(Non-CB),44051455828,Baby Moby  ผ้าเปียก 99.9% เพียววอเตอร์ (ยกลัง 12 ห่อ) 80 แผ่น/ห่อ,280274006949,Normal Product,,แม่และเด็ก,ผลิตภัณฑ์อาบน้ำและดูแลผิวเด็ก,ทิชชู่เด็ก,995,1,คอมมิชชั่นจาก Shopee,,796,,1.75%,13.93,0.00%,0,13.93,13.93,0,13.93,,0,0.00%,0,100.00%,13.93,สำเร็จ,,คำสั่งซื้อจากร้านค้าต่างกัน,ที่มีอยู่,2599adboostco,paris,mng,m01Tik0803,,Facebook
250906RTR2S437,รอดำเนินการ,210853359235343,2025-09-06 17:22:40,,2025-09-06 17:18:49,May-Good-Idea,64698228,Preferred(Non-CB),19786966852,ADDA รุ่น 5TD88 SIZE (7-10) 2DENSITY นุ่มสวมใส่สบายมีสายรัดหลังมาให้เพิ่มความกระชับ รองเท้าหัวโต,98847083042,Normal Product,,รองเท้าผู้ชาย,รองเท้าแตะ,รองเท้าแตะแบบสวม,209,1,คอมมิชชั่นจากร้านค้า,,188,,1.00%,1.88,4.00%,7.52,9.4,1.88,7.52,9.4,,0,0.00%,0,100.00%,9.4,รอดำเนินการ,สถานะของสินค้านี้คือ อยู่ระหว่างดำเนินการ คอมมิชชั่นจะถูกคำนวณเพื่อจ่ายหลังสถานะเป็นสำเร็จแล้วเท่านั้น,สั่งซื้อในร้านค้าเดียวกัน,ที่มีอยู่,,,,,,Shopeevideo-Shopee
250906RTCGQAHM,สำเร็จ,210852971206083,2025-09-06 17:16:11,2025-09-09 20:50:01,2025-09-06 09:19:33,Sripong Auto,1168450124,Preferred(Non-CB),24409894267,[1คู่] Bosch ใบปัดน้ำฝน Nissan March Sylphy Juke Tiida Almera Sunny Teana Pulsar Note Kick นิสสัน ที่ปัดน้ำฝน,240885198185,Normal Product,,รถยนต์ อะไหล่และอุปกรณ์เสริมรถยนต์,ชิ้นส่วนอะไหล่รถยนต์,ที่ปัดน้ำฝน และตัวชะล้าง,359,1,คอมมิชชั่นจาก Shopee,,323,,1.75%,5.6525,0.00%,0,5.6525,5.6525,0,5.6525,,0,0.00%,0,100.00%,5.6525,สำเร็จ,,คำสั่งซื้อจากร้านค้าต่างกัน,ที่มีอยู่,2599adboostco,paris,mng,m01FahRain0805,,Facebook
250906RT8F3HDF,สำเร็จ,210852835282679,2025-09-06 17:13:55,2025-09-10 14:44:45,2025-09-06 05:00:06,24Kเคมีภัณฑ์,230911967,C2C(Non-CB),43853479471,ไนตริกแท้68%ใช้สกัดทอง,248490336127,Normal Product,,เครื่องใช้ในบ้าน,อื่นๆ,,100,1,คอมมิชชั่นจากร้านค้า,,100,,1.50%,1.5,9.00%,0,1.5,1.5,0,1.5,,0,0.00%,0,100.00%,1.5,สำเร็จ,,คำสั่งซื้อจากร้านค้าต่างกัน,ที่มีอยู่,2599adboostco,paris,mng,m01pvcVDO0904,,Facebook
250906RS0QU773,สำเร็จ,210851502272789,2025-09-06 16:51:42,2025-09-11 06:27:25,2025-09-04 18:57:31,namsomgarden,492851773,Preferred(Non-CB),22090067108,ดาหลาสีชมพู1หน่อขุดสดไม้ประดับ,245794875686,Normal Product,,เครื่องใช้ในบ้าน,สวน,ต้นไม้,29,1,คอมมิชชั่นจาก Shopee,,29,,1.50%,0.435,0.00%,0,0.435,1.44,0,1.44,,0,0.00%,0,100.00%,1.44,สำเร็จ,,คำสั่งซื้อจากร้านค้าต่างกัน,ที่มีอยู่,m39DicEngth1212,tunis,mng,,,Websites
250906RS0QU773,สำเร็จ,210851502272789,2025-09-06 16:51:42,2025-09-11 06:27:25,2025-09-04 18:57:31,namsomgarden,492851773,Preferred(Non-CB),17859071503,ดาหลาสีแดง1หน่อขุดสดส่ง,135488419737,Normal Product,,เครื่องใช้ในบ้าน,สวน,เมล็ดพันธุ์พืช,32,1,คอมมิชชั่นจาก Shopee,,32,,1.50%,0.48,0.00%,0,0.48,0,0,0,,0,0.00%,0,100.00%,0,สำเร็จ,,คำสั่งซื้อจากร้านค้าต่างกัน,ที่มีอยู่,m39DicEngth1212,tunis,mng,,,Websites
250906RS0QU773,สำเร็จ,210851502272789,2025-09-06 16:51:42,2025-09-11 06:27:25,2025-09-04 18:57:31,namsomgarden,492851773,Preferred(Non-CB),21144468414,ต้นดาหลาสีแดงใบแดง1หน่อขุดสดมีจำกัดปลูกประมาณ2-3เดือนแตกกอ10-15ต้นขยาบพันธุ์ต่อไปได้ตลอด,202249080845,Normal Product,,เครื่องใช้ในบ้าน,สวน,ต้นไม้,35,1,คอมมิชชั่นจาก Shopee,,35,,1.50%,0.525,0.00%,0,0.525,0,0,0,,0,0.00%,0,100.00%,0,สำเร็จ,,คำสั่งซื้อจากร้านค้าต่างกัน,ที่มีอยู่,m39DicEngth1212,tunis,mng,,,Websites
250906RR88URMM,สำเร็จ,210850681255907,2025-09-06 16:38:01,2025-09-11 09:05:58,2025-09-06 12:31:58,Basiquee.Shop,432548712,Preferred(Non-CB),27316139955,"Basi💥 เสื้อยืด oversize unisex ลาย ""POKER.WASSUP"" เสื้อดูแพง cotton 100% เนื้อผ้าเกรดพรีเมียม คอกลม ใส่สบาย",205515030950,Normal Product,,เสื้อผ้าผู้ชาย,เสื้อ,เสื้อยืด,199,1,คอมมิชชั่นจากร้านค้า,,159,,1.75%,2.7825,10.00%,0,2.7825,2.7825,0,2.7825,,0,0.00%,0,100.00%,2.7825,สำเร็จ,,คำสั่งซื้อจากร้านค้าต่างกัน,ที่มีอยู่,2599adboostco,paris,mng,m06Nasa1228,,Facebook
250906RR88URMK,สำเร็จ,210850681255907,2025-09-06 16:38:01,2025-09-11 09:05:49,2025-09-06 12:31:58,Fanfei Clothing store,1286348533,C2C(Non-CB),27075683999,(จัดส่งตลอด 24 ชั่วโมง)Fanfei เสื้อยืด oversize 'One Piece' แขนสั้น cotton 100% t shirt แฟชั่น วินเทจ แนวสตรีท เสื้อฟอก,215775618803,Normal Product,,เสื้อผ้าผู้ชาย,เสื้อ,เสื้อยืด,169,1,คอมมิชชั่นจากร้านค้า,,136,,1.75%,2.38,10.00%,0,2.38,2.38,0,2.38,,0,0.00%,0,100.00%,2.38,สำเร็จ,,คำสั่งซื้อจากร้านค้าต่างกัน,ที่มีอยู่,2599adboostco,paris,mng,m06Nasa1228,,Facebook
250906RR88URMJ,รอดำเนินการ,210850681255907,2025-09-06 16:38:01,,2025-09-06 12:31:58,Ken boo ร้านรองเท้าแตะ,1176835615,Shopee Mall(CB),24779701930,รองเทา้แตะผชู้  Kenboo ไซส์ 41-45 กันลื่น ระบายอากาศดี ใช้ได้ทั้งใน-นอกบ้าน,88920201768,Normal Product,,รองเท้าผู้ชาย,รองเท้าแตะ,รองเท้าแตะแบบหนีบ,265,1,คอมมิชชั่นจากร้านค้า,,195,,1.75%,3.4125,15.00%,0,3.4125,3.4125,0,3.4125,,0,0.00%,0,100.00%,3.4125,รอดำเนินการ,สถานะของสินค้านี้คือ อยู่ระหว่างดำเนินการ คอมมิชชั่นจะถูกคำนวณเพื่อจ่ายหลังสถานะเป็นสำเร็จแล้วเท่านั้น,คำสั่งซื้อจากร้านค้าต่างกัน,ที่มีอยู่,2599adboostco,paris,mng,m06Nasa1228,,Facebook
250906RQRGCKRY,สำเร็จ,210850152271573,2025-09-06 16:29:13,2025-09-09 18:11:27,2025-09-06 12:51:13,ZZshop mall,1153584357,C2C(Non-CB),44253202860,หมอน หมอนสุขภาพ หมอนโรงแรม หมอนขิด 1000g กันไรฝุ่น แก้ปวดคอ บ่า ไหล่ หมอนนอน pillow หมอนเย็น หมอนขิต,265265764627,Normal Product,,เครื่องใช้ในบ้าน,ห้องนอน,หมอน,138,1,คอมมิชชั่นจากร้านค้า,,138,,1.50%,2.07,9.00%,0,2.07,2.07,0,2.07,,0,0.00%,0,100.00%,2.07,สำเร็จ,,คำสั่งซื้อจากร้านค้าต่างกัน,ที่มีอยู่,2599adboostco,paris,mng,m56ProwaVDO0905,,Facebook
250906RQRGCKRX,สำเร็จ,210850152271573,2025-09-06 16:29:13,2025-09-08 13:50:59,2025-09-06 12:51:13,Thanakrit.Shopp,286464473,Preferred(Non-CB),28256952885,ขั้วหลอดไฟ ขั้วต่อหลอดไฟ E27 ขั้วต่อE27 ขั้วเกลียว ขยายให้ยาวขึ้น,241314967428,Normal Product,,เครื่องใช้ในบ้าน,อื่นๆ,,15,1,คอมมิชชั่นจากร้านค้า,,12,,1.50%,0.18,4.00%,0,0.18,0.18,0,0.18,,0,0.00%,0,100.00%,0.18,สำเร็จ,,คำสั่งซื้อจากร้านค้าต่างกัน,ที่มีอยู่,2599adboostco,paris,mng,m56ProwaVDO0905,,Facebook
250906RQRGCKRW,สำเร็จ,210850152271573,2025-09-06 16:29:13,2025-09-10 13:10:01,2025-09-06 12:51:13,NewPetShop,83872760,Preferred(Non-CB),20652103652,FRONT LINE Plus For Cat ฟรอนท์ไลน์ พลัส สำหรับแมว Exp:05/2027,212620311258,Normal Product,,สัตว์เลี้ยง,ผลิตภัณฑ์ดูแลสุขภาพสัตว์เลี้ยง,ผลิตภัณฑ์ป้องกันหมัดและเห็บ,459,1,คอมมิชชั่นจาก Shopee,,367,,1.75%,6.4225,0.00%,0,6.4225,6.4225,0,6.4225,,0,0.00%,0,100.00%,6.4225,สำเร็จ,,คำสั่งซื้อจากร้านค้าต่างกัน,ที่มีอยู่,2599adboostco,paris,mng,m56ProwaVDO0905,,Facebook
250906RQM8XFJE,สำเร็จ,210850010255491,2025-09-06 16:26:51,2025-09-09 14:52:49,2025-09-03 05:10:08,จริงจังมอเตอร์,55852559,Preferred(Non-CB),5483020293,"กระจกมองหลัง ข้างซ้าย ข้างขวา แท้ศูนย์ YAMAHA รุ่น MT15, M-SLAZ",44351258984,Normal Product,,รถมอเตอร์ไซค์ อะไหล่และอุปกรณ์เสริมมอเตอร์ไซค์,อุปกรณ์ตกแต่งมอเตอร์ไซค์,กระจกข้างและอุปกรณ์เสริม,216,1,คอมมิชชั่นจากร้านค้า,,173,,1.75%,3.0275,2.00%,0,3.0275,6.0375,0,6.0375,,0,0.00%,0,100.00%,6.0375,สำเร็จ,,คำสั่งซื้อจากร้านค้าต่างกัน,ที่มีอยู่,m19StampPost0130,wembley,mng,,,Websites
250906RQM8XFJE,สำเร็จ,210850010255491,2025-09-06 16:26:51,2025-09-09 14:52:49,2025-09-03 05:10:08,จริงจังมอเตอร์,55852559,Preferred(Non-CB),5483020293,"กระจกมองหลัง ข้างซ้าย ข้างขวา แท้ศูนย์ YAMAHA รุ่น MT15, M-SLAZ",44351258985,Normal Product,,รถมอเตอร์ไซค์ อะไหล่และอุปกรณ์เสริมมอเตอร์ไซค์,อุปกรณ์ตกแต่งมอเตอร์ไซค์,กระจกข้างและอุปกรณ์เสริม,216,1,คอมมิชชั่นจากร้านค้า,,172,,1.75%,3.01,2.00%,0,3.01,0,0,0,,0,0.00%,0,100.00%,0,สำเร็จ,,คำสั่งซื้อจากร้านค้าต่างกัน,ที่มีอยู่,m19StampPost0130,wembley,mng,,,Websites
250906RQ9DT4JY,รอดำเนินการ,210849646263929,2025-09-06 16:20:47,,2025-09-06 10:03:05,123 iT,95967392,Preferred(Non-CB),24613578993,แบตเตอรี่ ใช้สำหรับ Phone แบต Battery แบต i6  i6s  i7  i8 i8+ iX iXR iXs i13 i11 i11Pro i12 Pro Max 13 13pro i13promax,232519495588,Normal Product,,มือถือและอุปกรณ์เสริม,อุปกรณ์เสริม,แบตเตอรี่และแบตสำรอง,808,1,คอมมิชชั่นจากร้านค้า,,581,,1.50%,8.715,10.00%,0,8.715,8.715,0,8.715,,0,0.00%,0,100.00%,8.715,รอดำเนินการ,สถานะของสินค้านี้คือ อยู่ระหว่างดำเนินการ คอมมิชชั่นจะถูกคำนวณเพื่อจ่ายหลังสถานะเป็นสำเร็จแล้วเท่านั้น,คำสั่งซื้อจากร้านค้าต่างกัน,ที่มีอยู่,37492180,tunis,mng,m39GOODRIDESportRS0116,,Websites
250906RQ5C4DKJ,รอดำเนินการ,210849510284716,2025-09-06 16:18:30,,2025-09-06 16:15:48,9STORE BY CATZA MEOW Official,289705092,C2C(Non-CB),14283000817,MEOW ทรายแมวเต้าหู้ 10 ลิตร / ทรายแมวมันเต้า MEOW ออแกนิก 100% ทิ้งชักโครกได้,245008957092,Normal Product,,สัตว์เลี้ยง,ห้องน้ำและทราย,ทรายแมวและกระบะทรายแมว,160,1,คอมมิชชั่นจากร้านค้า,,144,,1.75%,2.52,8.00%,11.52,14.04,2.52,11.52,14.04,,0,0.00%,0,100.00%,14.04,รอดำเนินการ,สถานะของสินค้านี้คือ อยู่ระหว่างดำเนินการ คอมมิชชั่นจะถูกคำนวณเพื่อจ่ายหลังสถานะเป็นสำเร็จแล้วเท่านั้น,สั่งซื้อในร้านค้าเดียวกัน,ที่มีอยู่,2599adboostco,paris,mng,m01kaofangMeow0303,,Facebook
250906RQ3GY3F1,สำเร็จ,210849448241837,2025-09-06 16:17:29,2025-09-11 18:16:40,2025-09-06 02:28:38,COZII.TH,1357374573,Preferred(Non-CB),29014847612,COZII กระดาษรองหม้อทอด แบบใช้แล้วทิ้ง (แพ็ค 30/50/100ชิ้น) กระดาษรองอบ แผ่นกระดาษรองหม้อทอดไร้น้ำมัน กันติด กันน้ำ,215482897895,Normal Product,,เครื่องใช้ในบ้าน,เครื่องครัว,อุปกรณ์ทำขนม,27,2,คอมมิชชั่นจาก Shopee,,54,,1.50%,0.81,0.00%,0,0.81,1.185,0,1.185,,0,0.00%,0,100.00%,1.185,สำเร็จ,,คำสั่งซื้อจากร้านค้าต่างกัน,ที่มีอยู่,2599adboostco,paris,mng,m56xep0905,,Facebook
250906RQ3GY3F1,สำเร็จ,210849448241837,2025-09-06 16:17:29,2025-09-11 18:16:40,2025-09-06 02:28:38,COZII.TH,1357374573,Preferred(Non-CB),43551942630,COZIIหมขัดฟัน2IN1ชนิดด้าม(50/150/250ชิ้น/กล่อง)ทางการแพทย์ ไม้จิ้มฟันพลาสติก ไหมขัดฟันแบบแท่ง แปรงขัดซอกฟัน แปรงสีฟัน,305158586038,Normal Product,,กลุ่มผลิตภัณฑ์เพื่อสุขภาพ,ของใช้ส่วนตัว,ผลิตภัณฑ์ดูแลช่องปาก,25,1,คอมมิชชั่นจาก Shopee,,25,,1.50%,0.375,0.00%,0,0.375,0,0,0,,0,0.00%,0,100.00%,0,สำเร็จ,,คำสั่งซื้อจากร้านค้าต่างกัน,ที่มีอยู่,2599adboostco,paris,mng,m56xep0905,,Facebook
250906RQ3E44TT,สำเร็จ,210849445265195,2025-09-06 16:17:26,2025-09-10 15:14:15,2025-09-06 12:19:17,UnionPlus,86339009,Preferred(Non-CB),25215146612,NEW หนังสือเรียน วิทยาศาสตร์และเทคโนโลยี ป.1 เล่ม 2 อักษรเจริญทัศน์ อจท. A+ (ฉบับปรับปรุง พ.ศ. 2560) #9786166060003,255371648670,Normal Product,,หนังสือและนิตยสาร,หนังสือ,หนังสือเพื่อการศึกษา,39,1,คอมมิชชั่นจาก Shopee,,35,,1.50%,0.525,0.00%,0,0.525,2.205,0,2.205,,0,0.00%,0,100.00%,2.205,สำเร็จ,,คำสั่งซื้อจากร้านค้าต่างกัน,ที่มีอยู่,2599adboostco,paris,mng,m06WRw0904,,Facebook
250906RQ3E44TT,สำเร็จ,210849445265195,2025-09-06 16:17:26,2025-09-10 15:14:15,2025-09-06 12:19:17,UnionPlus,86339009,Preferred(Non-CB),25631598688,NEW แบบฝึกหัด พัฒนาสมรรถนะ วิทยาศาสตร์และเทคโนโลยี ป.1 เล่ม 2 อักษรเจริญทัศน์ อจท. A+ ปรับปรุง พ.ศ. 2560 #8858649151933,226400148717,Normal Product,,หนังสือและนิตยสาร,หนังสือ,หนังสือเพื่อการศึกษา,48,1,คอมมิชชั่นจาก Shopee,,40,,1.50%,0.6,0.00%,0,0.6,0,0,0,,0,0.00%,0,100.00%,0,สำเร็จ,,คำสั่งซื้อจากร้านค้าต่างกัน,ที่มีอยู่,2599adboostco,paris,mng,m06WRw0904,,Facebook
250906RQ3E44TT,สำเร็จ,210849445265195,2025-09-06 16:17:26,2025-09-10 15:14:15,2025-09-06 12:19:17,UnionPlus,86339009,Preferred(Non-CB),26701497867,NEW แบบฝึกหัด พัฒนาสมรรถนะ วิทยาศาสตร์และเทคโนโลยี ป.1 เล่ม 1 อักษรเจริญทัศน์ อจท. A+ ปรับปรุง พ.ศ. 2560 #8858649151926,226394372911,Normal Product,,หนังสือและนิตยสาร,หนังสือ,หนังสือเพื่อการศึกษา,48,1,คอมมิชชั่นจาก Shopee,,40,,1.50%,0.6,0.00%,0,0.6,0,0,0,,0,0.00%,0,100.00%,0,สำเร็จ,,คำสั่งซื้อจากร้านค้าต่างกัน,ที่มีอยู่,2599adboostco,paris,mng,m06WRw0904,,Facebook
250906RQ3E44TT,สำเร็จ,210849445265195,2025-09-06 16:17:26,2025-09-10 15:14:15,2025-09-06 12:19:17,UnionPlus,86339009,Preferred(Non-CB),27201615681,NEW หนังสือเรียน วิทยาศาสตร์และเทคโนโลยี ป.1 เล่ม 1 อักษรเจริญทัศน์ อจท. A+ (ฉบับปรับปรุง พ.ศ. 2560) #9786162039997,79428114413,Normal Product,,หนังสือและนิตยสาร,หนังสือ,หนังสือเพื่อการศึกษา,39,1,คอมมิชชั่นจาก Shopee,,32,,1.50%,0.48,0.00%,0,0.48,0,0,0,,0,0.00%,0,100.00%,0,สำเร็จ,,คำสั่งซื้อจากร้านค้าต่างกัน,ที่มีอยู่,2599adboostco,paris,mng,m06WRw0904,,Facebook
250906RP9EHY5B,รอดำเนินการ,210848573294963,2025-09-06 16:02:53,,2025-09-04 10:43:44,toolforyou,171709679,Preferred(Non-CB),10030848190,NP-88 ใบมีดตัดหญ้า 6 แฉก จานใบมีดตัดหญ้า จานใบมีด แบบดาวกระจาย นินจา พับเก็บเองเมื่อเจอ หิน ของแข็ง (ใบมีดแข็งแรง),56994121616,Normal Product,,เครื่องใช้ในบ้าน,สวน,เครื่องตัดหญ้า,49,3,คอมมิชชั่นจาก Shopee,,132,,1.50%,1.98,0.00%,0,1.98,1.98,0,1.98,,0,0.00%,0,100.00%,1.98,รอดำเนินการ,สถานะของสินค้านี้คือ อยู่ระหว่างดำเนินการ คอมมิชชั่นจะถูกคำนวณเพื่อจ่ายหลังสถานะเป็นสำเร็จแล้วเท่านั้น,คำสั่งซื้อจากร้านค้าต่างกัน,ที่มีอยู่,34833275,tunis,mng,m39caprun0117,,Websites
250906RP9EHY5A,รอดำเนินการ,210848573294962,2025-09-06 16:02:53,,2025-09-04 10:43:44,toolforyou,171709679,Preferred(Non-CB),4167895120,NP-919 ใบตัดหญ้าวงเดือน IRONFOX 10 นิ้ว (ติดเล็บ),62299527976,Normal Product,,เครื่องใช้ในบ้าน,สวน,เครื่องตัดหญ้า,59,1,คอมมิชชั่นจากร้านค้า,,53,,1.50%,0.795,7.00%,0,0.795,0.795,0,0.795,,0,0.00%,0,100.00%,0.795,รอดำเนินการ,สถานะของสินค้านี้คือ อยู่ระหว่างดำเนินการ คอมมิชชั่นจะถูกคำนวณเพื่อจ่ายหลังสถานะเป็นสำเร็จแล้วเท่านั้น,คำสั่งซื้อจากร้านค้าต่างกัน,ที่มีอยู่,34833275,tunis,mng,m39caprun0117,,Websites
250906RP31ETDN,สำเร็จ,210848358235480,2025-09-06 15:59:19,2025-09-09 18:09:33,2025-09-06 09:58:07,Q Russ,1086755636,Shopee Mall(Non-CB),29674854124,QRuss Coffee (4 ห่อ) (แถมแก้ว 1 ใบ)กาเเฟคุมหิวอิ่มนาน อร่อยกลมกล่อม เร่งระบบเผาผลาญลดการสะสมของไขมัน,178690411043,Normal Product,,กลุ่มผลิตภัณฑ์เพื่อสุขภาพ,อาหารเสริม,อาหารเสริมการควบคุมน้ำหนัก,999,1,คอมมิชชั่นจากร้านค้า,,749,,1.50%,11.235,10.00%,0,11.235,11.235,0,11.235,,0,0.00%,0,100.00%,11.235,สำเร็จ,,คำสั่งซื้อจากร้านค้าต่างกัน,ที่มีอยู่,2599adboostco,paris,mng,m01CardiPT0904,,Facebook
250906RNQ304V3,รอดำเนินการ,210847957201119,2025-09-06 15:52:37,,2025-09-06 08:35:36,mbskirt,449167940,C2C(Non-CB),22081243446,ชุดแต่ง สเกิร์ต Honda City 2014-2016 งานพลาสติก ABS งานดิบไม่ทำสี,232057129787,Normal Product,,รถยนต์ อะไหล่และอุปกรณ์เสริมรถยนต์,ชิ้นส่วนอะไหล่รถยนต์,ชิ้นส่วนตัวถังและกันชนรถยนต์,1390,1,คอมมิชชั่นจาก Shopee,,1104,,1.75%,19.32,0.00%,0,19.32,19.32,0,19.32,,0,0.00%,0,100.00%,19.32,รอดำเนินการ,สถานะของสินค้านี้คือ อยู่ระหว่างดำเนินการ คอมมิชชั่นจะถูกคำนวณเพื่อจ่ายหลังสถานะเป็นสำเร็จแล้วเท่านั้น,คำสั่งซื้อจากร้านค้าต่างกัน,ที่มีอยู่,2599adboostco,paris,mng,m01CardiPT0904,,Facebook
250906RNNS3J0U,รอดำเนินการ,210847913270484,2025-09-06 15:51:54,,2025-09-06 05:50:36,STAR RISE,1068399745,Preferred(CB),25342718524,【STAR RISE】ปลอกคอสุนัข สีสันสวยงาม ปลอกคอสุนัขเล็ก โพลีเอสเตอร์ คอตตอน ปลอกคอสุนัขเล็กน่ารักๆ อ่อนนุ่ม ปลอกคอสุนัขใหญ่,129283160527,Normal Product,,สัตว์เลี้ยง,อุปกรณ์สำหรับสัตว์เลี้ยง,สายจูง ปลอกคอ และสายรัด,61,1,คอมมิชชั่นจาก Shopee,,52,,1.75%,0.91,0.00%,0,0.91,1.8025,0,1.8025,,0,0.00%,0,100.00%,1.8025,รอดำเนินการ,สถานะของสินค้านี้คือ อยู่ระหว่างดำเนินการ คอมมิชชั่นจะถูกคำนวณเพื่อจ่ายหลังสถานะเป็นสำเร็จแล้วเท่านั้น,คำสั่งซื้อจากร้านค้าต่างกัน,ที่มีอยู่,2599adboostco,paris,mng,m01kaofangMeow0303,,Facebook
250906RNNS3J0U,รอดำเนินการ,210847913270484,2025-09-06 15:51:54,,2025-09-06 05:50:36,STAR RISE,1068399745,Preferred(CB),25342718524,【STAR RISE】ปลอกคอสุนัข สีสันสวยงาม ปลอกคอสุนัขเล็ก โพลีเอสเตอร์ คอตตอน ปลอกคอสุนัขเล็กน่ารักๆ อ่อนนุ่ม ปลอกคอสุนัขใหญ่,129283160530,Normal Product,,สัตว์เลี้ยง,อุปกรณ์สำหรับสัตว์เลี้ยง,สายจูง ปลอกคอ และสายรัด,61,1,คอมมิชชั่นจาก Shopee,,51,,1.75%,0.8925,0.00%,0,0.8925,0,0,0,,0,0.00%,0,100.00%,0,รอดำเนินการ,สถานะของสินค้านี้คือ อยู่ระหว่างดำเนินการ คอมมิชชั่นจะถูกคำนวณเพื่อจ่ายหลังสถานะเป็นสำเร็จแล้วเท่านั้น,คำสั่งซื้อจากร้านค้าต่างกัน,ที่มีอยู่,2599adboostco,paris,mng,m01kaofangMeow0303,,Facebook
250906RKE2J8AX,ยกเลิก,210845507273864,2025-09-06 15:11:48,--,2025-09-06 09:13:23,E_Twins Doll & Sofa Shop,161247480,Preferred(Non-CB),11146663674,ขวดน้ำ 2ลิตร พลาสติกเกรดดี ขวดน้ำสีพาสเทล กระบอกน้ำ มีหูหิ้วจับ ขวดน้ำพกพา กระติกน้ำ หลอดแบบPopUp ขวดน้ำใหญ่ etwins,231070293479,Normal Product,,เครื่องใช้ในบ้าน,เครื่องใช้บนโต๊ะอาหาร,ขวดน้ำ,51,0,คอมมิชชั่นจากร้านค้า,,0,51,1.50%,0,4.00%,0,0,0,0,0,,0,0.00%,0,100.00%,0,ยกเลิก,คำสั่งซื้อไม่ถูกต้อง.,คำสั่งซื้อจากร้านค้าต่างกัน,ที่มีอยู่,2599adboostco,paris,mng,m01KFdika0520,,Facebook
250906RKDYNY67,สำเร็จ,210845504246773,2025-09-06 15:11:45,2025-09-10 19:56:53,2025-09-06 04:27:22,Paw Planet,1398940510,C2C(Non-CB),41857868890,P10-ของเล่นอุโมงแมว-มีหลายแบบให้เลือก-ที่ขาดยาว-รูปทรงS-หรือบ้าน,149223759314,Normal Product,,สัตว์เลี้ยง,อุปกรณ์สำหรับสัตว์เลี้ยง,ของเล่น,108,1,คอมมิชชั่นจาก Shopee,,108,,1.75%,1.89,0.00%,0,1.89,1.89,0,1.89,,0,0.00%,0,100.00%,1.89,สำเร็จ,,คำสั่งซื้อจากร้านค้าต่างกัน,ที่มีอยู่,2599adboostco,paris,mng,m01kaofangMeow0303,,Facebook
250906RJDE8XTF,สำเร็จ,210844412255693,2025-09-06 14:53:33,2025-09-09 17:29:27,2025-09-06 13:53:41,MFresh Market (St’ Ocean ),168570235,C2C(Non-CB),5901841189,กุ้งแห้ง กุ้งวัง กุ้งแชบ๊วย แห้ง ไม่เค็ม (ขนาดจัมโบ้) คุณภาพส่งออก มาตรฐาน อ.ย. Halal GMP HACCP,187017032867,Normal Product,,อาหารและเครื่องดื่ม,วัตถุดิบ,อาหารแห้ง,122,1,คอมมิชชั่นจาก Shopee,,109,,1.75%,1.9075,0.00%,0,1.9075,1.9075,0,1.9075,,0,0.00%,0,100.00%,1.9075,สำเร็จ,,คำสั่งซื้อจากร้านค้าต่างกัน,ที่มีอยู่,2599adboostco,paris,mng,m06Nasa1228,,Facebook
250906RHPTF3F3,สำเร็จ,210843653289922,2025-09-06 14:40:54,2025-09-10 19:34:01,2025-09-06 14:23:42,Trend Thai Suea,1501806162,C2C(Non-CB),26286110409,"TeeTwoOne วินเทจอเมริกัน  สไตล์สตรีท  เสื้อยืดผู้ชาย""I HATE PEOPLE""พิมพ์ลาย ผ้าCOTTON เรียบง่ายและมีสไตล์ OVERSIZEเสื้อต",248384054920,Normal Product,,เสื้อผ้าผู้ชาย,เสื้อ,เสื้อยืด,57,1,คอมมิชชั่นจาก Shopee,,57,,1.75%,0.9975,0.00%,0,0.9975,0.9975,0,0.9975,,0,0.00%,0,100.00%,0.9975,สำเร็จ,,คำสั่งซื้อจากร้านค้าต่างกัน,ที่มีอยู่,2599adboostco,paris,mng,m06Nasa1228,,Facebook
250906RHA633F5,รอดำเนินการ,210843229264103,2025-09-06 14:33:50,,2025-09-06 07:39:37,Freedom01.th,1096942383,Preferred(CB),41802346687,กระเป๋าถือสําหรับ Ef Ecoflow River 2 แบบพกพา Power Station กระเป๋าป้องกันกรณี Anti-drop กระเป๋าหลายช่องพร้อมสายคล้องไหล่และจับ,280192170335,Normal Product,,กระเป๋าเดินทาง,อุปกรณ์เสริมสำหรับเดินทาง,กระเป๋าจัดระเบียบ,537,1,คอมมิชชั่นจาก Shopee,,384,,2.00%,7.68,0.00%,0,7.68,7.68,0,7.68,,0,0.00%,0,100.00%,7.68,รอดำเนินการ,สถานะของสินค้านี้คือ อยู่ระหว่างดำเนินการ คอมมิชชั่นจะถูกคำนวณเพื่อจ่ายหลังสถานะเป็นสำเร็จแล้วเท่านั้น,คำสั่งซื้อจากร้านค้าต่างกัน,ที่มีอยู่,2599adboostco,paris,mng,m01PetKit0520,,Facebook
250906RHA633F4,สำเร็จ,210843229264103,2025-09-06 14:33:50,2025-09-09 20:12:14,2025-09-06 07:39:37,Lunar Watch,691888533,Preferred(Non-CB),23950884113,KDEAM แบรนด์แท้ 100% ร้านไทยส่งเร็ว แว่นตากันแดด เลนส์ Polarized แว่นกันแดดผู้ชาย (ผู้หญิงใส่ได้),233960942184,Normal Product,,เครื่องประดับ,แว่นตา,แว่นกันแดด,289,1,คอมมิชชั่นจากร้านค้า,,217,,1.75%,3.7975,7.00%,0,3.7975,3.7975,0,3.7975,,0,0.00%,0,100.00%,3.7975,สำเร็จ,,คำสั่งซื้อจากร้านค้าต่างกัน,ที่มีอยู่,2599adboostco,paris,mng,m01PetKit0520,,Facebook
250906RH73T75J,สำเร็จ,210843126211620,2025-09-06 14:32:06,2025-09-11 18:20:49,2025-09-06 00:56:15,Merci Car Care Products,17028499,C2C(Non-CB),12751326995,"ขวดน้ำยาล้างห้องน้ำ ขวดรีฟิล ทรงกลม สีขาว (พร้อมฝาปิด สีขาว) (HDPE) (1,000 ML.) PK1000ML36",187660960553,Normal Product,,กระเป๋าเดินทาง,อุปกรณ์เสริมสำหรับเดินทาง,ขวดสำหรับใส่ของเหลวสำหรับพกพา,39,1,คอมมิชชั่นจากร้านค้า,,39,,2.00%,0.78,7.00%,0,0.78,0.78,0,0.78,,0,0.00%,0,100.00%,0.78,สำเร็จ,,คำสั่งซื้อจากร้านค้าต่างกัน,ที่มีอยู่,2599adboostco,paris,mng,m01kaofangMeow0303,,Facebook
250906RH2D6BGA,สำเร็จ,210842968281543,2025-09-06 14:29:28,2025-09-09 11:22:32,2025-09-06 14:28:59,"ล้อมวง-ขายถั่ว, ธัญพืช, ขนม",83648539,Preferred(Non-CB),18977866324,ธัญพืชรวม 9 ชนิด 500 กรัม by ล้อมวง ธัญพืช 9 เซียน มะม่วงหิมพานต์ อัลมอนด์ ถั่วรวม ถั่ว,156789137513,Normal Product,,อาหารและเครื่องดื่ม,ขนมขบเคี้ยว,ถั่ว,144,1,คอมมิชชั่นจาก Shopee,,129,,0.00%,0,0.00%,0,0,0,0,0,,0,0.00%,0,100.00%,0,สำเร็จ,,สั่งซื้อในร้านค้าเดียวกัน,ที่มีอยู่,,,,,,Shopeevideo-Shopee
250906RFT9HMG6,สำเร็จ,210841622271252,2025-09-06 14:07:03,2025-09-08 22:04:05,2025-09-06 10:34:39,Petus plus,390423842,Shopee Mall(Non-CB),25696011026,Petus plus ทรายแมวยกกระสอบ ทรายแมว Cat Litter จับเป็นก้อน ขนาด 10ลิตร ดูดซับกลิ่นได้ดี กลิ่นมิกซ์เบอร์รี่,178991867779,Normal Product,,สัตว์เลี้ยง,ห้องน้ำและทราย,ทรายแมวและกระบะทรายแมว,127,1,คอมมิชชั่นจาก Shopee,,106,,1.75%,1.855,0.00%,0,1.855,2.66,0,2.66,,0,0.00%,0,100.00%,2.66,สำเร็จ,,คำสั่งซื้อจากร้านค้าต่างกัน,ที่มีอยู่,2599adboostco,paris,mng,m01PetKit0520,,Facebook
250906RFT9HMG6,สำเร็จ,210841622271252,2025-09-06 14:07:03,2025-09-08 22:04:05,2025-09-06 10:34:39,Petus plus,390423842,Shopee Mall(Non-CB),26828582488,Petus plus แปรงหวีขนแมว แปรงขนสัตว์เลี้ยง แปรงขนสัตว์ Pet hair brush ช่วยกำจัดขนร่วง นวดกระตุ้นให้ขนเงางาม,218278593686,Normal Product,,สัตว์เลี้ยง,อุปกรณ์ทำความสะอาดและตกแต่งขน,อุปกรณ์ดูแลขนสัตว์เลี้ยง,54,1,คอมมิชชั่นจาก Shopee,,46,,1.75%,0.805,0.00%,0,0.805,0,0,0,,0,0.00%,0,100.00%,0,สำเร็จ,,คำสั่งซื้อจากร้านค้าต่างกัน,ที่มีอยู่,2599adboostco,paris,mng,m01PetKit0520,,Facebook
250906RFDAM5P8,สำเร็จ,210841187205703,2025-09-06 13:59:47,2025-09-09 14:49:57,2025-09-06 13:57:11,Wurth.TH,118912191,Shopee Mall(Non-CB),29671720060,Wurth ใบปัดน้ำฝนรถยนต์มาตรฐานเยอรมัน รุ่นโครงซิลิโคน Flat Blade Prime,242338736124,Normal Product,,รถยนต์ อะไหล่และอุปกรณ์เสริมรถยนต์,ชิ้นส่วนอะไหล่รถยนต์,ที่ปัดน้ำฝน และตัวชะล้าง,140,1,คอมมิชชั่นจากร้านค้า,,111,,1.75%,1.9425,15.00%,0,1.9425,3.885,0,3.885,,0,0.00%,0,100.00%,3.885,สำเร็จ,,คำสั่งซื้อจากร้านค้าต่างกัน,ที่มีอยู่,2599adboostco,paris,mng,m01FahRain0805,,Facebook
250906RFDAM5P8,สำเร็จ,210841187205703,2025-09-06 13:59:47,2025-09-09 14:49:57,2025-09-06 13:57:11,Wurth.TH,118912191,Shopee Mall(Non-CB),29671720060,Wurth ใบปัดน้ำฝนรถยนต์มาตรฐานเยอรมัน รุ่นโครงซิลิโคน Flat Blade Prime,242338736132,Normal Product,,รถยนต์ อะไหล่และอุปกรณ์เสริมรถยนต์,ชิ้นส่วนอะไหล่รถยนต์,ที่ปัดน้ำฝน และตัวชะล้าง,140,1,คอมมิชชั่นจากร้านค้า,,111,,1.75%,1.9425,15.00%,0,1.9425,0,0,0,,0,0.00%,0,100.00%,0,สำเร็จ,,คำสั่งซื้อจากร้านค้าต่างกัน,ที่มีอยู่,2599adboostco,paris,mng,m01FahRain0805,,Facebook
250906RFBR5FG7,สำเร็จ,210841134296280,2025-09-06 13:58:54,2025-09-08 11:38:51,2025-09-06 12:31:29,AKea Living,1163631424,Preferred(Non-CB),28406497503,Akea 🌈ไม่ต้องเจาะ🌈 ชั้นวางไม้  ชั้นวางติดผนัง ไม้แขวนผนัง สำหรับวางไวไฟ พระ ติดผนัง router wifi แบบหนา หิ้งพระ พร้อมส่ง,195273706528,Normal Product,,เครื่องใช้ในบ้าน,เฟอร์นิเจอร์,ชั้นวางของและลิ้นชัก,63,1,คอมมิชชั่นจากร้านค้า,,60,,1.50%,0.9,7.00%,0,0.9,0.9,0,0.9,,0,0.00%,0,100.00%,0.9,สำเร็จ,,คำสั่งซื้อจากร้านค้าต่างกัน,ที่มีอยู่,2599adboostco,paris,mng,m01kaofangMeow0303,,Facebook
250906REFC7MVY,รอดำเนินการ,210840182252311,2025-09-06 13:43:02,,2025-09-06 00:52:14,lifealocal,1205431113,Preferred(Non-CB),26150678688,(กดโค้ดส่งฟรี!ของแท้จากบริษัทฯ)ยาสีฟันดีเด้นท์ d.dent สูตรเปปเปอร์มิ้นต์(ราคาตามตัวเลือกที่ซื้อนะคะ),109415043823,Normal Product,,กลุ่มผลิตภัณฑ์เพื่อสุขภาพ,ของใช้ส่วนตัว,ผลิตภัณฑ์ดูแลช่องปาก,89,1,คอมมิชชั่นจาก Shopee,,89,,1.50%,1.335,0.00%,0,1.335,1.335,0,1.335,,0,0.00%,0,100.00%,1.335,รอดำเนินการ,สถานะของสินค้านี้คือ อยู่ระหว่างดำเนินการ คอมมิชชั่นจะถูกคำนวณเพื่อจ่ายหลังสถานะเป็นสำเร็จแล้วเท่านั้น,คำสั่งซื้อจากร้านค้าต่างกัน,ที่มีอยู่,2599adboostco,paris,mng,m01BMavk0821,,Facebook
250906RE2G9BBW,รอดำเนินการ,210839750299856,2025-09-06 13:35:50,,2025-09-06 13:34:32,TOY NEXT DOOR Shop,87674134,Preferred(Non-CB),27491033500,Pre Order Supermodel Soul : 1/100 Eternal Darkness,306416585931,Normal Product,,งานอดิเรกและของสะสม,ของสะสม,โมเดลหุ่นยนต์,1450,1,คอมมิชชั่นจาก Shopee,,1160,,1.50%,17.4,0.00%,0,17.4,17.4,0,17.4,,0,0.00%,0,100.00%,17.4,รอดำเนินการ,สถานะของสินค้านี้คือ อยู่ระหว่างดำเนินการ คอมมิชชั่นจะถูกคำนวณเพื่อจ่ายหลังสถานะเป็นสำเร็จแล้วเท่านั้น,คำสั่งซื้อจากร้านค้าต่างกัน,ที่มีอยู่,2599adboostco,paris,mng,m01jjshop0803,,Facebook
250906RDW3M4EF,สำเร็จ,210839569243419,2025-09-06 13:32:50,2025-09-07 13:41:28,2025-09-06 13:30:49,"ล้อมวง-ขายถั่ว, ธัญพืช, ขนม",83648539,Preferred(Non-CB),18977866324,ธัญพืชรวม 9 ชนิด 500 กรัม by ล้อมวง ธัญพืช 9 เซียน มะม่วงหิมพานต์ อัลมอนด์ ถั่วรวม ถั่ว,168040342431,Normal Product,,อาหารและเครื่องดื่ม,ขนมขบเคี้ยว,ถั่ว,144,1,คอมมิชชั่นจาก Shopee,,129,,0.00%,0,0.00%,0,0,0,0,0,,0,0.00%,0,100.00%,0,สำเร็จ,,สั่งซื้อในร้านค้าเดียวกัน,ที่มีอยู่,,,,,,Shopeevideo-Shopee
250906RDESVUQX,รอดำเนินการ,210839089282496,2025-09-06 13:24:50,,2025-09-05 22:52:03,Raithai Organic Store,1036319214,Preferred(Non-CB),23048680933,5 กระปุกสุดคุ้ม💥มะระสกัดเย็น ตราไร่ไทย มะระขี้นกอัดเม็ด ออร์แกนิก ลดน้ำตาลในเลือด,194444848589,Normal Product,,กลุ่มผลิตภัณฑ์เพื่อสุขภาพ,อาหารเสริม,อาหารเสริมเพื่อสุขภาพ,617,1,คอมมิชชั่นจากร้านค้า,,445,,1.50%,6.675,6.00%,0,6.675,6.675,0,6.675,,0,0.00%,0,100.00%,6.675,รอดำเนินการ,สถานะของสินค้านี้คือ อยู่ระหว่างดำเนินการ คอมมิชชั่นจะถูกคำนวณเพื่อจ่ายหลังสถานะเป็นสำเร็จแล้วเท่านั้น,คำสั่งซื้อจากร้านค้าต่างกัน,ที่มีอยู่,2599adboostco,paris,mng,m06Nasa1228,,Facebook
250906RDEG9YQQ,สำเร็จ,210839079238479,2025-09-06 13:24:40,2025-09-10 11:26:56,2025-09-06 07:09:41,rement_minishop(pigsaletoys),13742496,Preferred(Non-CB),27764870757,🔥พร้อมส่ง🔥🍀Update 16/8🍀ของสะสม อนิเมะ ชิกิชิ แผ่นแข็ง โคนัน ยอดนักสืบจิ๋ว Detective Conan Shikishi,290352836385,Normal Product,,งานอดิเรกและของสะสม,ของสะสม,ของสะสมจากการ์ตูน-อนิเมชั่น,60,1,คอมมิชชั่นจาก Shopee,,47,,1.50%,0.705,0.00%,0,0.705,4.32,0,4.32,,0,0.00%,0,100.00%,4.32,สำเร็จ,,คำสั่งซื้อจากร้านค้าต่างกัน,ที่มีอยู่,2599adboostco,paris,mng,m01BMavk0821,,Facebook
250906RDEG9YQQ,สำเร็จ,210839079238479,2025-09-06 13:24:40,2025-09-10 11:26:56,2025-09-06 07:09:41,rement_minishop(pigsaletoys),13742496,Preferred(Non-CB),29455813782,(L2)🔥พร้อมส่ง🔥🍀Update 9/3🍀ของสะสม อนิเมะ พวงกุญแจ สแตรปยาง ดาบพิฆาตอสูร Demon Slayer | Kimetsu No Yaiba Rubber Mascot,158713972741,Normal Product,,งานอดิเรกและของสะสม,ของสะสม,ของสะสมจากการ์ตูน-อนิเมชั่น,22,1,คอมมิชชั่นจาก Shopee,,17,,1.50%,0.255,0.00%,0,0.255,0,0,0,,0,0.00%,0,100.00%,0,สำเร็จ,,คำสั่งซื้อจากร้านค้าต่างกัน,ที่มีอยู่,2599adboostco,paris,mng,m01BMavk0821,,Facebook
250906RDEG9YQQ,สำเร็จ,210839079238479,2025-09-06 13:24:40,2025-09-10 11:26:56,2025-09-06 07:09:41,rement_minishop(pigsaletoys),13742496,Preferred(Non-CB),29556347455,LOT3🔥พร้อมส่ง🔥🍀🆙 16/12🍀ของสะสม อนิเมะ พวงกุญแจ อะคริลิค ดาบพิฆาตอสูร Demon Slayer | Kimetsu No Yaiba Keychain,187680587880,Normal Product,,งานอดิเรกและของสะสม,ของสะสม,ของสะสมจากการ์ตูน-อนิเมชั่น,15,1,คอมมิชชั่นจาก Shopee,,15,,1.50%,0.225,0.00%,0,0.225,0,0,0,,0,0.00%,0,100.00%,0,สำเร็จ,,คำสั่งซื้อจากร้านค้าต่างกัน,ที่มีอยู่,2599adboostco,paris,mng,m01BMavk0821,,Facebook
250906RDEG9YQQ,สำเร็จ,210839079238479,2025-09-06 13:24:40,2025-09-10 11:26:56,2025-09-06 07:09:41,rement_minishop(pigsaletoys),13742496,Preferred(Non-CB),25820260069,🔥พร้อมส่ง🔥🍀Update 1/6🍀สแตนดี้ อะคริลิค ดาบพิฆาตอสูร | Kimetsu no Yaiba Acrylic Standy มือ 1-2 สภาพดี,226158292403,Normal Product,,งานอดิเรกและของสะสม,ของสะสม,ของสะสมจากการ์ตูน-อนิเมชั่น,25,1,คอมมิชชั่นจาก Shopee,,19,,1.50%,0.285,0.00%,0,0.285,0,0,0,,0,0.00%,0,100.00%,0,สำเร็จ,,คำสั่งซื้อจากร้านค้าต่างกัน,ที่มีอยู่,2599adboostco,paris,mng,m01BMavk0821,,Facebook
250906RDEG9YQQ,สำเร็จ,210839079238479,2025-09-06 13:24:40,2025-09-10 11:26:56,2025-09-06 07:09:41,rement_minishop(pigsaletoys),13742496,Preferred(Non-CB),27764870757,🔥พร้อมส่ง🔥🍀Update 16/8🍀ของสะสม อนิเมะ ชิกิชิ แผ่นแข็ง โคนัน ยอดนักสืบจิ๋ว Detective Conan Shikishi,167270911865,Normal Product,,งานอดิเรกและของสะสม,ของสะสม,ของสะสมจากการ์ตูน-อนิเมชั่น,49,1,คอมมิชชั่นจาก Shopee,,39,,1.50%,0.585,0.00%,0,0.585,0,0,0,,0,0.00%,0,100.00%,0,สำเร็จ,,คำสั่งซื้อจากร้านค้าต่างกัน,ที่มีอยู่,2599adboostco,paris,mng,m01BMavk0821,,Facebook
250906RDEG9YQQ,สำเร็จ,210839079238479,2025-09-06 13:24:40,2025-09-10 11:26:56,2025-09-06 07:09:41,rement_minishop(pigsaletoys),13742496,Preferred(Non-CB),27764870757,🔥พร้อมส่ง🔥🍀Update 16/8🍀ของสะสม อนิเมะ ชิกิชิ แผ่นแข็ง โคนัน ยอดนักสืบจิ๋ว Detective Conan Shikishi,258647033515,Normal Product,,งานอดิเรกและของสะสม,ของสะสม,ของสะสมจากการ์ตูน-อนิเมชั่น,70,1,คอมมิชชั่นจาก Shopee,,55,,1.50%,0.825,0.00%,0,0.825,0,0,0,,0,0.00%,0,100.00%,0,สำเร็จ,,คำสั่งซื้อจากร้านค้าต่างกัน,ที่มีอยู่,2599adboostco,paris,mng,m01BMavk0821,,Facebook
250906RDEG9YQQ,สำเร็จ,210839079238479,2025-09-06 13:24:40,2025-09-10 11:26:56,2025-09-06 07:09:41,rement_minishop(pigsaletoys),13742496,Preferred(Non-CB),29556347455,LOT3🔥พร้อมส่ง🔥🍀🆙 16/12🍀ของสะสม อนิเมะ พวงกุญแจ อะคริลิค ดาบพิฆาตอสูร Demon Slayer | Kimetsu No Yaiba Keychain,187680587885,Normal Product,,งานอดิเรกและของสะสม,ของสะสม,ของสะสมจากการ์ตูน-อนิเมชั่น,20,1,คอมมิชชั่นจาก Shopee,,15,,1.50%,0.225,0.00%,0,0.225,0,0,0,,0,0.00%,0,100.00%,0,สำเร็จ,,คำสั่งซื้อจากร้านค้าต่างกัน,ที่มีอยู่,2599adboostco,paris,mng,m01BMavk0821,,Facebook
250906RDEG9YQQ,สำเร็จ,210839079238479,2025-09-06 13:24:40,2025-09-10 11:26:56,2025-09-06 07:09:41,rement_minishop(pigsaletoys),13742496,Preferred(Non-CB),27764870757,🔥พร้อมส่ง🔥🍀Update 16/8🍀ของสะสม อนิเมะ ชิกิชิ แผ่นแข็ง โคนัน ยอดนักสืบจิ๋ว Detective Conan Shikishi,167270911864,Normal Product,,งานอดิเรกและของสะสม,ของสะสม,ของสะสมจากการ์ตูน-อนิเมชั่น,55,1,คอมมิชชั่นจาก Shopee,,43,,1.50%,0.645,0.00%,0,0.645,0,0,0,,0,0.00%,0,100.00%,0,สำเร็จ,,คำสั่งซื้อจากร้านค้าต่างกัน,ที่มีอยู่,2599adboostco,paris,mng,m01BMavk0821,,Facebook
250906RDEG9YQQ,สำเร็จ,210839079238479,2025-09-06 13:24:40,2025-09-10 11:26:56,2025-09-06 07:09:41,rement_minishop(pigsaletoys),13742496,Preferred(Non-CB),29455813782,(L2)🔥พร้อมส่ง🔥🍀Update 9/3🍀ของสะสม อนิเมะ พวงกุญแจ สแตรปยาง ดาบพิฆาตอสูร Demon Slayer | Kimetsu No Yaiba Rubber Mascot,148713972749,Normal Product,,งานอดิเรกและของสะสม,ของสะสม,ของสะสมจากการ์ตูน-อนิเมชั่น,25,1,คอมมิชชั่นจาก Shopee,,19,,1.50%,0.285,0.00%,0,0.285,0,0,0,,0,0.00%,0,100.00%,0,สำเร็จ,,คำสั่งซื้อจากร้านค้าต่างกัน,ที่มีอยู่,2599adboostco,paris,mng,m01BMavk0821,,Facebook
250906RDEG9YQQ,สำเร็จ,210839079238479,2025-09-06 13:24:40,2025-09-10 11:26:56,2025-09-06 07:09:41,rement_minishop(pigsaletoys),13742496,Preferred(Non-CB),29556347455,LOT3🔥พร้อมส่ง🔥🍀🆙 16/12🍀ของสะสม อนิเมะ พวงกุญแจ อะคริลิค ดาบพิฆาตอสูร Demon Slayer | Kimetsu No Yaiba Keychain,187680587878,Normal Product,,งานอดิเรกและของสะสม,ของสะสม,ของสะสมจากการ์ตูน-อนิเมชั่น,20,1,คอมมิชชั่นจาก Shopee,,19,,1.50%,0.285,0.00%,0,0.285,0,0,0,,0,0.00%,0,100.00%,0,สำเร็จ,,คำสั่งซื้อจากร้านค้าต่างกัน,ที่มีอยู่,2599adboostco,paris,mng,m01BMavk0821,,Facebook
250906RD52WTBR,สำเร็จ,210838763217397,2025-09-06 13:19:23,2025-09-07 23:05:43,2025-09-06 12:44:28,TUWOSHOPE,919008636,Shopee Mall(Non-CB),26017171611,TUWO 2025รุ่นใหม่ล่าสุด 66Wแบตสำรอง เพาเวอร์แบงค์ Powerbank 20000mAh ชาร์จเร็ว  เบาและเร็ว ของใช้ในการเดินทาง,217959372442,Normal Product,,มือถือและอุปกรณ์เสริม,อุปกรณ์เสริม,แบตเตอรี่และแบตสำรอง,253,1,คอมมิชชั่นจากร้านค้า,,227,,1.00%,2.27,9.00%,20.43,22.7,2.27,20.43,22.7,,0,0.00%,0,100.00%,22.7,สำเร็จ,,สั่งซื้อในร้านค้าเดียวกัน,ที่มีอยู่,,,,,,Shopeevideo-Shopee
250906RCVPYK5T,สำเร็จ,210838482254216,2025-09-06 13:14:43,2025-09-09 16:17:19,2025-09-06 11:28:44,crxled,186847242,C2C(Non-CB),6601116276,CRX ไฟฉายแรงสูง ซูม led lights รุ่นPL-518 20000W Flashlight 10000 Lumen,52150554512,Normal Product,,กีฬาและกิจกรรมกลางแจ้ง,อุปกรณ์เล่นกีฬาและกิจกรรมกลางแจ้ง,อุปกรณ์ตั้งแคมป์และเดินป่า,89,1,คอมมิชชั่นจาก Shopee,,89,,1.75%,1.5575,0.00%,0,1.5575,1.5575,0,1.5575,,0,0.00%,0,100.00%,1.5575,สำเร็จ,,คำสั่งซื้อจากร้านค้าต่างกัน,ที่มีอยู่,2599adboostco,paris,mng,m56ProwaVDO0905,,Facebook
250906RCGQK493,สำเร็จ,210838080234593,2025-09-06 13:08:01,2025-09-10 13:49:44,2025-09-06 12:58:00,TH -Shop,718606161,Preferred(Non-CB),21162788771,ชุดอุปกรณ์ตัดขนสุนัข ปัตตาเลี่ยนตัดขนสัตว์เลี้ยง ที่ตัดขนแมว ที่ตัดขนหมา 4in1 pet trimmer hairclipper พร้อมหัวที่่กรอเล็,221284404366,Normal Product,,สัตว์เลี้ยง,อุปกรณ์ทำความสะอาดและตกแต่งขน,อุปกรณ์ดูแลขนสัตว์เลี้ยง,295,1,คอมมิชชั่นจากร้านค้า,,263,,1.75%,4.6025,4.00%,10.52,15.1225,4.6025,10.52,15.1225,,0,0.00%,0,100.00%,15.1225,สำเร็จ,,สั่งซื้อในร้านค้าเดียวกัน,ที่มีอยู่,2599adboostco,paris,mng,m01PetKit0520,,Facebook
250906RC6JDTPD,สำเร็จ,210837739270865,2025-09-06 13:02:19,2025-09-09 06:49:56,2025-09-06 13:01:57,PROFILM,237954961,Preferred(Non-CB),20478849540,สเปรย์เคลือบเงา พรีเมี่ยม เคลือบพลาสติก เคลือบสีรถ เคลือบยางดำ เคลือบเบาะคอนโซล PROWAX PREMIUMWAX,127554691921,Normal Product,,รถยนต์ อะไหล่และอุปกรณ์เสริมรถยนต์,ผลิตภัณฑ์ดูแลรถยนต์,ผลิตภัณฑ์ล้างและเคลือบเงารถยนต์,119,1,คอมมิชชั่นจากร้านค้า,,107,,1.75%,1.8725,20.00%,21.4,23.2725,1.8725,21.4,23.2725,,0,0.00%,0,100.00%,23.2725,สำเร็จ,,สั่งซื้อในร้านค้าเดียวกัน,ที่มีอยู่,2599adboostco,paris,mng,m56ProwaVDO0905,,Facebook
250906RB7XYSRN,สำเร็จ,210836712265280,2025-09-06 12:45:13,2025-09-08 17:45:15,2025-09-05 14:21:04,"ล้อมวง-ขายถั่ว, ธัญพืช, ขนม",83648539,Preferred(Non-CB),18977866324,ธัญพืชรวม 9 ชนิด 500 กรัม by ล้อมวง ธัญพืช 9 เซียน มะม่วงหิมพานต์ อัลมอนด์ ถั่วรวม ถั่ว,168040342431,Normal Product,,อาหารและเครื่องดื่ม,ขนมขบเคี้ยว,ถั่ว,144,1,คอมมิชชั่นจาก Shopee,,129,,0.00%,0,0.00%,0,0,0,0,0,,0,0.00%,0,100.00%,0,สำเร็จ,,สั่งซื้อในร้านค้าเดียวกัน,ที่มีอยู่,,,,,,Shopeevideo-Shopee
250906RAKA31VM,สำเร็จ,210836019253191,2025-09-06 12:33:39,2025-09-11 09:15:00,2025-09-06 07:29:23,woowooz.th,255026636,C2C(CB),10720555599,Lucky* ตะกร้าสแตนเลสสําหรับใส่ผักผลไม้อาหารนกแก้วของเล่นนกแก้ว,93677078872,Normal Product,,สัตว์เลี้ยง,อุปกรณ์สำหรับสัตว์เลี้ยง,อื่นๆ,57,1,คอมมิชชั่นจากร้านค้า,,57,,1.75%,0.9975,7.00%,0,0.9975,0.9975,0,0.9975,,0,0.00%,0,100.00%,0.9975,สำเร็จ,,คำสั่งซื้อจากร้านค้าต่างกัน,ที่มีอยู่,2599adboostco,paris,mng,m01FahRain0805,,Facebook
250906RAAGRBKC,สำเร็จ,210835724258589,2025-09-06 12:28:44,2025-09-07 20:43:07,2025-09-06 12:24:35,9STORE BY CATZA MEOW Official,289705092,C2C(Non-CB),14283000817,MEOW ทรายแมวเต้าหู้ 10 ลิตร / ทรายแมวมันเต้า MEOW ออแกนิก 100% ทิ้งชักโครกได้,232326023017,Normal Product,,สัตว์เลี้ยง,ห้องน้ำและทราย,ทรายแมวและกระบะทรายแมว,159,1,คอมมิชชั่นจากร้านค้า,,135,,1.75%,2.3625,8.00%,10.8,13.1625,2.3625,10.8,13.1625,,0,0.00%,0,100.00%,13.1625,สำเร็จ,,สั่งซื้อในร้านค้าเดียวกัน,ที่มีอยู่,2599adboostco,paris,mng,m01kaofangMeow0303,,Facebook
250906R92B5G99,สำเร็จ,210834376227594,2025-09-06 12:06:16,2025-09-09 12:14:59,2025-09-06 12:04:56,Yuedpao - ยืดเปล่า Official Store,240723932,Shopee Mall(Non-CB),42900042346,Yuedpao Sportswear เสื้อออกกำลังกายผู้หญิง ครอปแขนกุด Ultra Flow Sleeveless Crop,260144367712,Normal Product,,กีฬาและกิจกรรมกลางแจ้ง,เสื้อผ้ากีฬา,เสื้อกีฬา,150,1,คอมมิชชั่นจากร้านค้า,,87,,1.75%,1.5225,10.00%,8.7,10.2225,1.5225,8.7,10.2225,,0,0.00%,0,100.00%,10.2225,สำเร็จ,,สั่งซื้อในร้านค้าเดียวกัน,ที่มีอยู่,2599adboostco,paris,mng,m01YPf0821,,Facebook
250906R8N5NTW0,สำเร็จ,210833934259476,2025-09-06 11:58:55,2025-09-09 19:28:18,2025-09-06 08:56:15,Friendly_Mall,265694989,C2C(Non-CB),28760257181,รองเท้าบูท เกษตรกรรม รุ่น ยางหนาพรีเมี่ยมหัวเหล็ก ซื้อทำไร่ทำสวน กันงูกัด ยางหนามาก พร้อมส่งในไทย ไม่ต้องรอนาน,207782056657,Normal Product,,รองเท้าผู้ชาย,รองเท้าบูท,รองเท้าบูทกันฝน,584,1,คอมมิชชั่นจากร้านค้า,,544,,1.75%,9.52,7.00%,0,9.52,9.52,0,9.52,,0,0.00%,0,100.00%,9.52,สำเร็จ,,คำสั่งซื้อจากร้านค้าต่างกัน,ที่มีอยู่,2599adboostco,paris,mng,m01FahRain0805,,Facebook
250906R83SN6TB,สำเร็จ,210833351223359,2025-09-06 11:49:11,2025-09-10 22:41:41,2025-09-06 08:18:38,klongthom_comshop,31106232,C2C(Non-CB),24984864952,ตัวแปลง หัวชาร์จ Hoco LS39 ตัวแปลงหัวไทป์ซี Type-C to Type-C AUX Jack3.5mm Digital Audio Converter,251397108287,Normal Product,,มือถือและอุปกรณ์เสริม,อุปกรณ์เสริม,สายชาร์จและตัวแปลง,167,1,คอมมิชชั่นจาก Shopee,,133,,1.50%,1.995,0.00%,0,1.995,1.995,0,1.995,,0,0.00%,0,100.00%,1.995,สำเร็จ,,คำสั่งซื้อจากร้านค้าต่างกัน,ที่มีอยู่,2599adboostco,paris,mng,m56xep0905,,Facebook
250906R83H22DQ,สำเร็จ,210833342213434,2025-09-06 11:49:02,2025-09-11 20:16:59,2025-09-06 11:42:53,TH -Shop,718606161,Preferred(Non-CB),21162788771,ชุดอุปกรณ์ตัดขนสุนัข ปัตตาเลี่ยนตัดขนสัตว์เลี้ยง ที่ตัดขนแมว ที่ตัดขนหมา 4in1 pet trimmer hairclipper พร้อมหัวที่่กรอเล็,221284404367,Normal Product,,สัตว์เลี้ยง,อุปกรณ์ทำความสะอาดและตกแต่งขน,อุปกรณ์ดูแลขนสัตว์เลี้ยง,270,1,คอมมิชชั่นจากร้านค้า,,227,,1.75%,3.9725,4.00%,9.08,13.0525,3.9725,9.08,13.0525,,0,0.00%,0,100.00%,13.0525,สำเร็จ,,สั่งซื้อในร้านค้าเดียวกัน,ที่มีอยู่,2599adboostco,paris,mng,m01PetKit0520,,Facebook
250906R813V8JG,สำเร็จ,210833261284303,2025-09-06 11:47:41,2025-09-10 14:57:19,2025-09-06 11:29:34,WAYFARER AW,1491774905,C2C(Non-CB),42851623248,【ซื้อ 1 แจก 1】เก้าอี้สนามพับได้ พนักพิงสูง รับน้ำหนัก300kg เก้าอี้แคมป์ปิ้งแบบพกพา แถมถุงเก็บ เหมาะสำหรับปิคนิค,290132635793,Normal Product,,กีฬาและกิจกรรมกลางแจ้ง,อุปกรณ์เล่นกีฬาและกิจกรรมกลางแจ้ง,อุปกรณ์ตั้งแคมป์และเดินป่า,318,2,คอมมิชชั่นจากร้านค้า,,256,,1.75%,4.48,15.00%,0,4.48,4.48,0,4.48,,0,0.00%,0,100.00%,4.48,สำเร็จ,,คำสั่งซื้อจากร้านค้าต่างกัน,ที่มีอยู่,2599adboostco,paris,mng,m06Nasa1228,,Facebook
250906R813V8JF,สำเร็จ,210833261284303,2025-09-06 11:47:41,2025-09-10 14:57:10,2025-09-06 11:29:34,LOVE-home,278553458,Preferred(Non-CB),5046471695,⚡พร้อมส่ง⚡ผ้าคลุมโซฟา 1/2/3/4 ที่นั่ง ตัวแอล ยืดหยุ่น,41478805764,Normal Product,,เครื่องใช้ในบ้าน,อุปกรณ์ตกแต่งบ้าน,ผ้าคลุมเฟอร์นิเจอร์,218,2,คอมมิชชั่นจากร้านค้า,,348,,1.50%,5.22,7.00%,0,5.22,5.22,0,5.22,,0,0.00%,0,100.00%,5.22,สำเร็จ,,คำสั่งซื้อจากร้านค้าต่างกัน,ที่มีอยู่,2599adboostco,paris,mng,m06Nasa1228,,Facebook
250906R7M16FFX,สำเร็จ,210832822260486,2025-09-06 11:40:22,2025-09-07 07:43:36,2025-09-06 00:42:10,YANHEE_LIFE,369824094,Shopee Mall(Non-CB),42312777531,Yanhee Teezeer Biotin Plus | วิตามินผม ยันฮี ไบโอติน 6 ซอง| วิตามินบำรุงเส้นผมสูตรเข้มข้น ช่วยกระตุ้นผมขึ้นใหม่ ลดผมร่วง,281071293955,Normal Product,,ผลิตภัณฑ์บำรุงและเสริมความงาม,ผลิตภัณฑ์ดูแลผม,ทรีทเม้นท์บำรุงเส้นผม,890,1,คอมมิชชั่นจากร้านค้า,,640,,1.75%,11.2,15.00%,0,11.2,11.2,0,11.2,,0,0.00%,0,100.00%,11.2,สำเร็จ,,คำสั่งซื้อจากร้านค้าต่างกัน,ที่มีอยู่,2599adboostco,paris,mng,m01FahRain0805,,Facebook
250906R7KY852C,สำเร็จ,210832820226410,2025-09-06 11:40:20,2025-09-11 05:23:29,2025-09-06 11:31:18,PET Star1,1292554813,C2C(Non-CB),28372409611,สารระงับกลิ่นกายสำหรับทรายแมว 250ml เม็ดระงับกลิ่นกายปัสสาวะแมว กลิ่นหอมติดทนนาน ลูกปัดระงับกลิ่น,147629298745,Normal Product,,สัตว์เลี้ยง,ห้องน้ำและทราย,ทรายแมวและกระบะทรายแมว,12,8,คอมมิชชั่นจากร้านค้า,,86,,1.75%,1.505,13.00%,0,1.505,1.505,0,1.505,,0,0.00%,0,100.00%,1.505,สำเร็จ,,คำสั่งซื้อจากร้านค้าต่างกัน,ที่มีอยู่,2599adboostco,paris,mng,m01kaofangMeow0303,,Facebook
250906R7DUTEB5,สำเร็จ,210832615290651,2025-09-06 11:36:55,2025-09-10 21:47:57,2025-09-06 11:33:47,cx shop,1063035025,Preferred(Non-CB),29978588829,cxshop ฝาครอบคุมกันรอยปุ่มกล้องแบบเพชรกันรอยขีดข่วน CAMERA Control Protection สำหรับ IPHONE 16 16PRO 16PLUS 16promax,178757986814,Normal Product,,มือถือและอุปกรณ์เสริม,อุปกรณ์เสริม,ฟิล์มกันรอย/กระจกกันรอย,29,1,คอมมิชชั่นจากร้านค้า,,29,,1.50%,0.435,4.00%,0,0.435,0.435,0,0.435,,0,0.00%,0,100.00%,0.435,สำเร็จ,,คำสั่งซื้อจากร้านค้าต่างกัน,ที่มีอยู่,2599adboostco,paris,mng,m01KFdika0520,,Facebook
250906R6GQ2T71,สำเร็จ,210831637257960,2025-09-06 11:20:37,2025-09-08 18:54:45,2025-09-06 08:41:44,YINGCOM SHOP.,46620982,Preferred(Non-CB),29407154590,มินิแมทลิป ลิปไม่ติดแมส  CP0701,39452582018,Normal Product,,ผลิตภัณฑ์บำรุงและเสริมความงาม,เครื่องสําอาง,เครื่องสำอางสำหรับริมฝีปาก,39,1,คอมมิชชั่นจาก Shopee,,39,,1.75%,0.6825,0.00%,0,0.6825,1.365,0,1.365,,0,0.00%,0,100.00%,1.365,สำเร็จ,,คำสั่งซื้อจากร้านค้าต่างกัน,ที่มีอยู่,2599adboostco,paris,mng,m01PetKit0520,,Facebook
250906R6GQ2T71,สำเร็จ,210831637257960,2025-09-06 11:20:37,2025-09-08 18:54:45,2025-09-06 08:41:44,YINGCOM SHOP.,46620982,Preferred(Non-CB),29407154590,มินิแมทลิป ลิปไม่ติดแมส  CP0701,39452582020,Normal Product,,ผลิตภัณฑ์บำรุงและเสริมความงาม,เครื่องสําอาง,เครื่องสำอางสำหรับริมฝีปาก,39,1,คอมมิชชั่นจาก Shopee,,39,,1.75%,0.6825,0.00%,0,0.6825,0,0,0,,0,0.00%,0,100.00%,0,สำเร็จ,,คำสั่งซื้อจากร้านค้าต่างกัน,ที่มีอยู่,2599adboostco,paris,mng,m01PetKit0520,,Facebook
250906R691XD5Q,รอดำเนินการ,210831380200230,2025-09-06 11:16:19,,2025-09-06 09:01:35,K16MOTORPARTS,309364075,C2C(Non-CB),26525258976,กระจก กระจกมองข้าง กระจกมองหลังรุ่น GRAND FILANO ขาชุบ สีดำ # 1010-257-12ZBL,237342118145,Normal Product,,รถมอเตอร์ไซค์ อะไหล่และอุปกรณ์เสริมมอเตอร์ไซค์,อุปกรณ์ตกแต่งมอเตอร์ไซค์,กระจกข้างและอุปกรณ์เสริม,146,1,คอมมิชชั่นจาก Shopee,,131,,1.75%,2.2925,0.00%,0,2.2925,2.2925,0,2.2925,,0,0.00%,0,100.00%,2.2925,รอดำเนินการ,สถานะของสินค้านี้คือ อยู่ระหว่างดำเนินการ คอมมิชชั่นจะถูกคำนวณเพื่อจ่ายหลังสถานะเป็นสำเร็จแล้วเท่านั้น,คำสั่งซื้อจากร้านค้าต่างกัน,ที่มีอยู่,2599adboostco,paris,mng,m01PetKit0520,,Facebook
250906R63S4W58,สำเร็จ,210831203213275,2025-09-06 11:13:23,2025-09-08 18:12:59,2025-09-05 22:29:29,เฮง 456,1079928074,C2C(Non-CB),24666944349,🔥แพ็ค 12 แท่ง สุ่มแบบด้าม🔥ปากกาลบคำผิดคอร์เพน ลิควิดน้ำยาลบคำผิด  ลื่นดี ไม่ติดขัด เครื่องใช้สำนักงาน โรงเรียน,250876214572,Normal Product,,เครื่องเขียน,อุปกรณ์การเขียนและลบคำผิด,ยางลบและลิควิด,80,1,คอมมิชชั่นจาก Shopee,,80,,1.75%,1.4,0.00%,0,1.4,1.4,0,1.4,,0,0.00%,0,100.00%,1.4,สำเร็จ,,คำสั่งซื้อจากร้านค้าต่างกัน,ที่มีอยู่,2599adboostco,paris,mng,m06Nasa1228,,Facebook
250906R5YX3YBB,สำเร็จ,210831074207097,2025-09-06 11:11:14,2025-09-08 12:28:12,2025-09-06 10:23:18,Oukeya Thailand Cosmetic,1128792944,Shopee Mall(Non-CB),27954540028,OUKEYA ฟัพฟองน้ำ ทรงกลม ทรงสามเหลี่ยม แห้งเร็ว ใช้ซ้ําได้ แบบหนา มีกล่อง ร้านค้าชาวไทย,109204693677,Normal Product,,ผลิตภัณฑ์บำรุงและเสริมความงาม,เครื่องมือแต่งหน้า,อุปกรณ์แต่งหน้า,49,1,คอมมิชชั่นจากร้านค้า,,49,,1.75%,0.8575,7.00%,0,0.8575,0.8575,0,0.8575,,0,0.00%,0,100.00%,0.8575,สำเร็จ,,คำสั่งซื้อจากร้านค้าต่างกัน,ที่มีอยู่,2599adboostco,paris,mng,m01BMavk0821,,Facebook
250906R5DEV7JQ,รอดำเนินการ,210830454241479,2025-09-06 11:00:55,,2025-09-04 01:28:36,coucoustore,1106340966,Preferred(Non-CB),29055731142,COUCOU VEV แมวเลีย วิตามินแมว อาหารเสริม ไลซีน วิตามินรวม แบ่งขายแบบซอง 14g,176580818981,Normal Product,,สัตว์เลี้ยง,ผลิตภัณฑ์ดูแลสุขภาพสัตว์เลี้ยง,วิตามินและอาหารเสริมสำหรับสัตว์เลี้ยง,9,3,คอมมิชชั่นจากร้านค้า,,27,,1.75%,0.4725,10.00%,2.7,3.1725,2.975,17,19.975,,0,0.00%,0,100.00%,19.975,รอดำเนินการ,สถานะของสินค้านี้คือ อยู่ระหว่างดำเนินการ คอมมิชชั่นจะถูกคำนวณเพื่อจ่ายหลังสถานะเป็นสำเร็จแล้วเท่านั้น,สั่งซื้อในร้านค้าเดียวกัน,ที่มีอยู่,30083326,tunis,mng,m39Pramy1106,,Others
250906R5DEV7JQ,รอดำเนินการ,210830454241479,2025-09-06 11:00:55,,2025-09-04 01:28:36,coucoustore,1106340966,Preferred(Non-CB),29055731142,COUCOU VEV แมวเลีย วิตามินแมว อาหารเสริม ไลซีน วิตามินรวม แบ่งขายแบบซอง 14g,166580879990,Normal Product,,สัตว์เลี้ยง,ผลิตภัณฑ์ดูแลสุขภาพสัตว์เลี้ยง,วิตามินและอาหารเสริมสำหรับสัตว์เลี้ยง,8,4,คอมมิชชั่นจากร้านค้า,,27,,1.75%,0.4725,10.00%,2.7,3.1725,0,0,0,,0,0.00%,0,100.00%,0,รอดำเนินการ,สถานะของสินค้านี้คือ อยู่ระหว่างดำเนินการ คอมมิชชั่นจะถูกคำนวณเพื่อจ่ายหลังสถานะเป็นสำเร็จแล้วเท่านั้น,สั่งซื้อในร้านค้าเดียวกัน,ที่มีอยู่,30083326,tunis,mng,m39Pramy1106,,Others
250906R5DEV7JQ,รอดำเนินการ,210830454241479,2025-09-06 11:00:55,,2025-09-04 01:28:36,coucoustore,1106340966,Preferred(Non-CB),29055731142,COUCOU VEV แมวเลีย วิตามินแมว อาหารเสริม ไลซีน วิตามินรวม แบ่งขายแบบซอง 14g,166580879991,Normal Product,,สัตว์เลี้ยง,ผลิตภัณฑ์ดูแลสุขภาพสัตว์เลี้ยง,วิตามินและอาหารเสริมสำหรับสัตว์เลี้ยง,9,4,คอมมิชชั่นจากร้านค้า,,30,,1.75%,0.525,10.00%,3,3.525,0,0,0,,0,0.00%,0,100.00%,0,รอดำเนินการ,สถานะของสินค้านี้คือ อยู่ระหว่างดำเนินการ คอมมิชชั่นจะถูกคำนวณเพื่อจ่ายหลังสถานะเป็นสำเร็จแล้วเท่านั้น,สั่งซื้อในร้านค้าเดียวกัน,ที่มีอยู่,30083326,tunis,mng,m39Pramy1106,,Others
250906R5DEV7JQ,รอดำเนินการ,210830454241479,2025-09-06 11:00:55,,2025-09-04 01:28:36,coucoustore,1106340966,Preferred(Non-CB),29055731142,COUCOU VEV แมวเลีย วิตามินแมว อาหารเสริม ไลซีน วิตามินรวม แบ่งขายแบบซอง 14g,166580879992,Normal Product,,สัตว์เลี้ยง,ผลิตภัณฑ์ดูแลสุขภาพสัตว์เลี้ยง,วิตามินและอาหารเสริมสำหรับสัตว์เลี้ยง,8,4,คอมมิชชั่นจากร้านค้า,,26,,1.75%,0.455,10.00%,2.6,3.055,0,0,0,,0,0.00%,0,100.00%,0,รอดำเนินการ,สถานะของสินค้านี้คือ อยู่ระหว่างดำเนินการ คอมมิชชั่นจะถูกคำนวณเพื่อจ่ายหลังสถานะเป็นสำเร็จแล้วเท่านั้น,สั่งซื้อในร้านค้าเดียวกัน,ที่มีอยู่,30083326,tunis,mng,m39Pramy1106,,Others
250906R5DEV7JQ,รอดำเนินการ,210830454241479,2025-09-06 11:00:55,,2025-09-04 01:28:36,coucoustore,1106340966,Preferred(Non-CB),29055731142,COUCOU VEV แมวเลีย วิตามินแมว อาหารเสริม ไลซีน วิตามินรวม แบ่งขายแบบซอง 14g,166580879993,Normal Product,,สัตว์เลี้ยง,ผลิตภัณฑ์ดูแลสุขภาพสัตว์เลี้ยง,วิตามินและอาหารเสริมสำหรับสัตว์เลี้ยง,9,4,คอมมิชชั่นจากร้านค้า,,30,,1.75%,0.525,10.00%,3,3.525,0,0,0,,0,0.00%,0,100.00%,0,รอดำเนินการ,สถานะของสินค้านี้คือ อยู่ระหว่างดำเนินการ คอมมิชชั่นจะถูกคำนวณเพื่อจ่ายหลังสถานะเป็นสำเร็จแล้วเท่านั้น,สั่งซื้อในร้านค้าเดียวกัน,ที่มีอยู่,30083326,tunis,mng,m39Pramy1106,,Others
250906R5DEV7JQ,รอดำเนินการ,210830454241479,2025-09-06 11:00:55,,2025-09-04 01:28:36,coucoustore,1106340966,Preferred(Non-CB),29055731142,COUCOU VEV แมวเลีย วิตามินแมว อาหารเสริม ไลซีน วิตามินรวม แบ่งขายแบบซอง 14g,166580879995,Normal Product,,สัตว์เลี้ยง,ผลิตภัณฑ์ดูแลสุขภาพสัตว์เลี้ยง,วิตามินและอาหารเสริมสำหรับสัตว์เลี้ยง,9,4,คอมมิชชั่นจากร้านค้า,,30,,1.75%,0.525,10.00%,3,3.525,0,0,0,,0,0.00%,0,100.00%,0,รอดำเนินการ,สถานะของสินค้านี้คือ อยู่ระหว่างดำเนินการ คอมมิชชั่นจะถูกคำนวณเพื่อจ่ายหลังสถานะเป็นสำเร็จแล้วเท่านั้น,สั่งซื้อในร้านค้าเดียวกัน,ที่มีอยู่,30083326,tunis,mng,m39Pramy1106,,Others
250906R3QKMD6D,สำเร็จ,210828647299854,2025-09-06 10:30:47,2025-09-11 03:11:04,2025-09-06 10:20:04,DudleyVictoria66,1241015466,C2C(Non-CB),40063290007,DudleyVictoria66 รองเท้าแตะกลางแจ้ง หนาและทนต่อการสึกหรอ กันลื่น ระงับกลิ่นกาย สวมใส่สากล พื้นนุ่ม Eva1755252933372,69579341747,Normal Product,,กีฬาและกิจกรรมกลางแจ้ง,รองเท้ากีฬา,รองเท้าเดินป่า,59,1,คอมมิชชั่นจากร้านค้า,,59,,1.75%,1.0325,7.00%,0,1.0325,1.0325,0,1.0325,,0,0.00%,0,100.00%,1.0325,สำเร็จ,,คำสั่งซื้อจากร้านค้าต่างกัน,ที่มีอยู่,2599adboostco,paris,mng,m01Tik0803,,Facebook
250906R3KC62WJ,สำเร็จ,210828505261669,2025-09-06 10:28:26,2025-09-09 10:20:55,2025-09-06 10:25:04,PET RECORD Lifestly Store,1555902490,C2C(Non-CB),43357742743,【Pet Record】🔥ทรายแมว 4KG เบนโทไนท์ 6 กลิ่นเป็นตัวเลือก ดูดซับกลิ่นดีเยี่ยม กำจัดกลิ่นไม่พึงประสงค์,305656485080,Normal Product,,สัตว์เลี้ยง,ห้องน้ำและทราย,ทรายแมวและกระบะทรายแมว,69,1,คอมมิชชั่นจากร้านค้า,,61,,1.75%,1.0675,10.00%,0,1.0675,1.0675,0,1.0675,,0,0.00%,0,100.00%,1.0675,สำเร็จ,,คำสั่งซื้อจากร้านค้าต่างกัน,ที่มีอยู่,2599adboostco,paris,mng,m01kaofangMeow0303,,Facebook
250906R31C4NN8,รอดำเนินการ,210827901232768,2025-09-06 10:18:22,,2025-09-06 08:00:37,nkmatch,16983493,C2C(Non-CB),29605857929,Anda Seat Kaiser 4 Series Premium Gaming Chair Size XL (แถมฟรีเสื้อ 1 ตัว ),226690597823,Normal Product,,เครื่องใช้ในบ้าน,เฟอร์นิเจอร์,เก้าอี้,18400,1,คอมมิชชั่นจาก Shopee,,15230,,1.50%,225,0.00%,0,225,225,0,225,,0,0.00%,0,100.00%,225,รอดำเนินการ,สถานะของสินค้านี้คือ อยู่ระหว่างดำเนินการ คอมมิชชั่นจะถูกคำนวณเพื่อจ่ายหลังสถานะเป็นสำเร็จแล้วเท่านั้น,คำสั่งซื้อจากร้านค้าต่างกัน,ที่มีอยู่,2599adboostco,paris,mng,m01KFdika0520,,Facebook
250906R2FY5ANA,สำเร็จ,210827317203190,2025-09-06 10:08:37,2025-09-09 22:06:02,2025-09-06 09:56:46,Beck Mall,1147985331,C2C(Non-CB),24226132987,VANL(ได้รับ 2-3 วัน)【🚚จัดส่งรวดเร็วราคาถูก รองเท้าลำลอง กันน้ำ ระบายอากาศได้ดี ขนาด 36-45,128921481656,Normal Product,,รองเท้าผู้ชาย,รองเท้าแตะ,รองเท้าแตะแบบสวม,175,1,คอมมิชชั่นจากร้านค้า,,144,,1.75%,2.52,7.00%,0,2.52,5.04,0,5.04,,0,0.00%,0,100.00%,5.04,สำเร็จ,,คำสั่งซื้อจากร้านค้าต่างกัน,ที่มีอยู่,2599adboostco,paris,mng,m01Tik0803,,Facebook
250906R2FY5ANA,สำเร็จ,210827317203190,2025-09-06 10:08:37,2025-09-09 22:06:02,2025-09-06 09:56:46,Beck Mall,1147985331,C2C(Non-CB),24226132987,VANL(ได้รับ 2-3 วัน)【🚚จัดส่งรวดเร็วราคาถูก รองเท้าลำลอง กันน้ำ ระบายอากาศได้ดี ขนาด 36-45,128921481636,Normal Product,,รองเท้าผู้ชาย,รองเท้าแตะ,รองเท้าแตะแบบสวม,175,1,คอมมิชชั่นจากร้านค้า,,144,,1.75%,2.52,7.00%,0,2.52,0,0,0,,0,0.00%,0,100.00%,0,สำเร็จ,,คำสั่งซื้อจากร้านค้าต่างกัน,ที่มีอยู่,2599adboostco,paris,mng,m01Tik0803,,Facebook
250906R1ASY91M,สำเร็จ,210826070249023,2025-09-06 09:47:51,2025-09-09 20:07:52,2025-09-06 09:37:36,Simplus official shop,448235616,Shopee Mall(Non-CB),13342015504,Simplus เตาอบไฟฟ้า 30 ลิตร เตาอบไฟฟ้ามัลติฟังก์ชั่นอัจฉริยะ อบอัตโนมัติ เตาอบควบคุมอุณหภูมิอิสระ DKXH006,230835045340,Normal Product,,เครื่องใช้ไฟฟ้าภายในบ้าน,เครื่องใช้ไฟฟ้าในครัว,เตาอบ,740,1,คอมมิชชั่นจาก Shopee,,569,,1.50%,8.535,0.00%,0,8.535,10.075,0,10.075,,0,0.00%,0,100.00%,10.075,สำเร็จ,,คำสั่งซื้อจากร้านค้าต่างกัน,ที่มีอยู่,2599adboostco,paris,mng,m01jjshop0803,,Facebook
250906R1ASY91M,สำเร็จ,210826070249023,2025-09-06 09:47:51,2025-09-09 20:07:52,2025-09-06 09:37:36,Simplus official shop,448235616,Shopee Mall(Non-CB),20293956909,Simplus Mini เครื่องหนีบผม ขนาดเล็ก พกพาสะดวก ใช้งานได้ 2 แบบ ZFBA007fz,184638275539,Normal Product,,ผลิตภัณฑ์บำรุงและเสริมความงาม,เครื่องมือแต่งหน้า,เครื่องทำผม,112,1,คอมมิชชั่นจาก Shopee,,88,,1.75%,1.54,0.00%,0,1.54,0,0,0,,0,0.00%,0,100.00%,0,สำเร็จ,,คำสั่งซื้อจากร้านค้าต่างกัน,ที่มีอยู่,2599adboostco,paris,mng,m01jjshop0803,,Facebook
2757126687192296913,สำเร็จ,2757126687192296913,2025-09-06 09:44:47,2025-09-08 10:00:19,2025-09-06 07:30:08,Digital_byshopeeofficial,175825579,Shopee Mall(Non-CB),100010,AIS 100,0,Digital Product,,เครือข่าย,เติมเงินมือถือ,Mobile Topup,100,1,คอมมิชชั่นจาก Shopee,,100,,1.00%,1,0.00%,0,1,1,0,1,,0,0.00%,0,100.00%,1,สำเร็จ,,คำสั่งซื้อจากร้านค้าต่างกัน,ที่มีอยู่,2599adboostco,paris,mng,m01KFdika0520,,Facebook
250906R0WXY611,สำเร็จ,210825639276192,2025-09-06 09:40:40,2025-09-08 10:05:52,2025-09-06 09:17:29,PacKingDD,482789,C2C(Non-CB),18977503876,(1 ม้วน) พลาสติกพันเค้ก มีลาย กว้าง 8 cm ยาว 65 เมตร 1 kg #P917 เทปพันเค้กแบบหนาแข็ง พลาสติกห่อเค้ก พลาสติกแผ่น,240170147204,Normal Product,,เครื่องใช้ในบ้าน,เครื่องครัว,พลาสติกห่ออาหาร,158,4,คอมมิชชั่นจาก Shopee,,632,,1.50%,9.48,0.00%,0,9.48,9.48,0,9.48,,0,0.00%,0,100.00%,9.48,สำเร็จ,,คำสั่งซื้อจากร้านค้าต่างกัน,ที่มีอยู่,2599adboostco,paris,mng,m01Tik0803,,Facebook
250906R0R9RB3M,รอดำเนินการ,210825587213956,2025-09-06 09:37:29,,2025-09-06 09:26:34,PROFILM,237954961,Preferred(Non-CB),20478849540,สเปรย์เคลือบเงา พรีเมี่ยม เคลือบพลาสติก เคลือบสีรถ เคลือบยางดำ เคลือบเบาะคอนโซล PROWAX PREMIUMWAX,127554691922,Normal Product,,รถยนต์ อะไหล่และอุปกรณ์เสริมรถยนต์,ผลิตภัณฑ์ดูแลรถยนต์,ผลิตภัณฑ์ล้างและเคลือบเงารถยนต์,219,1,คอมมิชชั่นจากร้านค้า,,109,,14.00%,15.26,20.00%,21.8,37.06,15.26,21.8,37.06,,0,0.00%,0,100.00%,37.06,รอดำเนินการ,สถานะของสินค้านี้คือ อยู่ระหว่างดำเนินการ คอมมิชชั่นจะถูกคำนวณเพื่อจ่ายหลังสถานะเป็นสำเร็จแล้วเท่านั้น,สั่งซื้อในร้านค้าเดียวกัน,ใหม่,2599adboostco,paris,mng,m56Prowa0905,,Facebook
250906R0KG6NU0,สำเร็จ,210825288251052,2025-09-06 09:34:49,2025-09-07 12:59:57,2025-09-06 09:20:02,Serene Choice,1124323273,Preferred(Non-CB),41061851487,Serene's Choice เสื้อคอกลมแขนยาว รุ่น Clara กระดุมหน้า ปักโลโก้แบรนด์ Serene,260993568757,Normal Product,,เสื้อผ้าผู้หญิง,เสื้อ,เสื้อยืด,195,1,คอมมิชชั่นจากร้านค้า,,165,,1.50%,2.475,7.00%,0,2.475,4.755,0,4.755,,0,0.00%,0,100.00%,4.755,สำเร็จ,,คำสั่งซื้อจากร้านค้าต่างกัน,ที่มีอยู่,2599adboostco,paris,mng,m06WRw0904,,Facebook
250906R0KG6NU0,สำเร็จ,210825288251052,2025-09-06 09:34:49,2025-09-07 12:59:57,2025-09-06 09:20:02,Serene Choice,1124323273,Preferred(Non-CB),43207293089,Serene's Choice เสื้อแขนยาวคอปาด ปักลายเซ็น Serene สไตล์มินิมอล ผ้านุ่ม,295618000800,Normal Product,,เสื้อผ้าผู้หญิง,เสื้อ,เสื้อยืด,179,1,คอมมิชชั่นจากร้านค้า,,152,,1.50%,2.28,7.00%,0,2.28,0,0,0,,0,0.00%,0,100.00%,0,สำเร็จ,,คำสั่งซื้อจากร้านค้าต่างกัน,ที่มีอยู่,2599adboostco,paris,mng,m06WRw0904,,Facebook
250906R09JN0KW,สำเร็จ,210824955279771,2025-09-06 09:29:16,2025-09-07 15:07:37,2025-09-06 08:36:19,9STORE BY CATZA MEOW Official,289705092,C2C(Non-CB),14283000817,MEOW ทรายแมวเต้าหู้ 10 ลิตร / ทรายแมวมันเต้า MEOW ออแกนิก 100% ทิ้งชักโครกได้,245008957090,Normal Product,,สัตว์เลี้ยง,ห้องน้ำและทราย,ทรายแมวและกระบะทรายแมว,169,1,คอมมิชชั่นจากร้านค้า,,136,,1.75%,2.38,8.00%,10.88,13.26,4.7425,21.68,26.4225,,0,0.00%,0,100.00%,26.4225,สำเร็จ,,สั่งซื้อในร้านค้าเดียวกัน,ที่มีอยู่,2599adboostco,paris,mng,m01kaofangMeow0303,,Facebook
250906R09JN0KW,สำเร็จ,210824955279771,2025-09-06 09:29:16,2025-09-07 15:07:37,2025-09-06 08:36:19,9STORE BY CATZA MEOW Official,289705092,C2C(Non-CB),14283000817,MEOW ทรายแมวเต้าหู้ 10 ลิตร / ทรายแมวมันเต้า MEOW ออแกนิก 100% ทิ้งชักโครกได้,245008957093,Normal Product,,สัตว์เลี้ยง,ห้องน้ำและทราย,ทรายแมวและกระบะทรายแมว,169,1,คอมมิชชั่นจากร้านค้า,,135,,1.75%,2.3625,8.00%,10.8,13.1625,0,0,0,,0,0.00%,0,100.00%,0,สำเร็จ,,สั่งซื้อในร้านค้าเดียวกัน,ที่มีอยู่,2599adboostco,paris,mng,m01kaofangMeow0303,,Facebook
250906R09JN0KV,สำเร็จ,210824955279771,2025-09-06 09:29:16,2025-09-07 07:43:36,2025-09-06 08:36:19,SJgadget,7323023,Preferred(Non-CB),1645597662,🚩แสงแรงมาก🚩 Super Blue Laser แท่งยาว (5W) สีทอง 🔥🔥 เลเซอร์แรงสูง เลเซอร์จุดไฟได้ เลเซอร์ชี้เป้า Blue Laser,22943589227,Normal Product,,เครื่องใช้ในบ้าน,เครื่องมือและอุปกรณ์ปรับปรุงบ้าน,เครื่องมือช่าง,1989,1,คอมมิชชั่นจาก Shopee,,1590,,1.50%,23.85,0.00%,0,23.85,23.85,0,23.85,,0,0.00%,0,100.00%,23.85,สำเร็จ,,คำสั่งซื้อจากร้านค้าต่างกัน,ที่มีอยู่,2599adboostco,paris,mng,m01kaofangMeow0303,,Facebook
250906R03UH671,สำเร็จ,210824763253338,2025-09-06 09:26:03,2025-09-09 22:23:29,2025-09-03 00:21:48,ARPMOTORPART,159561914,Preferred(Non-CB),2470448395,"กระจก มองหลัง SCOOPY-I ปี 2009, 2012 สีดำ NHA35M # ราคาต่อคู่ # 1010-079-10ZBL",215763272626,Normal Product,,รถมอเตอร์ไซค์ อะไหล่และอุปกรณ์เสริมมอเตอร์ไซค์,อุปกรณ์ตกแต่งมอเตอร์ไซค์,กระจกข้างและอุปกรณ์เสริม,138,1,คอมมิชชั่นจากร้านค้า,,117,,1.75%,2.0475,4.00%,0,2.0475,2.0475,0,2.0475,,0,0.00%,0,100.00%,2.0475,สำเร็จ,,คำสั่งซื้อจากร้านค้าต่างกัน,ที่มีอยู่,31797128,tunis,mng,m39herbalspray0114,,Websites
250906QYGMDD02,สำเร็จ,210824118263812,2025-09-06 09:15:19,2025-09-11 02:30:04,2025-09-06 08:47:31,PET Star1,1292554813,C2C(Non-CB),29186180674,ทรายแมวเต้าหู้ 6 ลิตร.ทรายเต้าหู้ ผลิตจากกากถั่วเหลืองธรรมชาติทราย ละบายกลิ่นได้ดี มีให้เลือก7กลิ่น,206070720500,Normal Product,,สัตว์เลี้ยง,ห้องน้ำและทราย,ทรายแมวและกระบะทรายแมว,48,1,คอมมิชชั่นจากร้านค้า,,43,,1.75%,0.7525,10.00%,0,0.7525,0.7525,0,0.7525,,0,0.00%,0,100.00%,0.7525,สำเร็จ,,คำสั่งซื้อจากร้านค้าต่างกัน,ที่มีอยู่,2599adboostco,paris,mng,m01kaofangMeow0303,,Facebook
250906QXU1YRYW,รอดำเนินการ,210823394291979,2025-09-06 09:03:14,,2025-09-06 07:33:19,SEATECH ELECTRONIC,53270148,C2C(Non-CB),28153217978,ถ่านชาร์จแท้ Li-ion  18650 3.7V 1500mA,265666627558,Normal Product,,เครื่องใช้ไฟฟ้าภายในบ้าน,แบตเตอรี่,,21,4,คอมมิชชั่นจากร้านค้า,,84,,1.50%,1.26,7.00%,0,1.26,1.26,0,1.26,,0,0.00%,0,100.00%,1.26,รอดำเนินการ,สถานะของสินค้านี้คือ อยู่ระหว่างดำเนินการ คอมมิชชั่นจะถูกคำนวณเพื่อจ่ายหลังสถานะเป็นสำเร็จแล้วเท่านั้น,คำสั่งซื้อจากร้านค้าต่างกัน,ที่มีอยู่,2599adboostco,paris,mng,m01YPf0821,,Facebook
250906QXT59SJ4,สำเร็จ,210823364211268,2025-09-06 09:02:44,2025-09-10 22:20:58,2025-09-06 08:57:02,YIWUSHOP,314281673,Preferred(Non-CB),26607957625,ปลีก/ส่ง คราดเก็บหญ้า อุปกรณ์ทำสวน คราดเหล็ก หัวคู่จอบขุดดิน 4-6 ฟัน ขุดหญ้า ขุดดิน,187807386115,Normal Product,,เครื่องใช้ในบ้าน,สวน,อุปกรณ์จัดสวน,58,1,คอมมิชชั่นจากร้านค้า,,58,,1.50%,0.87,9.00%,0,0.87,0.87,0,0.87,,0,0.00%,0,100.00%,0.87,สำเร็จ,,คำสั่งซื้อจากร้านค้าต่างกัน,ที่มีอยู่,2599adboostco,paris,mng,m01CardiPT0904,,Facebook
250906QX1HMMFA,รอดำเนินการ,210822538298133,2025-09-06 08:48:58,,2025-09-06 04:07:11,Sipiao facial tissue,1294996630,Shopee Mall(CB),26820536186,5 แพ็ค4ply กระดาษทิชชู่หนานุ่ม Sipiao (1389-5) ห่อละ 1000 ชิ้น TH ขนาด 170 * 130 มม. กระดาษชําระ,233581152848,Normal Product,,เครื่องใช้ในบ้าน,อุปกรณ์ซักรีดและผลิตภัณฑ์ดูแลบ้าน,กระดาษชำระ,132,1,ดีลพิเศษเฉพาะคุณ,,95,,1.50%,1.425,10.01%,0,1.425,1.425,0,1.425,,0,0.00%,0,100.00%,1.425,รอดำเนินการ,สถานะของสินค้านี้คือ อยู่ระหว่างดำเนินการ คอมมิชชั่นจะถูกคำนวณเพื่อจ่ายหลังสถานะเป็นสำเร็จแล้วเท่านั้น,คำสั่งซื้อจากร้านค้าต่างกัน,ที่มีอยู่,2599adboostco,paris,mng,m01kaofangMeow0303,,Facebook
250906QWV8RQJ0,สำเร็จ,210822361214281,2025-09-06 08:46:01,2025-09-08 11:34:46,2025-09-06 07:05:20,The Rich 99,275309578,Preferred(Non-CB),18959937657,(ยกโหล 12 ซอง) Smartheart Goat Milk  - น้ำนมแพะสด สเตอริไลส์ 100% แบบซอง 70ml. EXP 2026,220187883480,Normal Product,,สัตว์เลี้ยง,อาหารสัตว์,อาหารสุนัข,245,1,คอมมิชชั่นจาก Shopee,,215,,1.75%,3.7625,0.00%,0,3.7625,3.7625,0,3.7625,,0,0.00%,0,100.00%,3.7625,สำเร็จ,,คำสั่งซื้อจากร้านค้าต่างกัน,ที่มีอยู่,2599adboostco,paris,mng,m01PetKit0520,,Facebook
250906QVQ1NHM2,สำเร็จ,210821112261625,2025-09-06 08:25:12,2025-09-10 12:24:03,2025-08-30 19:26:16,YANGXING,1500096624,C2C(Non-CB),27380517983,[พร้อมส่งจากกรุงเทพ] เสื้อยืดแขนสั้น เอวจั้ม เสื้อเอวจั้ม เสื้อยืดผู้หญิง ลายสกรีน เสื้อยืดได้เยอะมาก ผ้าไม่หนา ใส่สบาย,257963571564,Normal Product,,เสื้อผ้าผู้หญิง,เสื้อ,เสื้อยืด,46,1,คอมมิชชั่นจากร้านค้า,,46,,1.50%,0.69,9.00%,0,0.69,1.38,0,1.38,,0,0.00%,0,100.00%,1.38,สำเร็จ,,คำสั่งซื้อจากร้านค้าต่างกัน,ที่มีอยู่,34833275,tunis,mng,m39caprun0117,,Websites
250906QVQ1NHM2,สำเร็จ,210821112261625,2025-09-06 08:25:12,2025-09-10 12:24:03,2025-08-30 19:26:16,YANGXING,1500096624,C2C(Non-CB),27380517983,[พร้อมส่งจากกรุงเทพ] เสื้อยืดแขนสั้น เอวจั้ม เสื้อเอวจั้ม เสื้อยืดผู้หญิง ลายสกรีน เสื้อยืดได้เยอะมาก ผ้าไม่หนา ใส่สบาย,257963571588,Normal Product,,เสื้อผ้าผู้หญิง,เสื้อ,เสื้อยืด,46,1,คอมมิชชั่นจากร้านค้า,,46,,1.50%,0.69,9.00%,0,0.69,0,0,0,,0,0.00%,0,100.00%,0,สำเร็จ,,คำสั่งซื้อจากร้านค้าต่างกัน,ที่มีอยู่,34833275,tunis,mng,m39caprun0117,,Websites
250906QVHXK5YA,รอดำเนินการ,210820941269322,2025-09-06 08:22:22,,2025-09-06 06:10:53,TIL Official,690552099,Shopee Mall(Non-CB),17221312767,TIL แอร์เคลื่อนที่ Portable Air Conditioner ขนาด 7000BTU รุ่น B3PAC07 (รับประกันคอมเพรสเซอร์ 3 ปี),170820795550,Normal Product,,เครื่องใช้ไฟฟ้าภายในบ้าน,เครื่องใช้ไฟฟ้าขนาดใหญ่,อุปกรณ์ทำความเย็น,4790,1,คอมมิชชั่นจากร้านค้า,,3527,,1.50%,52.905,3.00%,0,52.905,52.905,0,52.905,,0,0.00%,0,100.00%,52.905,รอดำเนินการ,สถานะของสินค้านี้คือ อยู่ระหว่างดำเนินการ คอมมิชชั่นจะถูกคำนวณเพื่อจ่ายหลังสถานะเป็นสำเร็จแล้วเท่านั้น,คำสั่งซื้อจากร้านค้าต่างกัน,ที่มีอยู่,31690467,tunis,mng,m39TCLportable0708,,Websites
250906QUNSC1TY,รอดำเนินการ,210819996264681,2025-09-06 08:06:36,,2025-09-06 07:59:37,MEOW Official Shop,111137862,Shopee Mall(Non-CB),18006063397,MEOW  ทรายแมวเต้าหู้ 10ลิตร/ ทรายแมวมันเต้า MEOW 10ลิตร  ผลิตจากพืช ทิ้งชักโครกได้,59370506499,Normal Product,,สัตว์เลี้ยง,ห้องน้ำและทราย,ทรายแมวและกระบะทรายแมว,169,1,คอมมิชชั่นจากร้านค้า,,152,,1.75%,2.66,8.00%,0,2.66,2.66,0,2.66,,0,0.00%,0,100.00%,2.66,รอดำเนินการ,สถานะของสินค้านี้คือ อยู่ระหว่างดำเนินการ คอมมิชชั่นจะถูกคำนวณเพื่อจ่ายหลังสถานะเป็นสำเร็จแล้วเท่านั้น,คำสั่งซื้อจากร้านค้าต่างกัน,ที่มีอยู่,2599adboostco,paris,mng,m01kaofangMeow0303,,Facebook
250906QU5Q9SSG,สำเร็จ,210819457226979,2025-09-06 07:57:38,2025-09-08 16:29:00,2025-09-06 07:43:30,UPick1,119241309,Shopee Mall(Non-CB),3160559553,UPick1 ชุดไฟไลฟ์สด LED Ring Light 26-30cm พร้อมขาตั้ง2.1m(A)+ที่จับมือถือ สำหรับเพิ่มความสว่าง,59349712244,Normal Product,,มือถือและอุปกรณ์เสริม,อุปกรณ์เสริม,แฟลชมือถือ,459,1,คอมมิชชั่นจากร้านค้า,,331,,1.50%,4.965,10.00%,0,4.965,13.32,0,13.32,,0,0.00%,0,100.00%,13.32,สำเร็จ,,คำสั่งซื้อจากร้านค้าต่างกัน,ที่มีอยู่,2599adboostco,paris,mng,m01kaofangMeow0303,,Facebook
250906QU5Q9SSG,สำเร็จ,210819457226979,2025-09-06 07:57:38,2025-09-08 16:29:00,2025-09-06 07:43:30,UPick1,119241309,Shopee Mall(Non-CB),22107602481,UPick1 ไมโครโฟนไร้สาย K9-K10 Wireless Microphone หนีบปกเสื้อ 【Type-C / iP 】ใช้งานง่ายไม่ต้องตั้งค่า รองรับหลายอุปกรณ์,230354462790,Normal Product,,เครื่องเสียง,ไมโครโฟน,,385,1,คอมมิชชั่นจากร้านค้า,,279,,1.50%,4.185,8.50%,0,4.185,0,0,0,,0,0.00%,0,100.00%,0,สำเร็จ,,คำสั่งซื้อจากร้านค้าต่างกัน,ที่มีอยู่,2599adboostco,paris,mng,m01kaofangMeow0303,,Facebook
250906QU5Q9SSG,สำเร็จ,210819457226979,2025-09-06 07:57:38,2025-09-08 16:29:00,2025-09-06 07:43:30,UPick1,119241309,Shopee Mall(Non-CB),22107602481,UPick1 ไมโครโฟนไร้สาย K9-K10 Wireless Microphone หนีบปกเสื้อ 【Type-C / iP 】ใช้งานง่ายไม่ต้องตั้งค่า รองรับหลายอุปกรณ์,230354462791,Normal Product,,เครื่องเสียง,ไมโครโฟน,,385,1,คอมมิชชั่นจากร้านค้า,,278,,1.50%,4.17,8.50%,0,4.17,0,0,0,,0,0.00%,0,100.00%,0,สำเร็จ,,คำสั่งซื้อจากร้านค้าต่างกัน,ที่มีอยู่,2599adboostco,paris,mng,m01kaofangMeow0303,,Facebook
250906QTB8GCNC,รอดำเนินการ,210818569297120,2025-09-06 07:42:49,,2025-09-06 07:40:34,Super cool_shop,1144590236,C2C(Non-CB),28120127948,หมวกกันน็อค หมวกกันน๊อก รถจักรยานยนต์ กันลม กันน้ำ แข็งแรงใส่สบายหมวกกันน็อคเต็ม ทนต่อการใช้งาน หมวกกันน็อคเต็มใบ,208047752856,Normal Product,,รถมอเตอร์ไซค์ อะไหล่และอุปกรณ์เสริมมอเตอร์ไซค์,หมวกกันน็อคและอุปกรณ์สวมใส่สำหรับขับขี่,,100,1,คอมมิชชั่นจากร้านค้า,,96,,1.75%,1.68,13.00%,12.48,14.16,1.68,12.48,14.16,,0,0.00%,0,100.00%,14.16,รอดำเนินการ,สถานะของสินค้านี้คือ อยู่ระหว่างดำเนินการ คอมมิชชั่นจะถูกคำนวณเพื่อจ่ายหลังสถานะเป็นสำเร็จแล้วเท่านั้น,สั่งซื้อในร้านค้าเดียวกัน,ที่มีอยู่,2599adboostco,paris,mng,m01BMavk0821,,Facebook
250906QSJMPS3J,สำเร็จ,210817743226675,2025-09-06 07:29:03,2025-09-08 13:41:17,2025-09-06 07:03:38,Blooming care,88991477,Preferred(Non-CB),20788907840,GIANT น้ำยาเคลือบเงาภายให้ห้องโดยสาร ทาเบาะ คอนโซลรถยนต์ ✨ กลิ่นหอม  🔥🔥🔥 ส่งเร็ว  ด่วน กทม. ขนาด 1 ลิตร,184307034408,Normal Product,,รถยนต์ อะไหล่และอุปกรณ์เสริมรถยนต์,ผลิตภัณฑ์ดูแลรถยนต์,ผลิตภัณฑ์ดูแลภายในรถยนต์,169,1,คอมมิชชั่นจากร้านค้า,,169,,1.75%,2.9575,10.00%,0,2.9575,2.9575,0,2.9575,,0,0.00%,0,100.00%,2.9575,สำเร็จ,,คำสั่งซื้อจากร้านค้าต่างกัน,ที่มีอยู่,2599adboostco,paris,mng,m56ProwaVDO0905,,Facebook
250906QQJVTJYN,สำเร็จ,210815604250360,2025-09-06 06:53:24,2025-09-10 22:50:19,2025-09-06 06:40:33,PROFILM,237954961,Preferred(Non-CB),20478849540,สเปรย์เคลือบเงา พรีเมี่ยม เคลือบพลาสติก เคลือบสีรถ เคลือบยางดำ เคลือบเบาะคอนโซล PROWAX PREMIUMWAX,127554691921,Normal Product,,รถยนต์ อะไหล่และอุปกรณ์เสริมรถยนต์,ผลิตภัณฑ์ดูแลรถยนต์,ผลิตภัณฑ์ล้างและเคลือบเงารถยนต์,116,1,คอมมิชชั่นจากร้านค้า,,104,,1.75%,1.82,20.00%,20.8,22.62,1.82,20.8,22.62,,0,0.00%,0,100.00%,22.62,สำเร็จ,,สั่งซื้อในร้านค้าเดียวกัน,ที่มีอยู่,2599adboostco,paris,mng,m56ProwaVDO0905,,Facebook
250906QQFUGMUW,สำเร็จ,210815502219062,2025-09-06 06:51:42,2025-09-11 18:37:06,2025-09-06 06:50:19,ปักด้ายปักดี,76640216,Preferred(Non-CB),3443419812,ด้ายเย็บผ้า ชุดละ 50 สี,117623464666,Normal Product,,งานอดิเรกและของสะสม,งานปัก,,99,1,คอมมิชชั่นจาก Shopee,,99,,1.50%,1.485,0.00%,0,1.485,1.485,0,1.485,,0,0.00%,0,100.00%,1.485,สำเร็จ,,คำสั่งซื้อจากร้านค้าต่างกัน,ที่มีอยู่,241225adboostco,paris,mng,m06Nasa1228,m06Nasa1228photo,Others
250906QQ5R72AS,รอดำเนินการ,210815163219080,2025-09-06 06:46:02,,2025-09-06 06:42:29,CWR888.th,1423285519,Preferred(CB),43206179997,รองเท้ากีฬาสำหรับกลางแจ้ง ใช้ได้ทั้งผู้ชายและผู้หญิง มาราธอน R7UW,29613567953,Normal Product,362967971873307_0_0,กีฬาและกิจกรรมกลางแจ้ง,รองเท้ากีฬา,รองเท้าวิ่ง,672,1,คอมมิชชั่นจากร้านค้า,,537,,1.75%,9.3975,7.00%,0,9.3975,9.3975,0,9.3975,,0,0.00%,0,100.00%,9.3975,รอดำเนินการ,สถานะของสินค้านี้คือ อยู่ระหว่างดำเนินการ คอมมิชชั่นจะถูกคำนวณเพื่อจ่ายหลังสถานะเป็นสำเร็จแล้วเท่านั้น,คำสั่งซื้อจากร้านค้าต่างกัน,ที่มีอยู่,2599adboostco,paris,mng,m56xep0905,,Facebook
250906QQ5R72AS,รอดำเนินการ,210815163219080,2025-09-06 06:46:02,,2025-09-06 06:42:29,CWR888.th,1423285519,Preferred(CB),42450242669,ผู้ชายกีฬาถุงเท้าสบายถุงเท้า,234227840339,Normal Product,362967971873307_0_0,เสื้อผ้าผู้ชาย,ถุงเท้า,,0,1,คอมมิชชั่นจากร้านค้า,,0,,1.75%,0,7.00%,0,0,0,0,0,,0,0.00%,0,100.00%,0,รอดำเนินการ,สถานะของสินค้านี้คือ อยู่ระหว่างดำเนินการ คอมมิชชั่นจะถูกคำนวณเพื่อจ่ายหลังสถานะเป็นสำเร็จแล้วเท่านั้น,คำสั่งซื้อจากร้านค้าต่างกัน,ที่มีอยู่,2599adboostco,paris,mng,m56xep0905,,Facebook
250906QQ3W43UR,สำเร็จ,210815101252960,2025-09-06 06:45:02,2025-09-10 22:30:30,2025-09-06 06:44:30,ผ้าคลุมรถยนต์และอุปกรณ์รถยนต์,212919618,Preferred(Non-CB),13415789718,"ผ้าคลุมรถ กะบะ รถเก๋ง ทุกรุ่น ไซต์ S,M,L,XXL วัสดุ HI-PVC กันน้ำ กันแดด อย่างดีหนาพิเศษ",112664950569,Normal Product,,รถยนต์ อะไหล่และอุปกรณ์เสริมรถยนต์,อุปกรณ์เสริมภายนอกรถยนต์,ผ้าคลุมรถยนต์,295,1,คอมมิชชั่นจากร้านค้า,,295,,1.75%,5.1625,10.00%,29.5,34.6625,5.1625,29.5,34.6625,,0,0.00%,0,100.00%,34.6625,สำเร็จ,,สั่งซื้อในร้านค้าเดียวกัน,ที่มีอยู่,2599adboostco,paris,mng,m01pvcVDO0904,,Facebook
250906QPHPCE95,รอดำเนินการ,210814510252211,2025-09-06 06:34:50,,2025-09-06 06:09:38,ROCKBROS Global Store,154427880,Shopee Mall(CB),28657440817,【TH Delivery】ROCKBROS ร็อคโบรส์ ขวดน้ําจักรยานแบบพกพาน้ําหนักเบาความจุขนาดใหญ่ที่มีสีสันขี่จักรยานขวดน้ําพลาสติก หน้า กีฬากลางแจ,251347402835,Normal Product,,เครื่องใช้ในบ้าน,เครื่องใช้บนโต๊ะอาหาร,ขวดน้ำ,82,1,คอมมิชชั่นจากร้านค้า,,73,,1.50%,1.095,7.00%,0,1.095,1.095,0,1.095,,0,0.00%,0,100.00%,1.095,รอดำเนินการ,สถานะของสินค้านี้คือ อยู่ระหว่างดำเนินการ คอมมิชชั่นจะถูกคำนวณเพื่อจ่ายหลังสถานะเป็นสำเร็จแล้วเท่านั้น,คำสั่งซื้อจากร้านค้าต่างกัน,ที่มีอยู่,2599adboostco,paris,mng,m56xep0905,,Facebook
250906QHFEK0JG,รอดำเนินการ,210809046216927,2025-09-06 05:04:06,,2025-09-06 04:57:32,365selected.th,1405566820,C2C(CB),25344809943,✨365selected✨แปรงสีฟัน3D แปรงสีฟันหัวใหญ่ขนนุ่ม ใหม่ 3ด้านแปรงสีฟัน แปรงสีฟันคุณภาพพรีเมี่ยมขนแปรงนุ่มพิเศษไม่ระคายเหงือก/ฟัน ซอ,198489873467,Normal Product,0_365907558220042_1,กลุ่มผลิตภัณฑ์เพื่อสุขภาพ,ของใช้ส่วนตัว,ผลิตภัณฑ์ดูแลช่องปาก,4,4,คอมมิชชั่นจาก Shopee,,15,,1.50%,0.225,0.00%,0,0.225,0.225,0,0.225,,0,0.00%,0,100.00%,0.225,รอดำเนินการ,สถานะของสินค้านี้คือ อยู่ระหว่างดำเนินการ คอมมิชชั่นจะถูกคำนวณเพื่อจ่ายหลังสถานะเป็นสำเร็จแล้วเท่านั้น,คำสั่งซื้อจากร้านค้าต่างกัน,ที่มีอยู่,2599adboostco,paris,mng,m06NOV0904,,Facebook
250906QF6KV9PP,สำเร็จ,210806602287459,2025-09-06 04:23:23,2025-09-08 05:48:52,2025-09-05 17:01:19,moneypaopao,55812698,Preferred(Non-CB),29911966162,"Lelany Gluta HYA 100,000mg. คอลลาเจนแพทณปภา คลอลาเจนหน้าใส 1 กระปุก",226798740833,Normal Product,,กลุ่มผลิตภัณฑ์เพื่อสุขภาพ,อาหารเสริม,อาหารเสริมเพื่อความงาม,88,1,คอมมิชชั่นจาก Shopee,,88,,1.50%,1.32,0.00%,0,1.32,1.32,0,1.32,,0,0.00%,0,100.00%,1.32,สำเร็จ,,คำสั่งซื้อจากร้านค้าต่างกัน,ที่มีอยู่,m19StampPost0130,wembley,mng,,,Websites
250906QCGQCU5B,ยกเลิก,210803720290472,2025-09-06 03:35:20,--,2025-09-06 03:29:31,CutePals,1234437672,Preferred(Non-CB),26984729452,🌟6L*4🌟💥ส่งไว💥 ทรายแมวผสมเบนโทไนต์และถั่วเหลืองกำจัดกลิ่นสุดแรง! ☆เททิ้งชักโคร☆,89171430193,Normal Product,,สัตว์เลี้ยง,ห้องน้ำและทราย,ทรายแมวและกระบะทรายแมว,156,0,คอมมิชชั่นจากร้านค้า,,0,151,1.75%,0,7.00%,0,0,0,0,0,,0,0.00%,0,100.00%,0,ยกเลิก,คำสั่งซื้อถูกยกเลิก เนื่องจากการจัดส่งไม่สำเร็จ.,คำสั่งซื้อจากร้านค้าต่างกัน,ที่มีอยู่,2599adboostco,paris,mng,m01kaofangMeow0303,,Facebook
250906Q93D8SCW,สำเร็จ,210800052242152,2025-09-06 02:34:12,2025-09-09 15:17:31,2025-09-06 02:26:07,F&N Dairies,623656300,Shopee Mall(Non-CB),16928579714,นมยูเอชที ไขมันต่ำสูตรผสมมอลต์สกัด และสารสกัดจากใบแปะก๊วย ตราแมกโนเลีย พลัส ไวท์มอลต์ 180 มล. - (48 กล่อง),97214871946,Normal Product,,แม่และเด็ก,นมผงและอาหารเด็ก,นมพร้อมดื่ม,491,1,คอมมิชชั่นจากร้านค้า,,441,,1.75%,7.7175,7.00%,0,7.7175,7.7175,0,7.7175,,0,0.00%,0,100.00%,7.7175,สำเร็จ,,คำสั่งซื้อจากร้านค้าต่างกัน,ที่มีอยู่,2599adboostco,paris,mng,m06WRw0904,,Facebook
250906Q8VRKF09,สำเร็จ,210799829244162,2025-09-06 02:30:30,2025-09-08 20:44:26,2025-09-06 02:26:37,Kuulnn Mall Store,833004091,Preferred(CB),26085020993,คุณได้รับ ของขวัญ 1 ชิ้น，สายซิลิโคนสำหรับมัดรวมสายชาร์จ,253299639180,Normal Product,360484876796104_0_0,มือถือและอุปกรณ์เสริม,อุปกรณ์เสริม,สายชาร์จและตัวแปลง,0,1,คอมมิชชั่นจาก Shopee,,0,,1.50%,0,0.00%,0,0,0.48,0,0.48,,0,0.00%,0,100.00%,0.48,สำเร็จ,,คำสั่งซื้อจากร้านค้าต่างกัน,ที่มีอยู่,2599adboostco,paris,mng,m01PetKit0520,,Facebook
250906Q8VRKF09,สำเร็จ,210799829244162,2025-09-06 02:30:30,2025-09-08 20:44:26,2025-09-06 02:26:37,Kuulnn Mall Store,833004091,Preferred(CB),27965488076,ชุดชาร์จเร็ว PD สายชาร์จ  หัวชาร์จ 35W fast charging (สำหรับ 5～14pro max / pad) การรับประกัน 1 ปี,237615204207,Normal Product,360484876796104_0_0,มือถือและอุปกรณ์เสริม,อุปกรณ์เสริม,สายชาร์จและตัวแปลง,33,1,คอมมิชชั่นจากร้านค้า,,32,,1.50%,0.48,10.00%,0,0.48,0,0,0,,0,0.00%,0,100.00%,0,สำเร็จ,,คำสั่งซื้อจากร้านค้าต่างกัน,ที่มีอยู่,2599adboostco,paris,mng,m01PetKit0520,,Facebook
250906Q8VRKF09,สำเร็จ,210799829244162,2025-09-06 02:30:30,2025-09-08 20:44:26,2025-09-06 02:26:37,Kuulnn Mall Store,833004091,Preferred(CB),29034946441,คุณได้รับ ของขวัญ 1 ชิ้น，สายซิลิโคนสำหรับมัดรวมสายชาร์จ,218471036385,Normal Product,360484876796104_0_0,มือถือและอุปกรณ์เสริม,อุปกรณ์เสริม,สายชาร์จและตัวแปลง,0,1,คอมมิชชั่นจาก Shopee,,0,,1.50%,0,0.00%,0,0,0,0,0,,0,0.00%,0,100.00%,0,สำเร็จ,,คำสั่งซื้อจากร้านค้าต่างกัน,ที่มีอยู่,2599adboostco,paris,mng,m01PetKit0520,,Facebook
250906Q55WBVAH,สำเร็จ,210795841263987,2025-09-06 01:24:01,2025-09-08 14:01:09,2025-09-06 00:50:14,StockPants,233994239,Preferred(Non-CB),29969402492,🆕SP10 กระโปรงกางเกงกระโปรงรอบตัว•หน้า+หลัง•มีกางเกงด้านในเนื้อผ้าเดียวกัน•รุ่นผ่าหน้าซีปหลังเอวสูงทรงสวย ✅ขายดีอันดับ1️⃣,168576910589,Normal Product,,เสื้อผ้าผู้หญิง,กางเกงขาสั้น,กระโปรงกางเกง,184,1,คอมมิชชั่นจากร้านค้า,,156,,1.50%,2.34,6.00%,0,2.34,2.34,0,2.34,,0,0.00%,0,100.00%,2.34,สำเร็จ,,คำสั่งซื้อจากร้านค้าต่างกัน,ที่มีอยู่,2599adboostco,paris,mng,m01jjshop0803,,Facebook
250906Q55WBVAG,สำเร็จ,210795841263986,2025-09-06 01:24:01,2025-09-08 14:01:51,2025-09-06 00:50:14,cherryshop6,373058058,Preferred(Non-CB),29179633196,Cherryshop พร้อมส่ง เสื้อยืดผู้หญิงทรงท่อลายจุดสไตล์อเมริกันย้อนยุคสำหรับฤดูร้อน ปิดไหล่ ดีไซน์เอวจีบ สาวร้อนแรง,108620730253,Normal Product,,เสื้อผ้าผู้หญิง,เสื้อ,เสื้อเกาะอก,86,1,คอมมิชชั่นจากร้านค้า,,86,,1.50%,1.29,7.00%,0,1.29,1.29,0,1.29,,0,0.00%,0,100.00%,1.29,สำเร็จ,,คำสั่งซื้อจากร้านค้าต่างกัน,ที่มีอยู่,2599adboostco,paris,mng,m01jjshop0803,,Facebook
